# WaveFront *.obj file (generated by CINEMA 4D)

mtllib ./Gas_LPG.mtl

v -6.4997091293335 47.23647308349609 -16.43413543701172
v -9.55722427368164 60.47114944458008 -14.35519313812256
v -9.65723609924316 57.27490234375 -14.31768989562988
v -12.16633033752441 60.47114944458008 -12.2181224822998
v -17.36748695373535 52.38130569458008 -2.5879225730896
v -3.30295515060425 57.85116195678711 -15.99336528778076
v -16.98896026611328 51.73046493530273 -4.49002456665039
v -17.36748695373535 48.58955764770508 -2.5879225730896
v -16.20073509216309 44.47581481933594 6.15104532241821
v -16.98896026611328 49.24040222167969 -4.49002456665039
v -3.42547559738159 44.47581481933594 -17.27284622192383
v 0.00000615136696 56.72270965576172 -17.61353302001953
v -12.48718643188477 50.82964324951172 -12.19238948822021
v -15.12101173400879 47.17681884765625 9.47554779052734
v -15.12101173400879 44.47581481933594 9.47554779052734
v -16.89679527282715 46.93983840942383 3.1778666973114
v -16.89679527282715 56.87865447998047 3.1778666973114
v -16.87201118469238 60.47114944458008 3.30426597595215
v -15.84313869476318 59.41632080078125 8.14542198181152
v -15.84313869476318 56.37796020507812 8.14542198181152
v -16.535888671875 60.20743942260742 6.27936792373657
v -15.54878520965576 62.49151992797852 7.99312353134155
v -16.22866439819336 64.07375335693359 6.16173887252808
v -14.30339908599854 60.47114944458008 -9.60901641845703
v -14.86518096923828 50.79276275634766 9.31435680389404
v -3.42547559738159 56.72270965576172 -17.27284622192383
v -17.67959594726562 44.44810485839844 -0.05155535787344
v -8.90037631988525 47.68075180053711 -15.36570262908936
v 0.00000615136696 56.48466110229492 -16.43506813049316
v -17.2430591583252 46.93983840942383 -3.3666365146637
v -16.14813423156738 50.66573333740234 6.60170125961304
v -12.17956638336182 47.20132064819336 -12.37447643280029
v -12.17956638336182 56.4935302734375 -12.37447643280029
v -16.56320953369141 47.25128936767578 6.33602142333984
v -16.56320953369141 56.22106552124023 6.33602046966553
v -12.43153381347656 47.20132064819336 -12.62940406799316
v -16.36054229736328 56.26325988769531 -6.70720386505127
v -17.57364463806152 46.91772842407227 -0.05631908029318
v -17.21728897094727 46.91772842407227 -0.05628935620189
v -12.74551773071289 50.82964324951172 -12.44354915618896
v -12.43153381347656 56.4935302734375 -12.62940406799316
v -16.36054229736328 47.25128936767578 -6.70720338821411
v -16.27617073059082 50.66573333740234 -7.13137340545654
v -6.97501277923584 56.72270965576172 -16.34429740905762
v -17.21728897094727 56.90076446533203 -0.05628934502602
v -17.57364463806152 56.90076446533203 -0.05631908029318
v -15.94553852081299 50.66573333740234 -6.98788213729858
v -16.22718811035156 47.25128936767578 6.20630025863647
v -16.22718811035156 56.22106552124023 6.20630025863647
v -15.84313869476318 47.17681884765625 8.14542198181152
v -17.33074569702148 44.44810485839844 -0.05201824381948
v -16.48287582397461 50.66573333740234 6.73988580703735
v -16.02858924865723 47.25128936767578 -6.57231044769287
v -16.02858924865723 56.26325988769531 -6.57231044769287
v -15.84313869476318 50.79276275634766 8.14542198181152
v -16.90109825134277 64.60117340087891 3.31005191802979
v -6.63239908218384 44.44810485839844 -16.06322479248047
v -16.535888671875 44.47581481933594 6.27936792373657
v 0.00000615136696 44.47581481933594 -17.25758361816406
v -17.23545455932617 64.60117340087891 -0.0517868027091
v -6.76547050476074 44.44810485839844 -16.38569831848145
v 0.00000615136696 44.47581481933594 -17.61353302001953
v -9.75494003295898 60.47114944458008 -14.65109729766846
v -3.35604667663574 44.47581481933594 -16.92380332946777
v 0.00000615136696 56.01456832885742 -17.44592475891113
v -17.22105407714844 44.47581481933594 3.37369465827942
v 0.00000615136696 56.96339797973633 -17.18600273132324
v 0.00000615136696 56.75762939453125 -16.72403526306152
v 0.00000615136696 57.85116195678711 -16.32186508178711
v -3.42547559738159 56.18514251708984 -17.27284622192383
v -3.3479061126709 56.34112548828125 -16.84033203125
v -3.33669781684875 59.67316818237305 -16.33935165405273
v -6.69853639602661 56.31512832641602 -16.17293739318848
v 0.00000615136696 56.34112548828125 -17.17330360412598
v -17.24666595458984 46.93983840942383 3.24493384361267
v -16.90109825134277 64.60117340087891 -3.41362547874451
v -5.83922576904297 59.25341415405273 -15.84156799316406
v -15.92348289489746 64.60117340087891 -6.64751195907593
v -14.32805919647217 64.60117340087891 -9.6254940032959
v -17.24666595458984 56.87865447998047 3.24493384361267
v -6.61205101013184 57.86416625976562 -15.36720943450928
v -5.78554439544678 59.22092056274414 -15.53161144256592
v -6.64046764373779 56.50740814208984 -15.4684944152832
v -16.86278533935547 50.48543167114258 -5.12405824661255
v -17.22105407714844 60.47114944458008 3.37369465827942
v -3.42547559738159 39.95495223999023 -17.27284622192383
v 0.00000615136696 39.95495223999023 -17.61353302001953
v -3.42547559738159 43.36198043823242 -17.27284622192383
v 0.00000615136696 43.36198043823242 -17.61353302001953
v 0.00000615136696 56.18514251708984 -17.61353302001953
v -14.86518096923828 43.36198043823242 9.31435680389404
v -6.2704005241394 39.95495223999023 -16.68175888061523
v -6.2704005241394 43.36198043823242 -16.68175888061523
v 0.00000615136696 59.67316818237305 -16.35362434387207
v -9.39266872406006 45.75295639038086 -14.93145847320557
v -6.1624002456665 43.36198043823242 -16.39078330993652
v -6.1624002456665 39.95495223999023 -16.39078330993652
v -9.23681926727295 45.74074935913086 -14.67700862884521
v -17.45351028442383 43.36198043823242 0.50755530595779
v -16.87201118469238 44.47581481933594 3.30426597595215
v -15.84313869476318 44.47581481933594 8.14542198181152
v 0.00000615136696 60.47114944458008 -17.25758361816406
v -15.12101173400879 50.79276275634766 9.47554779052734
v -15.12101173400879 56.11425399780273 9.47554779052734
v 0.00000615136696 64.60117340087891 -17.28724670410156
v -15.12101173400879 58.36149597167969 9.47554779052734
v -15.29485416412354 60.4041862487793 9.13955497741699
v -15.81637954711914 62.49151992797852 8.13157653808594
v -14.59930324554443 47.17681884765625 -9.80673313140869
v -14.59930324554443 50.79276275634766 -9.80673313140869
v -16.50795936584473 64.07375335693359 6.26867437362671
v -17.19196510314941 64.60117340087891 3.36790895462036
v -17.53207588195801 64.60117340087891 -0.0517868027091
v -17.19196701049805 64.60117340087891 -3.47148251533508
v -16.1975269317627 64.60117340087891 -6.7610239982605
v -14.57464599609375 64.60117340087891 -9.79025650024414
v -12.39704895019531 64.60117340087891 -12.4488410949707
v -9.73846435546875 64.60117340087891 -14.62643718719482
v -6.70923137664795 64.60117340087891 -16.24932098388672
v -3.41968989372253 64.60117340087891 -17.24376106262207
v 0.00000615136696 64.60117340087891 -17.58386993408203
v -6.72571897506714 56.00781631469727 -15.97055435180664
v -8.74979114532471 55.74875640869141 -15.10660743713379
v -10.26938056945801 54.44407272338867 -14.22342967987061
v -10.77591037750244 51.71475219726562 -13.92903614044189
v -10.26938056945801 48.98543548583984 -14.22342967987061
v -8.74979114532471 47.68075180053711 -15.10660743713379
v -6.38974094390869 47.23647308349609 -16.1569652557373
v -3.3618323802948 47.08838272094727 -16.95289039611816
v 0.00000615136696 47.08838272094727 -17.28724670410156
v 0.00000615136696 60.47114944458008 -17.61353302001953
v -17.09991836547852 48.58955764770508 2.29728293418884
v 0.00000615136696 47.08838272094727 -17.58386993408203
v -17.32771682739258 48.41268157958984 -0.087826192379
v -16.74750137329102 49.24040222167969 4.05908489227295
v -16.63002777099609 50.48543167114258 4.64635229110718
v -16.74750137329102 51.73046493530273 4.05908489227295
v -17.09991836547852 52.38130569458008 2.29728293418884
v -17.32771682739258 52.55818176269531 -0.087826192379
v -17.07132720947266 52.38130569458008 -2.54501414299011
v -16.69746398925781 51.73046493530273 -4.41493463516235
v -16.57284164428711 50.48543167114258 -5.03824138641357
v -16.69746398925781 49.24040222167969 -4.41493463516235
v -17.07132720947266 48.58955764770508 -2.54501414299011
v 0.00000615136696 59.67316818237305 -16.67120552062988
v -15.52202415466309 43.36198043823242 7.97927808761597
v -16.20073509216309 43.36198043823242 6.15104532241821
v 0.00000615136696 39.95495223999023 -17.25758361816406
v -3.35604667663574 39.95495223999023 -16.92380523681641
v -17.22105407714844 43.36198043823242 3.37369465827942
v -16.535888671875 43.36198043823242 6.27936792373657
v -16.87201118469238 39.95495223999023 3.30426621437073
v -16.20073509216309 39.95495223999023 6.15104532241821
v -15.52202415466309 39.95495223999023 7.97927808761597
v -14.86518096923828 39.95495223999023 9.31435680389404
v -15.12101173400879 39.95495223999023 9.47554779052734
v -15.84313869476318 39.95495223999023 8.14542198181152
v -16.535888671875 39.95495223999023 6.27936792373657
v -17.22105407714844 39.95495223999023 3.37369465827942
v -9.85702133178711 57.27490234375 -14.61281776428223
v -17.76366424560547 39.95495223999023 0.51912677288055
v 0.00000615136696 43.36198043823242 -17.25758361816406
v -17.76366424560547 43.36198043823242 0.51912677288055
v -3.35604667663574 43.36198043823242 -16.92380332946777
v -16.87201118469238 43.36198043823242 3.30426597595215
v -15.84313869476318 43.36198043823242 8.14542198181152
v -15.12101173400879 43.36198043823242 9.47554779052734
v -3.3479061126709 56.34112548828125 -16.6524829864502
v -17.8721866607666 43.36198043823242 -0.05178679525852
v -17.70213317871094 44.13962173461914 -0.90671080350876
v -17.19196510314941 44.39883422851562 -3.47148299217224
v -16.1975269317627 44.39883422851562 -6.7610239982605
v -14.57464599609375 44.39883422851562 -9.79025650024414
v -12.39704895019531 44.39883422851562 -12.4488410949707
v -9.73846435546875 44.39883422851562 -14.62643718719482
v -7.56415510177612 44.13962173461914 -16.07926368713379
v -17.8721866607666 39.95495223999023 -0.05178679525852
v -6.67340183258057 57.99414825439453 -15.67564010620117
v -6.83938598632812 43.36198043823242 -16.56353950500488
v -6.83938598632812 39.95495223999023 -16.56353950500488
v -6.72367095947266 43.36198043823242 -16.2841796875
v -7.43617868423462 44.13962173461914 -15.80809688568115
v -9.57370090484619 44.39883422851562 -14.37985134124756
v -12.18730449676514 44.39883422851562 -12.23909664154053
v -14.32805919647217 44.39883422851562 -9.6254940032959
v -8.90037536621094 55.74875640869141 -15.36570262908936
v -10.44611740112305 54.44407272338867 -14.46732521057129
v -15.92348289489746 44.39883422851562 -6.64751195907593
v -16.90109825134277 44.39883422851562 -3.41362547874451
v -17.40263175964355 44.13962173461914 -0.89224648475647
v -17.56981086730957 43.36198043823242 -0.05178679525852
v -10.96136379241943 51.71475219726562 -14.16786479949951
v -10.44611740112305 48.98543548583984 -14.46732521057129
v -17.56981086730957 39.95495223999023 -0.05178679525852
v -3.34920382499695 56.99949264526367 -16.8536376953125
v -17.22105407714844 60.47114944458008 -3.47726821899414
v -17.56173896789551 60.47114944458008 -0.0517868027091
v -17.2430591583252 56.87865447998047 -3.3666365146637
v -16.22492980957031 60.47114944458008 -6.77237558364868
v -6.83938598632812 56.19813919067383 -16.56353950500488
v -6.77704334259033 57.0854606628418 -16.06204986572266
v -6.79626893997192 56.03739929199219 -16.40986251831055
v -9.57370090484619 64.60117340087891 -14.37985134124756
v -6.59571886062622 64.60117340087891 -15.97527694702148
v -12.18730449676514 64.60117340087891 -12.23909664154053
v -3.33976554870605 58.00714492797852 -16.37080383300781
v 0.00000615136696 58.00714492797852 -16.70296478271484
v -3.34180045127869 56.75762939453125 -16.39167213439941
v -16.89322280883789 46.93983840942383 -3.29945015907288
v -15.52202415466309 47.17681884765625 7.97927808761597
v -15.52202415466309 44.47581481933594 7.97927808761597
v -6.69853639602661 56.31512832641602 -15.98508930206299
v -3.31827020645142 56.48466110229492 -16.10504341125488
v 0.00000615136696 56.34112548828125 -16.98545455932617
v -3.40276908874512 56.01454162597656 -17.10726928710938
v -6.72367095947266 39.95495223999023 -16.2841796875
v -3.30602240562439 59.67316818237305 -16.02481842041016
v -6.67968559265137 56.73488235473633 -15.70345020294189
v -17.45351028442383 39.95495223999023 0.50755536556244
v -15.52202415466309 59.41632080078125 7.97927808761597
v -16.20073509216309 60.20743942260742 6.15104532241821
v -15.52202415466309 56.37796020507812 7.97927808761597
v -3.35604667663574 60.47114944458008 -16.92380332946777
v -6.5843677520752 60.47114944458008 -15.94787120819092
v -3.3618323802948 64.60117340087891 -16.95289039611816
v -16.92043685913086 50.48543167114258 4.73057460784912
v -17.03940582275391 49.24040222167969 4.13277959823608
v -17.03940582275391 51.73046493530273 4.13277959823608
v -14.30339908599854 47.17681884765625 -9.60901641845703
v -14.30339908599854 50.79276275634766 -9.60901641845703
v -14.30339908599854 56.64166641235352 -9.60901641845703
v -14.86518096923828 47.17681884765625 9.31435680389404
v -14.86518096923828 44.47581481933594 9.31435680389404
v -14.59930324554443 60.47114944458008 -9.80673313140869
v -14.59930324554443 56.64166641235352 -9.80673313140869
v -12.41802310943604 60.47114944458008 -12.46981525421143
v -3.36421537399292 55.98181915283203 -16.63828659057617
v -16.89322280883789 56.87865447998047 -3.29945015907288
v 0.00000615136696 55.98181915283203 -16.97287940979004
v -16.87201118469238 60.47114944458008 -3.40783977508545
v -15.89607715606689 60.47114944458008 -6.63616132736206
v -17.20579147338867 60.47114944458008 -0.05178689211607
v -14.86518096923828 58.36149597167969 9.31435680389404
v -15.03608131408691 60.4041862487793 8.98404884338379
v -14.86518096923828 56.11425399780273 9.31435680389404
v -17.39631080627441 48.58955764770508 2.33939409255981
v -17.62704277038574 48.41268157958984 -0.08802548795938
v -17.39631080627441 52.38130569458008 2.33939409255981
v -17.62704277038574 52.55818176269531 -0.08802554011345
v -15.52202415466309 50.79276275634766 7.97927808761597
v -3.42547559738159 60.47114944458008 -17.27284622192383
v -6.72058248519897 60.47114944458008 -16.27672386169434
v -3.41968989372253 47.08838272094727 -17.24376106262207
v 6.49972152709961 47.23647308349609 -16.43413543701172
v 9.55723571777344 60.47114944458008 -14.35519313812256
v 9.65724849700928 57.27490234375 -14.31768989562988
v 12.16634273529053 60.47114944458008 -12.2181224822998
v 17.36749839782715 52.38130569458008 -2.5879225730896
v 3.30296754837036 57.85116195678711 -15.99336528778076
v 16.98897361755371 51.73046493530273 -4.49002456665039
v 17.36749839782715 48.58955764770508 -2.5879225730896
v 16.20074653625488 44.47581481933594 6.15104532241821
v 16.98897361755371 49.24040222167969 -4.49002456665039
v 3.42548775672913 44.47581481933594 -17.27284622192383
v 12.48719882965088 50.82964324951172 -12.19238948822021
v 15.1210241317749 47.17681884765625 9.47554779052734
v 15.1210241317749 44.47581481933594 9.47554779052734
v 16.89680671691895 46.93983840942383 3.1778666973114
v 16.89680671691895 56.87865447998047 3.1778666973114
v 16.87202453613281 60.47114944458008 3.30426597595215
v 15.8431510925293 59.41632080078125 8.14542198181152
v 15.8431510925293 56.37796020507812 8.14542198181152
v 16.53590202331543 60.20743942260742 6.27936792373657
v 15.54879760742188 62.49151992797852 7.99312353134155
v 16.22867774963379 64.07375335693359 6.16173887252808
v 14.30341148376465 60.47114944458008 -9.60901641845703
v 14.86519336700439 50.79276275634766 9.31435680389404
v 3.42548775672913 56.72270965576172 -17.27284622192383
v 17.67960739135742 44.44810485839844 -0.05155535787344
v 8.90038871765137 47.68075180053711 -15.36570262908936
v 17.24307250976562 46.93983840942383 -3.3666365146637
v 16.14814567565918 50.66573333740234 6.60170125961304
v 12.17957878112793 47.20132064819336 -12.37447643280029
v 12.17957878112793 56.4935302734375 -12.37447643280029
v 16.56322288513184 47.25128936767578 6.33602142333984
v 16.56322288513184 56.22106552124023 6.33602046966553
v 12.43154621124268 47.20132064819336 -12.62940406799316
v 16.36055374145508 56.26325988769531 -6.70720386505127
v 17.57365608215332 46.91772842407227 -0.05631908029318
v 17.21730041503906 46.91772842407227 -0.05628935620189
v 12.74552917480469 50.82964324951172 -12.44354915618896
v 12.43154621124268 56.4935302734375 -12.62940406799316
v 16.36055374145508 47.25128936767578 -6.70720338821411
v 16.27618217468262 50.66573333740234 -7.13137340545654
v 6.9750247001648 56.72270965576172 -16.34429740905762
v 17.21730041503906 56.90076446533203 -0.05628934502602
v 17.57365608215332 56.90076446533203 -0.05631908029318
v 15.94554996490479 50.66573333740234 -6.98788213729858
v 16.22719955444336 47.25128936767578 6.20630025863647
v 16.22719955444336 56.22106552124023 6.20630025863647
v 15.8431510925293 47.17681884765625 8.14542198181152
v 17.33075714111328 44.44810485839844 -0.05201824381948
v 16.48288917541504 50.66573333740234 6.73988580703735
v 16.02860069274902 47.25128936767578 -6.57231044769287
v 16.02860069274902 56.26325988769531 -6.57231044769287
v 15.8431510925293 50.79276275634766 8.14542198181152
v 16.9011116027832 64.60117340087891 3.31005191802979
v 6.63241147994995 44.44810485839844 -16.06322479248047
v 16.53590202331543 44.47581481933594 6.27936792373657
v 17.23546600341797 64.60117340087891 -0.0517868027091
v 6.76548290252686 44.44810485839844 -16.38569831848145
v 9.7549524307251 60.47114944458008 -14.65109729766846
v 3.35605907440186 44.47581481933594 -16.92380332946777
v 17.22106552124023 44.47581481933594 3.37369465827942
v 3.42548775672913 56.18514251708984 -17.27284622192383
v 3.34791851043701 56.34112548828125 -16.84033203125
v 3.33671021461487 59.67316818237305 -16.33935165405273
v 6.69854879379272 56.31512832641602 -16.17293739318848
v 17.24667930603027 46.93983840942383 3.24493384361267
v 16.9011116027832 64.60117340087891 -3.41362547874451
v 5.83923816680908 59.25341415405273 -15.84156799316406
v 15.92349529266357 64.60117340087891 -6.64751195907593
v 14.32807159423828 64.60117340087891 -9.6254940032959
v 17.24667930603027 56.87865447998047 3.24493384361267
v 6.61206340789795 57.86416625976562 -15.36720943450928
v 5.78555631637573 59.22092056274414 -15.53161144256592
v 6.64048004150391 56.50740814208984 -15.4684944152832
v 16.8627986907959 50.48543167114258 -5.12405824661255
v 17.22106552124023 60.47114944458008 3.37369465827942
v 3.42548775672913 39.95495223999023 -17.27284622192383
v 3.42548775672913 43.36198043823242 -17.27284622192383
v 14.86519336700439 43.36198043823242 9.31435680389404
v 6.27041292190552 39.95495223999023 -16.68175888061523
v 6.27041292190552 43.36198043823242 -16.68175888061523
v 9.39268112182617 45.75295639038086 -14.93145847320557
v 6.16241264343262 43.36198043823242 -16.39078330993652
v 6.16241264343262 39.95495223999023 -16.39078330993652
v 9.23683166503906 45.74074935913086 -14.67700862884521
v 17.45352363586426 43.36198043823242 0.50755530595779
v 16.87202453613281 44.47581481933594 3.30426597595215
v 15.8431510925293 44.47581481933594 8.14542198181152
v 15.1210241317749 50.79276275634766 9.47554779052734
v 15.1210241317749 56.11425399780273 9.47554779052734
v 15.1210241317749 58.36149597167969 9.47554779052734
v 15.29486656188965 60.4041862487793 9.13955497741699
v 15.81639194488525 62.49151992797852 8.13157653808594
v 14.59931564331055 47.17681884765625 -9.80673313140869
v 14.59931564331055 50.79276275634766 -9.80673313140869
v 16.50797271728516 64.07375335693359 6.26867437362671
v 17.19197845458984 64.60117340087891 3.36790895462036
v 17.53208923339844 64.60117340087891 -0.0517868027091
v 17.19198036193848 64.60117340087891 -3.47148251533508
v 16.19753837585449 64.60117340087891 -6.7610239982605
v 14.57465744018555 64.60117340087891 -9.79025650024414
v 12.39706134796143 64.60117340087891 -12.4488410949707
v 9.73847675323486 64.60117340087891 -14.62643718719482
v 6.70924377441406 64.60117340087891 -16.24932098388672
v 3.41970205307007 64.60117340087891 -17.24376106262207
v 6.72573137283325 56.00781631469727 -15.97055435180664
v 8.74980354309082 55.74875640869141 -15.10660743713379
v 10.26939296722412 54.44407272338867 -14.22342967987061
v 10.77592277526855 51.71475219726562 -13.92903614044189
v 10.26939296722412 48.98543548583984 -14.22342967987061
v 8.74980354309082 47.68075180053711 -15.10660743713379
v 6.3897533416748 47.23647308349609 -16.1569652557373
v 3.36184477806091 47.08838272094727 -16.95289039611816
v 17.09993171691895 48.58955764770508 2.29728293418884
v 17.32772827148438 48.41268157958984 -0.087826192379
v 16.74751281738281 49.24040222167969 4.05908489227295
v 16.63003921508789 50.48543167114258 4.64635229110718
v 16.74751281738281 51.73046493530273 4.05908489227295
v 17.09993171691895 52.38130569458008 2.29728293418884
v 17.32772827148438 52.55818176269531 -0.087826192379
v 17.07133865356445 52.38130569458008 -2.54501414299011
v 16.69747543334961 51.73046493530273 -4.41493463516235
v 16.57285499572754 50.48543167114258 -5.03824138641357
v 16.69747543334961 49.24040222167969 -4.41493463516235
v 17.07133865356445 48.58955764770508 -2.54501414299011
v 15.5220365524292 43.36198043823242 7.97927808761597
v 16.20074653625488 43.36198043823242 6.15104532241821
v 3.35605907440186 39.95495223999023 -16.92380523681641
v 17.22106552124023 43.36198043823242 3.37369465827942
v 16.53590202331543 43.36198043823242 6.27936792373657
v 16.87202453613281 39.95495223999023 3.30426621437073
v 16.20074653625488 39.95495223999023 6.15104532241821
v 15.5220365524292 39.95495223999023 7.97927808761597
v 14.86519336700439 39.95495223999023 9.31435680389404
v 15.1210241317749 39.95495223999023 9.47554779052734
v 15.8431510925293 39.95495223999023 8.14542198181152
v 16.53590202331543 39.95495223999023 6.27936792373657
v 17.22106552124023 39.95495223999023 3.37369465827942
v 9.85703372955322 57.27490234375 -14.61281776428223
v 17.7636775970459 39.95495223999023 0.51912677288055
v 17.7636775970459 43.36198043823242 0.51912677288055
v 3.35605907440186 43.36198043823242 -16.92380332946777
v 16.87202453613281 43.36198043823242 3.30426597595215
v 15.8431510925293 43.36198043823242 8.14542198181152
v 15.1210241317749 43.36198043823242 9.47554779052734
v 3.34791851043701 56.34112548828125 -16.6524829864502
v 17.8721981048584 43.36198043823242 -0.05178679525852
v 17.70214462280273 44.13962173461914 -0.90671080350876
v 17.19197845458984 44.39883422851562 -3.47148299217224
v 16.19753837585449 44.39883422851562 -6.7610239982605
v 14.57465744018555 44.39883422851562 -9.79025650024414
v 12.39706134796143 44.39883422851562 -12.4488410949707
v 9.73847675323486 44.39883422851562 -14.62643718719482
v 7.56416749954224 44.13962173461914 -16.07926368713379
v 17.8721981048584 39.95495223999023 -0.05178679525852
v 6.67341423034668 57.99414825439453 -15.67564010620117
v 6.83939790725708 43.36198043823242 -16.56353950500488
v 6.83939790725708 39.95495223999023 -16.56353950500488
v 6.72368335723877 43.36198043823242 -16.2841796875
v 7.43619060516357 44.13962173461914 -15.80809688568115
v 9.5737133026123 44.39883422851562 -14.37985134124756
v 12.18731689453125 44.39883422851562 -12.23909664154053
v 14.32807159423828 44.39883422851562 -9.6254940032959
v 8.90038776397705 55.74875640869141 -15.36570262908936
v 10.44612979888916 54.44407272338867 -14.46732521057129
v 15.92349529266357 44.39883422851562 -6.64751195907593
v 16.9011116027832 44.39883422851562 -3.41362547874451
v 17.40264511108398 44.13962173461914 -0.89224648475647
v 17.56982231140137 43.36198043823242 -0.05178679525852
v 10.96137619018555 51.71475219726562 -14.16786479949951
v 10.44612979888916 48.98543548583984 -14.46732521057129
v 17.56982231140137 39.95495223999023 -0.05178679525852
v 3.34921598434448 56.99949264526367 -16.8536376953125
v 17.22106552124023 60.47114944458008 -3.47726821899414
v 17.5617504119873 60.47114944458008 -0.0517868027091
v 17.24307250976562 56.87865447998047 -3.3666365146637
v 16.22494125366211 60.47114944458008 -6.77237558364868
v 6.83939790725708 56.19813919067383 -16.56353950500488
v 6.77705574035645 57.0854606628418 -16.06204986572266
v 6.79628133773804 56.03739929199219 -16.40986251831055
v 9.5737133026123 64.60117340087891 -14.37985134124756
v 6.59573125839233 64.60117340087891 -15.97527694702148
v 12.18731689453125 64.60117340087891 -12.23909664154053
v 3.33977770805359 58.00714492797852 -16.37080383300781
v 3.34181261062622 56.75762939453125 -16.39167213439941
v 16.89323425292969 46.93983840942383 -3.29945015907288
v 15.5220365524292 47.17681884765625 7.97927808761597
v 15.5220365524292 44.47581481933594 7.97927808761597
v 6.69854879379272 56.31512832641602 -15.98508930206299
v 3.31828236579895 56.48466110229492 -16.10504341125488
v 3.40278124809265 56.01454162597656 -17.10726928710938
v 6.72368335723877 39.95495223999023 -16.2841796875
v 3.3060348033905 59.67316818237305 -16.02481842041016
v 6.67969799041748 56.73488235473633 -15.70345020294189
v 17.45352363586426 39.95495223999023 0.50755536556244
v 15.5220365524292 59.41632080078125 7.97927808761597
v 16.20074653625488 60.20743942260742 6.15104532241821
v 15.5220365524292 56.37796020507812 7.97927808761597
v 3.35605907440186 60.47114944458008 -16.92380332946777
v 6.58438014984131 60.47114944458008 -15.94787120819092
v 3.36184477806091 64.60117340087891 -16.95289039611816
v 16.92044830322266 50.48543167114258 4.73057460784912
v 17.0394172668457 49.24040222167969 4.13277959823608
v 17.0394172668457 51.73046493530273 4.13277959823608
v 14.30341148376465 47.17681884765625 -9.60901641845703
v 14.30341148376465 50.79276275634766 -9.60901641845703
v 14.30341148376465 56.64166641235352 -9.60901641845703
v 14.86519336700439 47.17681884765625 9.31435680389404
v 14.86519336700439 44.47581481933594 9.31435680389404
v 14.59931564331055 60.47114944458008 -9.80673313140869
v 14.59931564331055 56.64166641235352 -9.80673313140869
v 12.41803550720215 60.47114944458008 -12.46981525421143
v 3.36422777175903 55.98181915283203 -16.63828659057617
v 16.89323425292969 56.87865447998047 -3.29945015907288
v 16.87202453613281 60.47114944458008 -3.40783977508545
v 15.89608955383301 60.47114944458008 -6.63616132736206
v 17.20580291748047 60.47114944458008 -0.05178689211607
v 14.86519336700439 58.36149597167969 9.31435680389404
v 15.03609371185303 60.4041862487793 8.98404884338379
v 14.86519336700439 56.11425399780273 9.31435680389404
v 17.39632225036621 48.58955764770508 2.33939409255981
v 17.62705421447754 48.41268157958984 -0.08802548795938
v 17.39632225036621 52.38130569458008 2.33939409255981
v 17.62705421447754 52.55818176269531 -0.08802554011345
v 15.5220365524292 50.79276275634766 7.97927808761597
v 3.42548775672913 60.47114944458008 -17.27284622192383
v 6.72059488296509 60.47114944458008 -16.27672386169434
v 3.41970205307007 47.08838272094727 -17.24376106262207
v -0.57491022348404 54.52436447143555 1.38796472549438
v 3.25388216972351 49.41588592529297 0.83147436380386
v 1.97559261322021 52.14087295532227 1.6693195104599
v -12.68335151672363 6.4831690788269 12.90976715087891
v 2.79425930976868 51.72554779052734 -1.93405115604401
v 1.93282449245453 52.41447830200195 -1.58990800380707
v 1.8798611164093 52.85583877563477 -1.70080506801605
v 4.19836139678955 0 -17.56018829345703
v 6.48721742630005 51.41571426391602 0.86213928461075
v -0.75716608762741 2.89552640914917 1.59085273742676
v 6.09322023391724 50.58054351806641 1.56467020511627
v 3.41606259346008 52.97600936889648 0.72378140687942
v 0.00000615136696 0 -18.5242977142334
v -0.74422109127045 54.89888763427734 1.79671716690063
v 2.24521899223328 53.1282958984375 -0.81875258684158
v 0.00000615136696 54.54465866088867 0.94268321990967
v -5.43150281906128 43.57160568237305 -13.11282825469971
v 24.02781677246094 16.00774383544922 9.95263862609863
v 2.21571922302246 53.2479133605957 -0.88997167348862
v 6.09322023391724 49.71426010131836 0.62727528810501
v 24.02781677246094 32.60732650756836 9.95263862609863
v 12.91966152191162 5.20744800567627 12.71729755401611
v 6.09322023391724 49.66397476196289 0.64810395240784
v 2.90250611305237 50.50486373901367 -1.74738383293152
v -1.91580879688263 9.74334716796875 -18.2224006652832
v 0.00000615136696 56.04096221923828 -1.91755819320679
v 1.98431181907654 52.96885299682617 -1.44863891601562
v -0.87135052680969 57.00063323974609 -2.10364723205566
v 6.10259389877319 49.95752716064453 0.35646811127663
v 6.10259389877319 50.11062240600586 0.58147221803665
v -17.97999572753906 4.64046192169189 4.0973105430603
v 1.6121016740799 52.92319107055664 -1.89038109779358
v 13.63919544219971 4.78220748901367 11.91716575622559
v 0.91371148824692 52.41409301757812 -2.205885887146
v -4.92601728439331 9.74334716796875 -17.3759880065918
v -0.57445478439331 55.09775543212891 -1.38687765598297
v 6.10259389877319 49.88369750976562 -0.00000615136696
v 0.35962995886803 54.54465866088867 -0.86821490526199
v 12.27306747436523 4.64046192169189 13.23633193969727
v 9.95265102386475 16.00774383544922 24.02780532836914
v 0.00000615136696 52.41409301757812 -2.39512038230896
v 0.66658812761307 56.35478973388672 0.66657584905624
v -11.74220943450928 8.04238414764404 13.82196426391602
v 0.9220165014267 52.21253967285156 -2.22593593597412
v 2.10364723205566 57.00063323974609 -0.87136286497116
v -0.94691932201386 52.13215637207031 2.28607416152954
v -17.49396705627441 9.31810474395752 4.41779375076294
v 0.9220165014267 52.21253967285156 2.22592377662659
v 1.61303520202637 52.41409301757812 -1.88812708854675
v -0.91369915008545 52.41409301757812 -2.205885887146
v -17.09436798095703 9.74334716796875 5.73128271102905
v -1.06478798389435 55.09775543212891 -1.06480026245117
v 5.03431797027588 44.94869613647461 2.08527421951294
v -2.015629529953 53.26032257080078 -0.83490979671478
v -1.38796484470367 56.90078353881836 0.57491022348404
v -24.02780532836914 32.60732650756836 9.95263862609863
v -1.06478786468506 55.80169677734375 1.06478798389435
v 0.56016945838928 55.68354797363281 1.35234761238098
v -1.6935955286026 52.41409301757812 -1.69360780715942
v -11.94018745422363 9.31810474395752 13.59000492095947
v -0.92200422286987 52.21253967285156 -2.22593593597412
v 0.82046818733215 54.28094863891602 -1.9807767868042
v 2.20743417739868 46.17448425292969 -0.91435277462006
v 24.32486343383789 24.9407958984375 10.07568073272705
v 1.26374840736389 48.78479766845703 -3.05094981193542
v -1.6935955286026 53.23542022705078 1.6935955286026
v 17.8922176361084 8.04238414764404 4.51836204528809
v 17.90237808227539 6.34142303466797 2.61663317680359
v -2.20587348937988 52.41409301757812 -0.91371148824692
v -0.3596176803112 54.54465866088867 0.86820262670517
v 17.85624885559082 9.31810474395752 4.50927925109863
v 0.00000615136696 52.13215637207031 2.48218894004822
v 18.11068916320801 8.04238414764404 3.62001013755798
v -0.38314801454544 52.0881462097168 -3.43068718910217
v -0.91369915008545 53.23542022705078 2.20587348937988
v 2.1243782043457 52.4168701171875 1.55499744415283
v 1.26904666423798 52.0881462097168 3.06372857093811
v -2.39510822296143 52.41409301757812 -0.00000615136696
v -2.22592377662659 52.21253967285156 -0.9220165014267
v -18.33480262756348 4.64046192169189 0.69090002775192
v -2.53035497665405 52.0881462097168 2.53035497665405
v -1.98076438903809 54.28094863891602 -0.82046818733215
v -17.8232593536377 9.74334716796875 4.50095129013062
v 2.83935070037842 50.49745178222656 -1.83304286003113
v -1.50703382492065 56.90078353881836 -0.00000615136696
v 0.56958442926407 54.55723190307617 1.37507748603821
v -2.89357781410217 48.77874374389648 -1.19856786727905
v 6.10259389877319 50.27458953857422 0.54353600740433
v 2.89359021186829 48.77874374389648 -1.19856786727905
v -1.06563210487366 56.90078353881836 1.06563198566437
v -15.75911331176758 0 9.09852504730225
v 6.10259389877319 50.38227081298828 0.36971428990364
v 3.80584812164307 45.62650299072266 1.57642507553101
v -2.89357781410217 48.77874374389648 1.19855558872223
v 6.10259389877319 51.04363250732422 0.44667121767998
v 1.19856786727905 48.77874374389648 -2.89359021186829
v -1.06478798389435 55.09775543212891 1.06478798389435
v -1.19855558872223 48.77874374389648 -2.89359021186829
v 12.53838729858398 4.64046192169189 13.52247333526611
v 6.10259389877319 50.68510818481445 0.95405679941177
v 2.21971416473389 48.77384948730469 0.91942697763443
v 17.32735443115234 0 -5.630295753479
v 15.78209495544434 0 -9.11180019378662
v 4.096266746521 49.48127365112305 -0.72379368543625
v 6.48721742630005 50.27458953857422 0.54353600740433
v 6.9043550491333 41.95695114135742 16.6685676574707
v 24.03190803527832 23.30270195007324 9.95433330535889
v -0.67066097259521 2.87409210205078 -0.67067325115204
v 1.9807767868042 54.28870391845703 -0.82046818733215
v 6.10259389877319 50.85893249511719 0.84637355804443
v -8.25199222564697 8.6264533996582 19.92208290100098
v 2.01532292366028 53.32247924804688 0.83476537466049
v 0.67067325115204 2.87409210205078 -0.67067325115204
v 6.08445119857788 52.29526519775391 0.27176493406296
v 6.08445119857788 52.35154342651367 -0.00000615136696
v 7.28024578094482 0 -16.34967041015625
v 0.00000615136696 54.54465866088867 -0.94269549846649
v 0.34498196840286 54.58237075805664 -0.8328515291214
v 1.59086501598358 2.89552640914917 -0.75717842578888
v 1.88197839260101 9.74334716796875 -17.90050506591797
v 3.58375215530396 9.74334716796875 -17.66981506347656
v 4.03478336334229 51.92003631591797 -1.76080596446991
v 0.75717842578888 2.89552640914917 -1.59086501598358
v 17.75885391235352 4.07347297668457 2.32706928253174
v -18.01091957092285 4.64046192169189 0.67869514226913
v 6.48721742630005 51.77218246459961 0.95406121015549
v 6.08445119857788 51.50041580200195 1.06663024425507
v 3.77655434608459 2.93950080871582 17.76859283447266
v 1.88635540008545 52.21253967285156 1.74182462692261
v 6.48721742630005 51.04158401489258 0.86213654279709
v 14.93991851806641 4.64046192169189 10.85517501831055
v -24.03189468383789 23.30270195007324 -9.95434474945068
v -17.90236663818359 6.34142303466797 2.61663317680359
v 6.50082397460938 51.41392135620117 -0.49862006306648
v 0.00000615136696 2.87409210205078 -0.72820740938187
v -6.20874118804932 8.04238414764404 -17.38719177246094
v 3.06374096870422 48.80295562744141 -1.26904666423798
v -24.03189468383789 25.31237030029297 9.95433330535889
v -18.14275360107422 4.07347297668457 2.37737560272217
v 1.8798611164093 52.8558349609375 1.70079278945923
v 3.08924293518066 48.90560531616211 -1.20747947692871
v 0.91371148824692 52.41408920288086 2.20587348937988
v -1.06478798389435 56.30450820922852 1.06478786468506
v 2.69679498672485 48.80295181274414 -2.15493297576904
v 1.26904666423798 50.44554901123047 -3.06374096870422
v 3.05094981193542 48.78479766845703 -1.26374840736389
v 0.00000615136696 55.68354797363281 1.46836125850677
v 0.00000615136696 52.41409301757812 2.39510822296143
v 6.08445119857788 51.2286491394043 1.12291419506073
v -0.91369915008545 52.41408920288086 2.20587372779846
v 0.91371148824692 56.15171432495117 -2.205885887146
v 0.89093852043152 56.08576965332031 -2.15090703964233
v 1.69360780715942 56.15171432495117 -1.69360780715942
v 0.83285146951675 56.31707763671875 0.34496968984604
v -0.51958614587784 55.59237670898438 1.25440049171448
v 0.00000615136696 56.15171432495117 -2.39512038230896
v -0.91369915008545 56.15171432495117 -2.205885887146
v -1.6935955286026 52.41409301757812 1.6935955286026
v -0.89092618227005 56.08576965332031 -2.15090703964233
v -1.6935955286026 56.15171432495117 -1.69360780715942
v 6.50082397460938 51.04337692260742 0.49860432744026
v 9.95265102386475 32.60732650756836 -24.02781677246094
v 1.38687765598297 55.09775543212891 -0.57446712255478
v -0.51958614587784 55.29718399047852 1.25440049171448
v -3.66229701042175 8.04238414764404 -18.05714225769043
v -1.93684434890747 0 -18.42248153686523
v -2.20587348937988 52.41408920288086 0.91369915008545
v 6.10259389877319 51.04363250732422 -0.44668352603912
v 5.44162654876709 4.64046192169189 -17.61980247497559
v 4.55368518829346 5.20744800567627 -17.54740715026855
v 3.50098443031311 4.78220748901367 -17.77047729492188
v 16.87082481384277 4.64046192169189 7.5107479095459
v 10.07569313049316 24.9407958984375 -24.32486343383789
v 16.90100288391113 2.99730348587036 7.52418327331543
v 1.20114505290985 52.11235427856445 -2.89981198310852
v -5.90347671508789 9.31810474395752 -17.44366264343262
v 15.99327564239502 4.64046192169189 9.2337121963501
v 5.32647895812988 4.64046192169189 -17.24695777893066
v 13.26131725311279 2.93950080871582 -11.94017696380615
v 13.24831771850586 2.57206320762634 -11.92847347259521
v 10.78152656555176 3.36474108695984 -14.34873580932617
v -0.66657584905624 54.54465866088867 0.66657584905624
v 19.92209434509277 8.6264533996582 -8.25200462341309
v 16.70176124572754 6.67542791366577 -6.91809940338135
v 5.43151521682739 43.57160568237305 13.11281585693359
v 6.09322023391724 51.85593032836914 -1.51439809799194
v 6.08445119857788 50.95688247680664 1.06662809848785
v 0.00000615136696 56.30450820922852 1.50584006309509
v 2.89359021186829 48.77874374389648 1.19855558872223
v 0.06080205366015 54.44565582275391 -0.1467804312706
v 7.41169786453247 0 16.64829635620117
v -4.5536732673645 5.20744800567627 -17.54740905761719
v -13.11281585693359 43.57160568237305 -5.43151521682739
v -1.2151004076004 55.65005493164062 -0.50331974029541
v -1.92715287208557 6.34142303466797 -18.33030319213867
v 0.00000615136696 8.04238414764404 -18.39399147033691
v -1.3623274564743 55.75337600708008 -0.56430321931839
v 6.09322023391724 50.60137176513672 1.51438534259796
v -0.07044771313667 55.01372146606445 -0.07046001404524
v -24.32485198974609 24.9407958984375 10.07568073272705
v 3.50328779220581 44.38769149780273 8.45766448974609
v 6.48721742630005 50.87217712402344 1.27111959457397
v 7.15302276611328 2.85555481910706 -16.34596061706543
v 0.9194393157959 48.77384948730469 2.21970200538635
v 17.8412914276123 8.04238414764404 3.25806498527527
v -1.91754591464996 56.04096221923828 -0.00000615136696
v 0.38316029310226 52.0881462097168 3.43067479133606
v -1.38686525821686 54.59494400024414 0.57445478439331
v -1.2151004076004 55.65005493164062 0.50330740213394
v -1.3623274564743 55.75337600708008 0.56429094076157
v -24.32485198974609 23.67427444458008 -10.07569313049316
v 6.49659109115601 50.63825988769531 -1.47665619850159
v -0.50330740213394 55.65005493164062 1.2151004076004
v 6.09907674789429 8.04238414764404 -17.08004951477051
v 22.74410629272461 12.08867073059082 -9.42092132568359
v 10.52278709411621 0 -14.4824390411377
v 12.66867065429688 4.90182161331177 -5.24753856658936
v 0.1409138739109 54.97743606567383 -0.05837204307318
v 0.12330041080713 55.0046501159668 -0.06139403581619
v -0.57445478439331 55.09775543212891 1.38686537742615
v -0.34496968984604 56.31707763671875 -0.8328515291214
v -2.53035497665405 52.0881462097168 -2.53036713600159
v 17.80355262756348 0 -1.87178516387939
v 0.83477771282196 53.26032257080078 -2.01550960540771
v 3.42557072639465 49.48400497436523 0.73037075996399
v -13.30046463012695 0 -11.97543621063232
v -22.74409675598145 12.08867073059082 -9.42092132568359
v -10.5227746963501 0 -14.4824390411377
v -7.28023338317871 0 -16.34967041015625
v 24.32486343383789 24.9407958984375 -10.07569313049316
v 24.32486343383789 23.67427444458008 -10.07569313049316
v -0.57445478439331 54.59494400024414 1.38686537742615
v 3.80584812164307 45.62650299072266 -1.57643747329712
v 0.00000615136696 54.59494400024414 1.50584006309509
v 8.24971389770508 39.99150466918945 -19.91656303405762
v 17.79935073852539 0 1.86995410919189
v 17.30674934387207 0 5.14420318603516
v 3.50328779220581 44.38769149780273 -8.45767688751221
v 6.49659109115601 52.81426239013672 0.65678298473358
v 5.43151521682739 43.57160568237305 -13.11282825469971
v 15.92966461181641 8.04238414764404 9.19698619842529
v -16.6685676574707 41.95695114135742 -6.9043550491333
v -13.11281585693359 43.57160568237305 5.43150281906128
v -0.07044771313667 55.01372146606445 0.07044771313667
v 10.07569313049316 23.67427444458008 -24.32486343383789
v -19.91655158996582 39.99150466918945 8.24970149993896
v -1.49020338058472 57.00138854980469 0.61725878715515
v 2.03475332260132 52.11730575561523 -1.86410677433014
v 0.57446712255478 55.80169677734375 -1.38687765598297
v -0.74422109127045 54.89888763427734 -1.79672944545746
v 0.00000615136696 55.80169677734375 -1.50585234165192
v -0.82045590877533 54.28094863891602 -1.9807767868042
v -0.57445478439331 55.80169677734375 -1.38687753677368
v 14.88049602508545 8.04238414764404 10.81199932098389
v 2.53036713600159 50.44554901123047 2.53035497665405
v 3.05927324295044 50.50486373901367 -1.74738383293152
v 14.59540462493896 6.34142303466797 10.60485553741455
v 2.3086040019989 52.97600936889648 -0.72379368543625
v 6.08445119857788 50.16201782226562 -0.2717772424221
v -15.58795738220215 9.74334716796875 8.99970817565918
v 3.31426668167114 49.49219131469727 -0.75015133619308
v 0.91371148824692 53.23542022705078 2.20587372779846
v 3.42557072639465 49.48400497436523 -0.73038303852081
v 3.06745934486389 49.88980102539062 -1.34817433357239
v 2.07449746131897 52.68603515625 1.29360258579254
v 6.10259389877319 50.87217712402344 -1.2711318731308
v 9.95434474945068 23.30270195007324 24.03189468383789
v 1.93961000442505 52.13215637207031 -1.78340005874634
v 1.88635540008545 52.21253967285156 -1.74183702468872
v 1.66856396198273 52.13215637207031 -1.96430003643036
v 1.9715176820755 52.13432312011719 -1.69965994358063
v -1.89004075527191 4.64046192169189 -17.97730827331543
v -1.88637316226959 6.34142303466797 -17.94242477416992
v -24.02780532836914 32.60732650756836 -9.95265102386475
v -24.03189468383789 25.31237030029297 -9.95434474945068
v 0.00000615136696 4.64046192169189 -18.07666206359863
v 9.42092132568359 12.08867073059082 -22.74410820007324
v 6.49659109115601 52.70528411865234 0.590387403965
v -17.84127998352051 8.04238414764404 3.25806498527527
v 2.47305417060852 52.97600936889648 -0.72379368543625
v 6.08445119857788 50.16201782226562 0.27176493406296
v 13.80679416656494 8.04238414764404 12.20020961761475
v 6.10259389877319 50.88570785522461 -0.34295028448105
v 16.44327735900879 9.74334716796875 7.32040739059448
v 1.21511280536652 55.24939346313477 -0.50331974029541
v 6.08445119857788 50.10573196411133 -0.00000615136696
v 6.48721742630005 52.18270111083984 -0.54354828596115
v -15.50329494476318 0 -8.95084190368652
v 6.48721742630005 52.07501220703125 -0.36972725391388
v -0.92200422286987 52.21253967285156 2.22592377662659
v -1.75517094135284 52.13215637207031 1.75517094135284
v 5.03431844711304 44.94869613647461 -2.08528661727905
v 1.19856786727905 48.77874374389648 2.89357781410217
v 6.10259389877319 51.2286491394043 -0.48500323295593
v 1.38687753677368 55.80169677734375 -0.57446712255478
v -0.07649169117212 55.01372146606445 -0.00000615136696
v 24.03190803527832 25.31237030029297 -9.95434474945068
v 10.07569313049316 23.67427444458008 24.32485198974609
v 14.96664428710938 2.99730348587036 10.87459373474121
v 1.76605498790741 56.04096221923828 0.73151528835297
v -1.19855558872223 48.77874374389648 2.89357781410217
v -1.6935955286026 53.23542022705078 -1.69360780715942
v 16.62382698059082 0 7.40078496932983
v 6.50082397460938 51.72724151611328 -0.18528507649899
v -0.14676812291145 54.44565582275391 0.0607897490263
v 6.10259389877319 50.68511199951172 -0.9540690779686
v 24.02781677246094 32.60732650756836 -9.95265102386475
v -18.11941719055176 0 1.90358078479767
v 1.25441288948059 55.29718399047852 0.51958614587784
v 6.20875358581543 8.04238414764404 -17.38719177246094
v 6.48721742630005 52.09077072143555 -0.1870746165514
v 0.51959842443466 55.59237670898438 1.25440049171448
v 6.50536060333252 49.48127365112305 0.72378140687942
v 6.10259389877319 52.18270111083984 0.54353600740433
v 1.35592019557953 56.04096221923828 1.35590791702271
v 6.10259389877319 52.3466682434082 0.58147150278091
v 6.10259389877319 52.07501220703125 0.36971494555473
v 22.74410629272461 36.52640151977539 -9.42092132568359
v -2.48218894004822 52.13215637207031 -0.00000615136696
v 2.39512038230896 53.33559036254883 -0.00000615136696
v 1.91755819320679 56.04096221923828 -0.00000615136696
v -17.46908378601074 8.04238414764404 5.85691499710083
v 6.10259389877319 50.85893249511719 -0.84638583660126
v 17.27633857727051 2.93950080871582 -5.61371898651123
v -2.22592377662659 52.21253967285156 0.92200422286987
v -12.58329010009766 9.74334716796875 12.95200347900391
v 1.06480014324188 55.80169677734375 -1.06480026245117
v 3.5971987247467 49.21146392822266 -0.00000615150475
v -2.28607416152954 52.13215637207031 0.94691932201386
v 6.10259389877319 50.64717483520508 -1.11803793907166
v -17.61795616149902 0 5.23670959472656
v 6.08445119857788 52.29526519775391 -0.2717772424221
v -2.20587372779846 53.23542022705078 0.91369915008545
v 6.49659109115601 51.88544082641602 1.58562254905701
v 19.91656303405762 39.99150466918945 -8.24971389770508
v -24.32485198974609 23.67427444458008 10.07568073272705
v -1.88252329826355 8.04238414764404 -17.90580558776855
v -1.88041317462921 9.31810474395752 -17.88573455810547
v 16.6685791015625 41.95695114135742 -6.9043550491333
v 0.00000615136696 8.04238414764404 -18.00476455688477
v 13.11282825469971 43.57160568237305 -5.43151521682739
v 8.45767784118652 44.38769149780273 -3.50328779220581
v 3.00035572052002 51.72277450561523 -1.84251487255096
v -0.83283925056458 54.58237075805664 -0.34498196840286
v -1.38686537742615 55.80169677734375 -0.57446712255478
v -16.66856575012207 41.95695114135742 6.90434265136719
v 24.03190803527832 23.30270195007324 -9.95434474945068
v 6.49659109115601 51.81904220581055 1.4766446352005
v -5.32646656036377 4.64046192169189 -17.24695777893066
v -0.0607897490263 54.44565582275391 -0.1467804312706
v -3.500972032547 4.78220748901367 -17.77047729492188
v 1.96815383434296 52.4156379699707 -1.55552041530609
v 24.02781677246094 16.00774383544922 -9.95265102386475
v 2.53036713600159 52.0881462097168 -2.53036713600159
v 0.35962995886803 56.35478973388672 0.86820262670517
v 17.90066337585449 6.4831690788269 4.62712907791138
v 1.57643747329712 45.62650299072266 -3.80584812164307
v 17.51070976257324 4.78220748901367 5.97983026504517
v 1.00656604766846 46.10752868652344 -2.43005681037903
v 4.096266746521 49.48127365112305 0.72378140687942
v -3.43067479133606 52.0881462097168 0.38314801454544
v -17.8510684967041 5.20744800567627 4.93451023101807
v -14.82314300537109 9.74334716796875 10.77033615112305
v 18.01093101501465 4.64046192169189 0.67869514226913
v -1.57642507553101 45.62650299072266 -3.80584812164307
v -1.00655376911163 46.10752868652344 -2.43005681037903
v 1.26374840736389 52.10630416870117 3.05093741416931
v -16.95450401306152 2.57206320762634 -5.50914764404297
v 2.43005681037903 46.10752868652344 -1.00656604766846
v -0.94268321990967 56.35478973388672 -0.00000615136696
v -16.73895835876465 9.74334716796875 7.45204734802246
v 0.56016945838928 55.20600891113281 -1.35236001014709
v 1.3879771232605 56.90078353881836 -0.57492250204086
v 1.49021565914154 57.00138854980469 -0.61727112531662
v 1.03829872608185 55.20600891113281 -1.03829872608185
v 0.91371148824692 52.94564056396484 2.20587348937988
v 0.00000615136696 55.20600891113281 -1.4683735370636
v 1.35236001014709 55.20600891113281 -0.56016945838928
v -3.06372857093811 50.44554901123047 -1.26904666423798
v -1.06478786468506 54.59494400024414 1.06478798389435
v -8.45766448974609 44.38769149780273 3.50327563285828
v -6.86411094665527 4.07347297668457 -16.54315757751465
v 3.57847666740417 48.86676406860352 -0.00000615064528
v -8.24970149993896 39.99150466918945 -19.91656303405762
v -2.62827157974243 52.11730575561523 -0.00000614559349
v 6.10259389877319 50.78197479248047 -0.18502597510815
v -3.26812434196472 52.11235809326172 -0.00000615875751
v -0.34496968984604 54.58237075805664 0.83283925056458
v -3.42084002494812 52.10630416870117 0.37193933129311
v -3.57846426963806 48.80295181274414 -0.00000615136696
v -3.26380085945129 48.77874374389648 -0.00000615829549
v 17.73939895629883 9.31810474395752 3.54549884796143
v 3.26381301879883 48.77874374389648 -0.00000615136696
v 1.36202394962311 55.29718399047852 -0.00000614559349
v 1.62410640716553 52.21253967285156 1.91394424438477
v -3.43067479133606 51.66539001464844 0.38314801454544
v -3.43067479133606 49.2257080078125 0.38314801454544
v -0.96308588981628 55.29718399047852 0.96308588981628
v -1.70898914337158 52.21253967285156 1.70898914337158
v 0.00000615136696 2.87409210205078 -0.00000615136696
v 1.06480014324188 56.30450820922852 1.06478798389435
v -5.80064678192139 3.25763440132141 -0.00000615136696
v 18.13454437255859 6.67542791366577 -0.00000624374388
v -13.75545787811279 4.90182161331177 -0.00000615136696
v -14.23771858215332 43.57160568237305 -0.00000615136696
v -24.69522857666016 36.52640151977539 -0.00000619755565
v -21.63112640380859 8.6264533996582 -0.00000615136696
v -5.46618175506592 44.94869613647461 -0.00000615136696
v -26.08906173706055 16.00774383544922 -0.00000615136696
v -21.6251220703125 39.99150466918945 -0.00000605899049
v -3.42084002494812 48.78479766845703 0.37193936109543
v -26.093505859375 25.31237030029297 -0.00000615136696
v -26.093505859375 23.30270195007324 -0.00000615136696
v -26.08906555175781 32.60732650756836 -0.0000061048554
v -26.41159439086914 24.9407958984375 -0.00000615136696
v -26.41159439086914 23.67427444458008 -0.00000615136696
v -4.13232564926147 45.62650299072266 -0.00000615136696
v -24.69523048400879 12.08867073059082 -0.00000610517873
v -18.09850311279297 41.95695114135742 -0.00000624374388
v 1.38687753677368 56.30450820922852 0.57445478439331
v 2.78008389472961 52.02178192138672 -1.71866118907928
v 6.50536060333252 49.8870735168457 1.34157264232636
v 4.65212631225586 5.20744800567627 -17.92674827575684
v 3.57666826248169 4.78220748901367 -18.15464019775391
v 6.48721742630005 50.36650848388672 -0.18707406520844
v 6.48721742630005 50.38227081298828 -0.36972659826279
v -16.48177146911621 6.34142303466797 7.3375506401062
v 4.94311714172363 6.4831690788269 -17.81599617004395
v 8.41769695281982 4.64046192169189 -15.93727684020996
v 0.00000615100635 55.01372146606445 -0.00000615136696
v 26.08907699584961 16.00774383544922 -0.0000061048554
v 24.69524383544922 12.08867073059082 -0.00000615136696
v 13.75547027587891 4.90182161331177 -0.00000615136696
v 21.6251335144043 39.99150466918945 -0.00000615136696
v 26.41160774230957 23.67427444458008 -0.00000615136696
v 26.4116096496582 24.9407958984375 -0.00000615136696
v 18.0985164642334 41.95695114135742 -0.00000615136696
v 5.8006591796875 3.25763726234436 -0.00000615136696
v 24.69524383544922 36.52640151977539 -0.00000615136696
v 21.63113975524902 8.6264533996582 -0.00000615136696
v 5.46619415283203 44.94869613647461 -0.00000613982002
v 6.48721742630005 50.27458953857422 -0.54354828596115
v -18.1345329284668 6.67542791366577 -0.00000619755565
v 0.05837204307318 54.97743606567383 0.14090158045292
v -16.4481315612793 8.04238414764404 7.32257413864136
v 26.0935173034668 25.31237030029297 -0.00000615136696
v 26.09352111816406 23.30270195007324 -0.00000615136696
v 26.08907508850098 32.60732650756836 -0.00000615136696
v 14.23773097991943 43.57160568237305 -0.00000615136696
v 4.13233804702759 45.62650299072266 -0.00000615136696
v -2.39678931236267 46.17448425292969 -0.00000614559349
v 2.39680147171021 46.17448425292969 -0.00000614559349
v 1.69360780715942 53.25211715698242 1.6935955286026
v -2.41012263298035 48.77385330200195 -0.00000615136696
v 6.49659109115601 50.57186126708984 1.58562219142914
v 2.41013526916504 48.77385330200195 -0.00000616291436
v 1.0026603937149 52.11730575561523 -2.42062735557556
v 2.58638429641724 52.09325408935547 2.36022233963013
v 6.10259389877319 52.12951278686523 -0.00000615136696
v 0.94269549846649 56.35478973388672 -0.00000615136696
v 1.57643747329712 45.62650299072266 3.80583596229553
v -9.95263862609863 16.00774383544922 -24.02781677246094
v -2.33541297912598 56.08576965332031 -0.00000616291436
v -1.35234761238098 55.20600891113281 -0.56016945838928
v -2.68190264701843 52.10630416870117 2.15589213371277
v 6.10259389877319 52.07501220703125 -0.36972725391388
v 2.33542513847351 56.08576965332031 -0.00000614559349
v -22.74409484863281 36.52640151977539 -9.42092132568359
v -2.28409886360168 57.00063323974609 -0.00000614559349
v -2.15492057800293 50.44554901123047 2.69678235054016
v 2.2841112613678 57.00063323974609 -0.00000614559349
v -2.18854355812073 53.26032257080078 -0.00000616291436
v 4.9265866279602 8.04238414764404 -17.37861061096191
v 3.58481287956238 8.04238414764404 -17.67504692077637
v -2.63850998878479 46.10752868652344 -0.00000614559349
v 16.92276382446289 0 7.53387022018433
v 13.30047702789307 0 -11.97543525695801
v -3.56906914710999 48.78950500488281 -0.00000615008412
v 3.5690815448761 48.78950500488281 -0.00000615136696
v -2.89979958534241 52.11235427856445 -1.20114505290985
v -3.56906914710999 52.10159683227539 -0.00000615136696
v -1.6180431842804 57.00138854980469 -0.00000615714089
v 2.63852214813232 46.10752868652344 -0.00000616291436
v 1.61805558204651 57.00138854980469 -0.00000615136696
v -8.0217227935791 4.49871301651001 -16.07441711425781
v -1.03828644752502 55.20600891113281 -1.03829872608185
v 2.15070009231567 54.29258346557617 -0.00000615136696
v 6.09322023391724 49.71426010131836 -0.62728762626648
v -1.92321968078613 8.04238414764404 -18.29289054870605
v 1.26374840736389 52.10630416870117 -3.05094981193542
v -3.57846426963806 49.2257080078125 -0.00000615172803
v -3.57846426963806 51.6653938293457 -0.00000615064528
v -2.15068793296814 54.28094863891602 -0.00000613982002
v 1.95086407661438 54.89888763427734 -0.00000614559349
v 6.48721742630005 51.71362686157227 -0.00000615136696
v -1.95085179805756 54.89888381958008 -0.00000615425415
v 2.18820977210999 53.35355758666992 -0.00000615136696
v 4.92106485366821 9.31810474395752 -17.359130859375
v 2.0153226852417 53.32247924804688 -0.83477771282196
v 0.86821490526199 54.54465866088867 0.3596176803112
v -2.42061495780945 52.11730575561523 -1.0026603937149
v -2.41687822341919 52.21253967285156 -0.00000613982002
v 0.96309816837311 55.59237670898438 0.96308588981628
v -3.43067479133606 48.80295181274414 0.38314801454544
v -2.30785393714905 48.77874374389648 2.30785393714905
v 0.94269549846649 54.54465866088867 -0.00000615136696
v 15.29552555084229 8.6264533996582 15.29551315307617
v 0.00000614559349 55.29718399047852 1.36201167106628
v 1.06564438343048 56.90078353881836 -1.06564438343048
v 0.00000615136696 16.00774383544922 26.08906173706055
v 0.00000615136696 12.08867073059082 24.69523239135742
v 0.00000615136696 44.94869613647461 5.46618175506592
v 0.00000610517873 8.6264533996582 21.63112640380859
v 0.00000615136696 4.90182161331177 13.75545787811279
v 0.00000615136696 52.11730575561523 2.62827157974243
v 0.00000615136696 23.30270195007324 26.093505859375
v 0.00000615136696 25.31237030029297 26.093505859375
v -2.69678235054016 51.66539001464844 2.15492057800293
v -12.82304859161377 6.67542791366577 12.82304859161377
v 0.00000619787897 32.60732650756836 26.08906555175781
v 0.00000615136696 36.52640151977539 24.69523239135742
v 0.00000624374388 39.99150466918945 21.6251220703125
v 0.00000615136696 43.57160568237305 14.23771858215332
v -18.1158561706543 2.85555481910706 2.02104258537292
v 0.00000615136696 23.67427444458008 26.41159439086914
v 0.00000615136696 24.9407958984375 26.41159439086914
v 0.00000615136696 54.97743606567383 0.15298953652382
v 0.00000605899049 41.95695114135742 18.09850311279297
v 0.00000615136696 3.25763440132141 5.80064678192139
v -3.86517238616943 44.94869613647461 3.86517238616943
v -15.29551315307617 8.6264533996582 15.29551315307617
v -12.79757213592529 41.95695114135742 12.79757308959961
v -0.91942697763443 48.77384948730469 2.21970200538635
v -15.29126834869385 39.99150466918945 15.29126834869385
v 8.02173519134521 4.49871301651001 -16.07441711425781
v 12.82306098937988 6.67542791366577 12.82304859161377
v 6.09322023391724 50.58054351806641 -1.5646824836731
v 6.48721742630005 50.64717102050781 1.11802566051483
v -2.92199325561523 45.62650299072266 2.92199325561523
v -17.46216201782227 12.08867073059082 17.46216201782227
v 2.30786633491516 48.77874374389648 2.30785369873047
v 6.48721742630005 50.68510818481445 0.95405679941177
v 0.00000615136696 48.77874374389648 3.26380085945129
v -0.38314801454544 49.2257080078125 3.43067479133606
v -0.37193933129311 48.78479766845703 3.42084002494812
v -2.15589237213135 48.78479766845703 2.68190264701843
v -18.44775199890137 16.00774383544922 18.44775199890137
v 0.00000615714089 52.21253967285156 2.41687846183777
v -9.72657585144043 4.90182161331177 9.72657585144043
v -2.15492057800293 49.2257080078125 2.69678235054016
v -18.45089340209961 23.30270195007324 18.45089149475098
v -18.45089340209961 25.31237030029297 18.45089149475098
v -18.44775199890137 32.60732650756836 18.44775199890137
v -10.06758499145508 43.57160568237305 10.06758499145508
v -18.67581748962402 23.67427444458008 18.67581558227539
v -18.67581748962402 24.9407958984375 18.67581748962402
v -4.10167503356934 3.25763726234436 4.10167503356934
v 0.00000615136696 45.62650299072266 4.13232564926147
v -17.46216201782227 36.52640151977539 17.46216201782227
v 0.8328515291214 54.58237075805664 0.34496968984604
v -2.69678258895874 49.2257080078125 2.15492057800293
v 4.10168695449829 3.25763726234436 4.10167455673218
v 0.06139403581619 55.0046501159668 0.12328810989857
v 9.95434474945068 25.31237030029297 24.03189468383789
v 2.92200565338135 45.62650299072266 2.92199325561523
v 18.4477653503418 16.00774383544922 18.44775199890137
v 7.41116333007812 0 -16.64368057250977
v 17.4621753692627 12.08867073059082 17.46216201782227
v 4.27385854721069 0 -17.87596702575684
v 15.5033073425293 0 -8.95084095001221
v 10.71201419830322 0 -14.74287033081055
v 18.45090675354004 23.30270195007324 18.45089340209961
v -2.21286821365356 3.25763726234436 -5.34235763549805
v 18.45090675354004 25.31237030029297 18.45089149475098
v 1.36202394962311 55.59237670898438 -0.00000615714089
v 18.44776344299316 32.60732650756836 18.44775199890137
v 3.86518478393555 44.94869613647461 3.86517214775085
v 2.15493297576904 52.0881462097168 2.69678235054016
v 17.4621753692627 36.52640151977539 17.46216201782227
v 9.72658824920654 4.90182161331177 9.72657585144043
v 18.67582893371582 24.9407958984375 18.67581558227539
v 18.67582893371582 23.67427444458008 18.67581748962402
v 15.29128074645996 39.99150466918945 15.29126834869385
v 10.06759643554688 43.57160568237305 10.06758594512939
v 2.15590453147888 48.78479766845703 2.68190264701843
v 0.00000615136696 6.67542791366577 18.1345329284668
v 17.51360702514648 8.04238414764404 4.42275142669678
v 12.79758548736572 41.95695114135742 12.79757308959961
v 0.37195163965225 48.78479766845703 3.42084002494812
v 0.38316032290459 49.2257080078125 3.43067479133606
v 0.00000615714089 46.17448425292969 2.39678931236267
v -1.69478404521942 46.17448425292969 1.69478404521942
v 1.69479656219482 46.17448425292969 1.69478404521942
v 0.00000615136696 48.77385330200195 2.41012263298035
v 1.70422470569611 48.77385330200195 1.70421242713928
v -1.70421242713928 48.77385330200195 1.7042121887207
v 0.38316032290459 51.66539001464844 3.43067479133606
v 2.6025071144104 51.60198974609375 2.38255095481873
v -1.91935348510742 9.31810474395752 -18.25611877441406
v 2.68191480636597 48.78479766845703 2.15589237213135
v 2.68146014213562 49.13509368896484 2.19194197654724
v 2.15493297576904 49.2257080078125 2.69678258895874
v -0.56429094076157 55.75337600708008 1.3623274564743
v 6.48721742630005 51.59836196899414 0.84637814760208
v 2.03475332260132 52.11730575561523 1.86409449577332
v -2.15492057800293 51.66539001464844 2.69678258895874
v -2.68190264701843 48.78479766845703 2.15589237213135
v 0.00000613982002 56.08576965332031 2.33541297912598
v 1.6513968706131 56.08576965332031 1.65138459205627
v -1.65138459205627 56.08576965332031 1.65138459205627
v 0.00000615136696 53.23542022705078 2.39510822296143
v -1.8584668636322 52.11730575561523 1.8584668636322
v 0.96309816837311 55.29718399047852 0.96308588981628
v 5.90348958969116 9.31810474395752 -17.44366264343262
v 0.00000613982002 57.00063323974609 2.28409886360168
v 1.61511242389679 57.00063323974609 1.61510014533997
v -1.61510014533997 57.00063323974609 1.61510014533997
v -2.31091094017029 52.11235809326172 2.31091094017029
v -2.15589213371277 52.10630416870117 2.68190264701843
v -0.37193936109543 52.10630416870117 3.42084002494812
v -0.00002688485256 53.26032257080078 2.18851089477539
v 1.54729974269867 53.27586364746094 1.54733407497406
v -1.54753232002258 53.26032257080078 1.54753232002258
v -0.38314801454544 51.66539001464844 3.43067479133606
v 0.37195163965225 52.10630416870117 3.42084002494812
v 6.49659109115601 50.63825988769531 1.47664380073547
v 1.79672944545746 54.89888763427734 -0.74423336982727
v -16.54335975646973 2.99730348587036 7.36496734619141
v 0.00000615136696 52.11235809326172 3.26812434196472
v 0.00000615072577 48.78950500488281 3.56906914710999
v 2.52372336387634 48.78950500488281 2.52371120452881
v -2.52371144294739 48.78950500488281 2.52371120452881
v 0.00000615136696 52.10159683227539 3.56906914710999
v 1.76201057434082 52.11730575561523 2.07382845878601
v 2.21469068527222 52.11235809326172 2.44785237312317
v -1.86570644378662 46.10752868652344 1.86570644378662
v 2.5237238407135 52.10159683227539 2.52371120452881
v -2.52371120452881 52.10159683227539 2.52371144294739
v -1.59085273742676 2.89552640914917 -0.75717842578888
v -1.35234761238098 55.68354797363281 0.56015717983246
v 0.00000615714089 46.10752868652344 2.63850998878479
v 0.00000614559349 57.00138854980469 1.6180431842804
v 1.14413976669312 57.00138854980469 1.14412748813629
v -1.144127368927 57.00138854980469 1.144127368927
v 1.86571872234344 46.10752868652344 1.86570632457733
v -9.42090892791748 12.08867073059082 -22.74410629272461
v 1.37508976459503 54.55723190307617 -0.56958442926407
v 6.50536012649536 50.44796752929688 -0.78069186210632
v 6.80533170700073 6.34142303466797 -17.11456298828125
v 1.52077639102936 54.28289031982422 1.52076411247253
v 0.00000615136696 54.28094863891602 2.15068793296814
v 2.53036713600159 49.2257080078125 2.53035497665405
v 2.53036713600159 51.66539001464844 2.53035497665405
v 0.0000061520891 49.2257080078125 3.57846426963806
v 0.00000615100635 51.66539001464844 3.57846426963806
v -2.53035497665405 49.2257080078125 2.53035497665405
v -2.53035497665405 51.66539001464844 2.53035497665405
v -1.52076423168182 54.28094863891602 1.52076423168182
v 1.37947106361389 54.89888763427734 1.37945878505707
v 0.00000615714089 54.89888763427734 1.95085191726685
v -1.37945878505707 54.89888381958008 1.37945878505707
v 2.15590476989746 52.10630416870117 2.68190264701843
v 2.15493297576904 51.66539001464844 2.69678235054016
v -10.9753942489624 3.36474108695984 -14.60676193237305
v 0.57492250204086 56.90078353881836 -1.3879771232605
v -1.37906050682068 55.82877349853516 0.57122194766998
v -1.46836125850677 55.68354797363281 -0.00000615136696
v 1.26904666423798 51.66539001464844 3.06372857093811
v -0.15935938060284 54.44565582275391 -0.00000615136696
v 0.15937167406082 54.44565582275391 -0.00000615136696
v 0.00000615136696 54.44565582275391 0.15935938060284
v 0.11269460618496 54.44565582275391 0.11268230527639
v -0.11268230527639 54.44565582275391 0.11268230527639
v -16.4296989440918 9.31810474395752 7.31436681747437
v -4.92657470703125 8.04238414764404 -17.37860870361328
v 5.79920434951782 9.31810474395752 -17.13552284240723
v 6.49659109115601 49.75200271606445 -0.59039920568466
v -1.38686525821686 55.80169677734375 0.57445478439331
v -0.13386508822441 55.0046501159668 -0.00000615172803
v 0.1338773816824 55.0046501159668 -0.00000615136696
v 0.00000615100635 55.0046501159668 0.13386508822441
v 0.10019928961992 54.99759292602539 0.10018698871136
v -0.10018698871136 54.99759292602539 0.10018698871136
v 0.00000615136696 44.38769149780273 9.18321895599365
v 6.49352645874023 44.38769149780273 6.49351406097412
v 9.18323135375977 44.38769149780273 -0.00000615136696
v 1.52320110797882 2.91219854354858 1.523188829422
v -9.18321800231934 44.38769149780273 -0.00000615136696
v -6.49351406097412 44.38769149780273 6.49351406097412
v -1.49736571311951 55.82877349853516 -0.00000615714089
v -1.05879557132721 55.82877349853516 1.0587956905365
v 0.00000614559349 55.82877349853516 1.49736571311951
v 1.05880796909332 55.82877349853516 1.0587956905365
v 1.49737799167633 55.82877349853516 -0.00000615714089
v 0.00000615714089 2.89552640914917 1.72732675075531
v -1.49736571311951 55.12236785888672 -0.00000615714089
v -1.52318894863129 2.91219854354858 1.523188829422
v -1.72732675075531 2.89552640914917 -0.00000615136696
v 1.72733902931213 2.89552640914917 -0.00000615714089
v 1.49737799167633 55.12236785888672 -0.00000614559349
v 1.05880796909332 55.12236785888672 1.0587956905365
v 0.00000614559349 55.12236785888672 1.49736571311951
v -1.0587956905365 55.12236785888672 1.0587956905365
v -0.96308588981628 55.59237670898438 0.96308588981628
v -1.36201167106628 55.29718399047852 -0.00000615714089
v -1.36201167106628 55.59237670898438 -0.00000614559349
v 8.24971389770508 39.99150466918945 19.91655158996582
v 0.00000615714089 55.59237670898438 1.36201167106628
v 1.75174343585968 53.15450668334961 1.71771049499512
v 0.00000614559349 53.15279388427734 2.39510822296143
v -1.6935955286026 53.15279388427734 1.6935955286026
v -2.39510822296143 53.15279388427734 -0.00000616291436
v 2.40003728866577 53.29547500610352 -0.00000615136696
v 2.99729371070862 49.80925369262695 1.45147800445557
v 2.13349056243896 52.11863327026367 1.75425863265991
v 1.9230865240097 52.21358108520508 1.66475069522858
v 2.74806022644043 52.01997375488281 1.81334698200226
v 7.16212844848633 3.36474108695984 16.80834770202637
v 2.00908613204956 52.71714401245117 1.39884877204895
v -0.83283919095993 54.58237075805664 0.34496968984604
v 3.58656215667725 49.14582824707031 -0.00000615172803
v 2.77374458312988 51.2222900390625 1.98944270610809
v 6.09322023391724 52.42995452880859 -1.20131349563599
v -0.91369915008545 53.15279388427734 2.20587348937988
v 6.08445119857788 51.2286491394043 -0.00000615569752
v -10.11549282073975 4.49871301651001 15.29428100585938
v -10.80820465087891 2.85555481910706 14.67826557159424
v -12.91965007781982 5.20744800567627 12.71729755401611
v -12.27305507659912 4.64046192169189 13.23633193969727
v -13.63918304443359 4.78220748901367 11.91716575622559
v -24.02780532836914 16.00774383544922 9.95263862609863
v 2.99019408226013 51.17128753662109 1.92103362083435
v 17.02126693725586 0 -5.53083753585815
v -24.03189468383789 23.30270195007324 9.95433330535889
v -13.75357913970947 9.74334716796875 12.1531982421875
v -19.92208290100098 8.6264533996582 8.25199222564697
v 6.49659109115601 52.95027923583984 -0.00000615714089
v 6.49659109115601 52.44603729248047 1.21738755702972
v 6.49659109115601 51.22865295410156 1.7216477394104
v 6.49659109115601 50.01126098632812 1.2173867225647
v 6.49659109115601 49.50699996948242 -0.00000614848022
v 6.49659109115601 52.82754898071289 -0.00000614848022
v 6.49974822998047 52.37152099609375 1.14286828041077
v 6.49659109115601 51.22865295410156 1.59891843795776
v 6.49974822998047 50.08578109741211 1.14286720752716
v 6.49659109115601 49.62973022460938 -0.00000614559349
v 6.50536012649536 52.09487915039062 0.86623352766037
v 11.95337677001953 8.04238414764404 14.07052040100098
v 12.19037437438965 8.04238414764404 13.87429714202881
v 6.50536012649536 50.3624153137207 0.86623167991638
v 11.41898441314697 6.34142303466797 14.45085620880127
v 1.9807767868042 54.28870391845703 0.82045590877533
v 6.50536012649536 51.91294097900391 0.68429565429688
v 12.15491485595703 9.31810474395752 13.83438873291016
v 6.50536012649536 50.54435348510742 0.68429207801819
v 13.19895839691162 5.20744800567627 12.99221897125244
v 6.50082397460938 51.7656135559082 -0.00000614992359
v 6.50245761871338 51.61356735229492 0.38492742180824
v 6.50082397460938 51.2286491394043 0.5369770526886
v 6.50245761871338 50.84372329711914 0.38492208719254
v 6.50082397460938 50.69166946411133 -0.00000614992359
v 0.56016945838928 55.68354797363281 -1.35236001014709
v 0.00000615136696 56.90078353881836 1.50703382492065
v 2.27691149711609 53.05215072631836 -0.77127313613892
v 2.4361789226532 53.17276000976562 -0.00000615136696
v 18.13752937316895 3.36474108695984 -2.20160365104675
v -0.61725878715515 57.00138854980469 1.49020338058472
v 1.3879771232605 56.23296737670898 0.57491022348404
v 1.06480026245117 54.59494400024414 1.06478786468506
v 6.48721742630005 51.58512115478516 1.27112138271332
v 18.33481597900391 4.64046192169189 0.69090002775192
v 18.22431182861328 6.34142303466797 2.66368722915649
v 18.1621265411377 8.04238414764404 3.31665396690369
v 18.05839729309082 9.31810474395752 3.60925602912903
v -16.97114181518555 2.93950080871582 -5.51455354690552
v 17.50842475891113 9.74334716796875 4.42144250869751
v 0.67067325115204 2.87409210205078 0.67066097259521
v -12.80956935882568 9.74334716796875 13.18491554260254
v 0.72820740938187 2.87409210205078 -0.00000615136696
v 0.00000615136696 2.87409210205078 0.72819513082504
v -0.56015717983246 55.20600891113281 -1.35236001014709
v 16.51383018493652 4.64046192169189 7.35181570053101
v -0.56957215070724 54.55723190307617 1.37507748603821
v 0.91371148824692 52.94564056396484 -2.205885887146
v 0.00000615136696 52.94564056396484 -2.39512038230896
v -0.91369915008545 52.94564056396484 -2.205885887146
v -1.6935955286026 52.94564056396484 -1.69360780715942
v -2.20587348937988 52.94564056396484 -0.91371148824692
v 2.205885887146 53.30220031738281 -0.91371148824692
v 6.48721742630005 51.67530822753906 -0.18502943217754
v 13.49979019165039 2.93950080871582 -12.15489196777344
v 0.75717842578888 2.89552640914917 1.59085273742676
v 1.59086501598358 2.89552640914917 0.75716608762741
v 1.88359570503235 52.41408920288086 1.69177687168121
v -11.95336437225342 8.04238414764404 14.07052040100098
v -12.15490245819092 9.31810474395752 13.83438873291016
v 3.06374096870422 48.80295181274414 1.26903426647186
v -11.41897201538086 6.34142303466797 14.45085620880127
v -12.19036197662354 8.04238414764404 13.87429714202881
v -13.19894790649414 5.20744800567627 12.99221897125244
v -12.95754051208496 6.4831690788269 13.18885040283203
v -13.93403625488281 4.78220748901367 12.17479133605957
v -9.7657413482666 4.64046192169189 15.53295135498047
v 1.38797700405121 56.90078353881836 0.57491022348404
v 12.58330249786377 9.74334716796875 12.95200347900391
v 3.05094981193542 48.78479766845703 1.26373600959778
v 12.80958271026611 9.74334716796875 13.18491554260254
v 2.69679474830627 48.80295181274414 2.15492057800293
v 3.08924293518066 48.90560531616211 1.20746719837189
v 6.48721742630005 51.57158279418945 -0.34295544028282
v 0.56958442926407 56.34222030639648 1.37507748603821
v 6.48721742630005 51.41366195678711 -0.44668698310852
v 6.48721742630005 51.2286491394043 -0.48500323295593
v 0.91371148824692 56.15171432495117 2.20587372779846
v 0.00000615136696 56.15171432495117 2.39510822296143
v 1.69360780715942 56.15171432495117 1.6935955286026
v 0.89093852043152 56.08576965332031 2.1508948802948
v -0.91369915008545 56.15171432495117 2.20587348937988
v -1.6935955286026 56.15171432495117 1.6935955286026
v -10.70826053619385 0 14.74008083343506
v -7.41168546676636 0 16.64829635620117
v 2.11725807189941 52.13671875 1.67104053497314
v -13.34410381317139 0 12.63923835754395
v -2.21970200538635 48.77384948730469 0.91942697763443
v -3.70619297027588 2.57206320762634 17.43760299682617
v -1.26903438568115 52.0881462097168 3.06372880935669
v -3.78769397735596 0 17.82106399536133
v -22.74409484863281 12.08867073059082 9.42090892791748
v -10.8947229385376 4.07347297668457 14.2160701751709
v -9.90997695922852 4.49871301651001 14.98422050476074
v -14.88048362731934 8.04238414764404 10.81199836730957
v -13.80678272247314 8.04238414764404 12.20020961761475
v -14.91091632843018 6.34142303466797 10.83411121368408
v 3.78295421600342 2.57206320762634 17.79870414733887
v 0.00000615136696 2.93950080871582 18.1699275970459
v -0.89092618227005 56.08576965332031 2.15089464187622
v -1.76604270935059 56.04096221923828 -0.73152756690979
v 10.57950878143311 2.85555481910706 14.36766719818115
v 6.09322023391724 52.92752838134766 -0.00000614559349
v 6.09322023391724 52.42995071411133 1.20130121707916
v 6.09322023391724 51.22865295410156 1.69889831542969
v 6.09322023391724 50.02734756469727 1.20130062103271
v 6.09322023391724 49.52974700927734 -0.00000615425415
v 6.09322023391724 52.87293243408203 -0.00000615136696
v 6.09322023391724 52.3913459777832 1.16269445419312
v 6.09322023391724 51.22865295410156 1.6442996263504
v 17.52187538146973 6.4831690788269 4.52921676635742
v 17.74333000183105 8.04238414764404 3.546306848526
v 17.49397850036621 9.31810474395752 4.41779375076294
v 17.09943962097168 8.04238414764404 5.7329797744751
v 18.14276504516602 4.07347297668457 2.37737560272217
v 6.09322023391724 50.06595230102539 1.16269361972809
v 6.09322023391724 49.58434677124023 -0.00000614559349
v -15.45765018463135 2.93950080871582 -8.92448806762695
v -17.81711769104004 3.36474108695984 -2.16271257400513
v -2.20587372779846 56.15171432495117 0.91369915008545
v -13.26130485534668 2.93950080871582 -11.94017791748047
v -10.78151416778564 3.36474108695984 -14.34873580932617
v -2.39510822296143 56.15171432495117 -0.00000615136696
v -8.41768455505371 4.64046192169189 -15.93727684020996
v -6.68532943725586 6.34142303466797 -16.8128662109375
v 3.53586101531982 53.12590026855469 -0.00000615714089
v 3.19644045829773 52.69182968139648 1.29120290279388
v 3.60375714302063 49.25193405151367 -0.00000615136696
v 3.20506048202515 49.88775634765625 1.34322011470795
v 2.23924016952515 52.68633651733398 1.29347908496857
v 2.61969876289368 53.12590026855469 -0.00000615714089
v 6.09322023391724 51.22865295410156 -1.69891059398651
v 6.09322023391724 50.02734375 -1.20131289958954
v 2.09490513801575 52.21715545654297 1.63772225379944
v 6.09322023391724 52.3913459777832 -1.16270685195923
v 2.93279004096985 52.15151214599609 1.66491365432739
v 17.98000717163086 4.64046192169189 4.0973105430603
v 6.09322023391724 50.06595230102539 -1.16270589828491
v -2.1508948802948 56.08576965332031 0.89092618227005
v -6.09996509552002 8.04238414764404 -17.08257102966309
v -5.80054378509521 9.31810474395752 -17.13930511474609
v -1.88196611404419 9.74334716796875 -17.90050506591797
v 0.00000615136696 9.74334716796875 -17.99943542480469
v -3.58396482467651 9.74334716796875 -17.67044448852539
v 3.19659209251404 52.6917724609375 -1.2912392616272
v 3.20506048202515 49.88775634765625 -1.34323227405548
v 2.23930287361145 52.68630981445312 -1.29350137710571
v 6.09322023391724 51.22865295410156 -1.64431190490723
v 2.09528374671936 52.21701049804688 -1.63779473304749
v 18.30299758911133 4.49871301651001 1.11312913894653
v 2.93376994132996 52.1511344909668 -1.66508197784424
v -15.92965221405029 8.04238414764404 9.19698619842529
v 6.68511629104614 6.34142303466797 -16.81223678588867
v 8.56906795501709 4.64046192169189 -16.22386932373047
v -1.3623274564743 55.14607620239258 -0.56430321931839
v -14.93990612030029 4.64046192169189 10.85517501831055
v -14.96663188934326 2.99730348587036 10.87459373474121
v -15.99326324462891 4.64046192169189 9.2337121963501
v 18.12370681762695 0 -1.9054446220398
v -1.2151004076004 55.24939346313477 -0.50331974029541
v -1.38796484470367 54.52436447143555 -0.57492250204086
v 16.04251289367676 0 9.26213932037354
v -1.3623274564743 55.14607620239258 0.56429094076157
v -0.57445478439331 56.30450820922852 -1.38687765598297
v 1.61303520202637 52.41409301757812 1.88811480998993
v 1.6121016740799 52.92319107055664 1.89036881923676
v -12.85912132263184 8.04238414764404 13.23591804504395
v -12.83327102661133 9.31810474395752 13.20931053161621
v -5.34234523773193 3.25763726234436 -2.21288061141968
v -3.42084002494812 52.10630416870117 -0.37195163965225
v 1.62410640716553 52.21253967285156 -1.91395676136017
v -3.43067479133606 51.66539001464844 -0.38316032290459
v -3.43067479133606 49.2257080078125 -0.38316029310226
v -0.96308588981628 55.29718399047852 -0.96309816837311
v -1.70898914337158 52.21253967285156 -1.7090015411377
v -3.42084002494812 48.78479766845703 -0.37195163965225
v 10.97540664672852 3.36474108695984 -14.60676193237305
v 0.10819044709206 54.97743606567383 0.10817813873291
v 3.41606283187866 52.97600936889648 -0.72379368543625
v 1.36233985424042 55.75337600708008 0.56429094076157
v -0.91369915008545 56.89776229858398 -2.205885887146
v -0.91369915008545 53.23542022705078 -2.205885887146
v 2.58638429641724 52.09325408935547 -2.36023473739624
v 9.42092132568359 36.52640151977539 -22.74410629272461
v -12.58701515197754 8.04238414764404 12.95583915710449
v 0.66658812761307 54.54465866088867 0.66657584905624
v 2.61178016662598 50.45296478271484 2.36016416549683
v -2.68190264701843 52.10630416870117 -2.15590453147888
v -0.91369915008545 53.15279388427734 -2.205885887146
v -1.93089962005615 4.64046192169189 -18.36594200134277
v 14.91092872619629 6.34142303466797 10.83411121368408
v 1.94879114627838 52.21664047241211 -1.63794827461243
v 1.50704610347748 56.23296737670898 -0.00000615136696
v -1.2151004076004 55.24939346313477 0.50330740213394
v 0.96309816837311 55.59237670898438 -0.96309816837311
v -3.57846426963806 50.44554901123047 -0.00000615136696
v -2.30785393714905 48.77874374389648 -2.30786633491516
v 15.29552555084229 8.6264533996582 -15.29552555084229
v 0.00000615714089 55.29718399047852 -1.36202394962311
v 6.09322023391724 49.66397857666016 -0.64811623096466
v 0.00000619787897 16.00774383544922 -26.08907699584961
v 0.00000610517873 12.08867073059082 -24.69524192810059
v 0.00000615136696 44.94869613647461 -5.46619415283203
v 0.00000615136696 8.6264533996582 -21.63113975524902
v 0.00000615136696 4.90182161331177 -13.75547027587891
v 0.00000614559349 52.11730575561523 -2.62828397750854
v 0.00000615136696 23.30270195007324 -26.09352111816406
v 0.00000615136696 25.31237030029297 -26.0935173034668
v -2.69678258895874 51.66539001464844 -2.15493297576904
v -12.82304859161377 6.67542791366577 -12.82306098937988
v 0.00000615136696 32.60732650756836 -26.08907508850098
v 0.00000619755565 36.52640151977539 -24.69524192810059
v 0.00000615136696 39.99150466918945 -21.6251335144043
v 0.00000615136696 43.57160568237305 -14.23773097991943
v -14.56129455566406 9.74334716796875 10.58007907867432
v 0.00000615136696 23.67427444458008 -26.41160774230957
v 0.00000615136696 24.9407958984375 -26.4116096496582
v 18.11586761474609 2.85555481910706 2.02104258537292
v 0.00000615136696 41.95695114135742 -18.0985164642334
v 0.00000615136696 3.25763726234436 -5.8006591796875
v -3.86517238616943 44.94869613647461 -3.86518502235413
v -15.29551315307617 8.6264533996582 -15.29552555084229
v -12.79757308959961 41.95695114135742 -12.79758548736572
v 13.53965473175049 0 -12.1907844543457
v -15.29126834869385 39.99150466918945 -15.29128074645996
v -14.85057067871094 9.31810474395752 10.79026412963867
v 12.82306098937988 6.67542791366577 -12.82306098937988
v 16.73896980285645 9.74334716796875 7.45204639434814
v 6.86412334442139 4.07347297668457 -16.54315757751465
v -2.92199325561523 45.62650299072266 -2.92200565338135
v -17.46216201782227 12.08867073059082 -17.4621753692627
v 2.30786633491516 48.77874374389648 -2.30786633491516
v -2.15492057800293 48.80295181274414 2.69678235054016
v 0.00000615136696 48.77874374389648 -3.26381301879883
v -0.38314801454544 49.2257080078125 -3.43068718910217
v -0.37193933129311 48.78479766845703 -3.42085242271423
v -2.15589237213135 48.78479766845703 -2.68191480636597
v -18.44775199890137 16.00774383544922 -18.44776344299316
v 0.00000615714089 52.21253967285156 -2.4168906211853
v -9.72657585144043 4.90181875228882 -9.72658824920654
v -2.15492057800293 49.2257080078125 -2.69679498672485
v -18.45089340209961 23.30270195007324 -18.45090484619141
v -18.45089340209961 25.31237030029297 -18.45090484619141
v -18.44775199890137 32.60732650756836 -18.4477653503418
v -10.06758594512939 43.57160568237305 -10.06759834289551
v -18.67581748962402 23.67427444458008 -18.67582893371582
v -18.67581748962402 24.9407958984375 -18.67582702636719
v -4.10167455673218 3.25763440132141 -4.10168695449829
v 0.00000615136696 45.62650299072266 -4.13233804702759
v -17.46216201782227 36.52640151977539 -17.4621753692627
v 0.86821490526199 54.54465866088867 -0.35962995886803
v -2.69678258895874 49.2257080078125 -2.15493297576904
v 4.10168695449829 3.25763440132141 -4.10168695449829
v 17.47334289550781 5.20744800567627 4.83009386062622
v 2.92200565338135 45.62650299072266 -2.92200565338135
v 18.44776344299316 16.00774383544922 -18.4477653503418
v 1.92323195934296 8.04238414764404 -18.29289054870605
v 17.4621753692627 12.08867073059082 -17.4621753692627
v 1.9271651506424 6.34142303466797 -18.33030319213867
v 3.66230916976929 8.04238414764404 -18.05714225769043
v 1.91936576366425 9.31810474395752 -18.25611877441406
v 18.45090484619141 23.30270195007324 -18.45090675354004
v 1.93091201782227 4.64046192169189 -18.36594009399414
v 18.45090675354004 25.31237030029297 -18.45090675354004
v 18.4477653503418 32.60732650756836 -18.4477653503418
v 3.86518478393555 44.94869613647461 -3.86518478393555
v 1.934366106987 2.99730348587036 -18.39879417419434
v 17.4621753692627 36.52640151977539 -17.4621753692627
v 9.72658824920654 4.90182161331177 -9.72658824920654
v 18.67582893371582 24.9407958984375 -18.67582893371582
v 18.67582893371582 23.67427444458008 -18.67582893371582
v 15.29128074645996 39.99150466918945 -15.29128074645996
v 10.06759738922119 43.57160568237305 -10.06759738922119
v 2.15590476989746 48.78479766845703 -2.68191480636597
v 0.00000605899049 6.67542791366577 -18.13454437255859
v 17.59954071044922 4.64046192169189 4.01060914993286
v 12.79758453369141 41.95695114135742 -12.79758548736572
v 0.37195163965225 48.78479766845703 -3.42085242271423
v 0.38316032290459 49.2257080078125 -3.43068718910217
v 0.00000613982002 46.17448425292969 -2.39680147171021
v -1.694784283638 46.17448425292969 -1.69479632377625
v 1.69479656219482 46.17448425292969 -1.69479632377625
v 0.00000613982002 48.77385330200195 -2.41013526916504
v 1.70422470569611 48.77385330200195 -1.70422446727753
v -1.70421242713928 48.77385330200195 -1.70422470569611
v 0.38316032290459 51.66539001464844 -3.43068718910217
v 2.6025071144104 51.60198974609375 -2.38256335258484
v 1.06564426422119 56.90078353881836 1.06563210487366
v 2.68191480636597 48.78479766845703 -2.15590476989746
v 2.68146014213562 49.13509368896484 -2.19195437431335
v 2.15493297576904 49.2257080078125 -2.69679474830627
v 1.06480026245117 55.09775543212891 -1.06480026245117
v 0.00000615136696 55.80169677734375 1.50584006309509
v -3.06372880935669 48.80295181274414 1.26903438568115
v -2.15492057800293 51.66539001464844 -2.69679474830627
v -2.68190264701843 48.78479766845703 -2.15590453147888
v 0.00000615714089 56.08576965332031 -2.33542513847351
v 1.6513968706131 56.08576965332031 -1.6513968706131
v -1.65138459205627 56.08576965332031 -1.6513968706131
v 1.50704610347748 56.90078353881836 -0.00000615136696
v -1.8584668636322 52.11730575561523 -1.85847926139832
v 0.96309816837311 55.29718399047852 -0.96309816837311
v -14.54928016662598 9.31810474395752 10.57134914398193
v 0.00000615714089 57.00063323974609 -2.2841112613678
v 1.61511242389679 57.00063323974609 -1.61511242389679
v -1.61510014533997 57.00063323974609 -1.61511242389679
v -2.31091094017029 52.11235809326172 -2.3109233379364
v -2.15589213371277 52.10630416870117 -2.68191480636597
v -0.37193933129311 52.10630416870117 -3.42085242271423
v -0.00002687330561 53.26032257080078 -2.18852305412292
v 1.54729962348938 53.27586364746094 -1.54734647274017
v -1.54753232002258 53.26032257080078 -1.54754459857941
v -0.38314801454544 51.66539001464844 -3.43068718910217
v 0.37195166945457 52.10630416870117 -3.42085242271423
v 6.48721742630005 51.04158401489258 -0.86214882135391
v -2.15492057800293 52.0881462097168 2.69678258895874
v 6.10259389877319 52.18270111083984 -0.54354828596115
v 0.00000615136696 52.11235809326172 -3.26813673973083
v 0.00000615136696 48.78950500488281 -3.5690815448761
v 2.5237238407135 48.78950500488281 -2.52372336387634
v -2.52371120452881 48.78950500488281 -2.52372336387634
v 0.00000615072577 52.10159683227539 -3.5690815448761
v 1.76201057434082 52.11730575561523 -2.07384061813354
v 2.2146909236908 52.11235809326172 -2.4478645324707
v -1.86570644378662 46.10752868652344 -1.86571860313416
v 2.52372336387634 52.10159683227539 -2.52372336387634
v -2.52371120452881 52.10159683227539 -2.52372336387634
v 0.86821490526199 56.35478973388672 -0.35962995886803
v -3.05093741416931 48.78479766845703 -1.26374840736389
v 0.00000613982002 46.10752868652344 -2.63852214813232
v 0.00000613693328 57.00138854980469 -1.61805558204651
v 1.14413976669312 57.00138854980469 -1.14413976669312
v -1.14412748813629 57.00138854980469 -1.14413976669312
v 1.86571872234344 46.10752868652344 -1.86571872234344
v 2.08528661727905 44.94869613647461 -5.03431797027588
v -1.26903426647186 49.2257080078125 3.06372857093811
v -1.57642507553101 45.62650299072266 3.80583596229553
v 14.56561660766602 8.04238414764404 10.58321094512939
v 1.52077639102936 54.28289031982422 -1.52077651023865
v 0.00000613982002 54.28094863891602 -2.15070009231567
v 2.53036713600159 49.2257080078125 -2.53036713600159
v 2.53036713600159 51.66539001464844 -2.53036713600159
v 0.00000615100635 49.2257080078125 -3.57847666740417
v 0.0000061520891 51.66539001464844 -3.57847666740417
v -2.53035497665405 49.2257080078125 -2.53036713600159
v -2.53035497665405 51.66539001464844 -2.53036713600159
v -1.52076423168182 54.28094863891602 -1.52077651023865
v 1.37947106361389 54.89888763427734 -1.37947106361389
v 0.00000615425415 54.89888381958008 -1.95086407661438
v -1.37945878505707 54.89888763427734 -1.37947106361389
v 2.15590476989746 52.10630416870117 -2.68191480636597
v 2.15493297576904 51.66539001464844 -2.69679498672485
v -3.80583596229553 45.62650299072266 1.57642507553101
v -7.15301084518433 2.85555481910706 -16.34596061706543
v -2.20587372779846 56.89776229858398 0.91369915008545
v 0.00000615136696 54.44565582275391 -0.15937167406082
v 0.11269460618496 54.44565582275391 -0.11269460618496
v -0.11268230527639 54.44565582275391 -0.11269460618496
v 4.11416339874268 52.97600936889648 -0.72379368543625
v 1.37508976459503 56.34222030639648 0.56957215070724
v 1.50585234165192 56.30450820922852 -0.00000615136696
v 0.00000615136696 55.0046501159668 -0.1338773816824
v 0.10019928961992 54.99759292602539 -0.10019928961992
v -0.10018698871136 54.99759292602539 -0.10019928961992
v 0.00000610517873 44.38769149780273 -9.18323135375977
v 6.49352645874023 44.38769149780273 -6.49352645874023
v 1.52320110797882 2.91219854354858 -1.52320110797882
v -6.49351406097412 44.38769149780273 -6.49352645874023
v -1.0587956905365 55.82877349853516 -1.05880796909332
v 0.00000615425415 55.82877349853516 -1.49737799167633
v 1.05880796909332 55.82877349853516 -1.05880808830261
v 0.00000615714089 2.89552640914917 -1.72733902931213
v -1.523188829422 2.91219854354858 -1.52320122718811
v 1.05880808830261 55.12236785888672 -1.05880796909332
v 0.00000615714089 55.12236785888672 -1.49737799167633
v -1.0587956905365 55.12236785888672 -1.05880796909332
v -0.96308588981628 55.59237670898438 -0.96309816837311
v 0.00000614559349 55.59237670898438 -1.36202394962311
v 1.75174343585968 53.15450668334961 -1.71772277355194
v 0.00000616291436 53.15279388427734 -2.39512062072754
v -1.6935955286026 53.15279388427734 -1.69360780715942
v 2.99729371070862 49.80925369262695 -1.45149028301239
v 2.13353204727173 52.11861801147461 -1.75427770614624
v 1.92312848567963 52.21356582641602 -1.66476964950562
v 2.74820399284363 52.01991653442383 -1.81338238716125
v -1.26373600959778 52.10630416870117 3.05093741416931
v 2.00909042358398 52.71714401245117 -1.3988618850708
v 2.77376770973206 51.22228240966797 -1.98945868015289
v 17.14017486572266 4.78220748901367 5.85329341888428
v 1.49021565914154 57.00138854980469 0.61725878715515
v -3.77654218673706 2.93950080871582 17.76859283447266
v -3.78294205665588 2.57206320762634 17.79870414733887
v -7.16211605072021 3.36474108695984 16.80834770202637
v 2.99033117294312 51.17123413085938 -1.92106771469116
v -16.70174789428711 6.67542791366577 6.91808700561523
v 2.77950978279114 52.02200317382812 1.71855735778809
v -12.66865825653076 4.90182161331177 5.24752616882324
v 6.49659109115601 52.44603729248047 -1.21739983558655
v 6.49659109115601 51.22865295410156 -1.72165989875793
v 6.49659109115601 50.01126098632812 -1.21739912033081
v 6.49974822998047 52.37152099609375 -1.14288067817688
v 6.49659109115601 51.22865295410156 -1.59893071651459
v 6.49974822998047 50.08578109741211 -1.14287948608398
v 6.50536012649536 52.09487915039062 -0.86624580621719
v 13.93404674530029 4.78220748901367 12.17479133605957
v 6.50536012649536 50.36241149902344 -0.86624395847321
v 6.50536012649536 51.91294097900391 -0.6843079328537
v 12.95755100250244 6.4831690788269 13.18885040283203
v 6.50536012649536 50.54435348510742 -0.68430435657501
v 6.50245761871338 51.61356735229492 -0.38493973016739
v 6.50082397460938 51.2286491394043 -0.53698939085007
v 6.50245761871338 50.84372329711914 -0.38493436574936
v -5.03307723999023 8.04238414764404 -17.75429916381836
v 6.09322023391724 52.74302291870117 0.6272759437561
v 2.27691149711609 53.05215072631836 0.77126079797745
v -5.02295970916748 9.31810474395752 -17.71860885620117
v -2.39510822296143 56.89776229858398 -0.00000615136696
v 10.70827293395996 0 14.74008083343506
v 6.48721742630005 51.2286491394043 0.90088021755218
v -5.43150281906128 43.57160568237305 13.11281585693359
v 9.95434474945068 25.31237030029297 -24.03190803527832
v -2.10363507270813 57.00063323974609 0.87135052680969
v -6.91808700561523 6.67542791366577 -16.70176124572754
v 0.56430321931839 55.75337600708008 1.3623274564743
v 6.48721742630005 50.11062240600586 -0.58148449659348
v 1.91582107543945 9.74334716796875 -18.2224006652832
v 0.00000615136696 9.74334716796875 -18.32311058044434
v 2.205885887146 56.15171432495117 0.91369915008545
v 2.39512038230896 56.15171432495117 -0.00000615136696
v 2.15090703964233 56.08576965332031 0.89092618227005
v -17.74331665039062 8.04238414764404 3.546306848526
v 6.91809940338135 6.67542791366577 16.70174789428711
v 2.60573363304138 52.03594207763672 2.3747615814209
v -14.98590183258057 0 10.88859367370605
v 6.10259389877319 51.77218246459961 0.95406121015549
v -16.04250144958496 0 9.26213932037354
v 6.09322023391724 50.60137176513672 -1.51439762115479
v -0.38314801454544 52.0881462097168 3.43067479133606
v -14.64993000030518 2.99730348587036 10.64448070526123
v -2.43004441261292 46.10752868652344 1.00655376911163
v -14.62376976013184 4.64046192169189 10.62547302246094
v -14.59539222717285 6.34142303466797 10.60485553741455
v -15.65483665466309 4.64046192169189 9.03832244873047
v 3.64819741249084 9.74334716796875 -17.98756217956543
v -5.01368284225464 9.74334716796875 -17.68588447570801
v -3.64818477630615 9.74334716796875 -17.98756217956543
v 6.48721742630005 51.22865295410156 1.34494829177856
v 2.79416799545288 51.72558212280273 1.93402445316315
v 1.76605498790741 56.04096221923828 -0.73152756690979
v 1.35592019557953 56.04096221923828 -1.35592019557953
v -0.82045590877533 54.28094863891602 1.98076462745666
v -16.87081336975098 4.64046192169189 7.51074743270874
v -14.5656042098999 8.04238414764404 10.58321094512939
v 4.13104581832886 53.12590026855469 -0.00000614848022
v 3.97360348701477 52.57558822631836 1.39331781864166
v 4.03362703323364 51.22055816650391 1.90062463283539
v 4.06450462341309 49.8870735168457 1.34157264232636
v 4.11486005783081 49.33137512207031 -0.00000614848022
v 4.03365039825439 51.22055053710938 -1.90064072608948
v 3.97369599342346 52.57555389404297 -1.39334487915039
v 4.06450462341309 49.8870735168457 -1.34158492088318
v 17.67149925231934 8.9873628616333 3.77068257331848
v 17.28804969787598 3.18060851097107 5.19405221939087
v 15.76229572296143 2.57206320762634 -9.10036849975586
v 17.49778747558594 6.37686014175415 5.89377498626709
v 1.93279790878296 52.41448974609375 1.58989155292511
v 2.24521899223328 53.1282958984375 0.81874024868011
v 2.21571922302246 53.2479133605957 0.88995939493179
v 18.16058921813965 6.13730764389038 3.27767848968506
v 17.7864933013916 6.13730764389038 3.20981025695801
v 18.2309627532959 2.9538140296936 -1.58262777328491
v -1.26903438568115 51.66539001464844 3.06372880935669
v 17.8553295135498 2.9538140296936 -1.55036997795105
v 17.43398094177246 9.31810474395752 5.84514141082764
v 18.02486038208008 8.9873628616333 3.84646844863892
v -3.06372857093811 52.0881462097168 1.26903426647186
v 17.66178321838379 3.18060851097107 5.30633735656738
v 17.12752532958984 6.37686014175415 5.76905965805054
v 17.08027648925781 9.31810665130615 5.72655391693115
v 15.8976411819458 9.31810474395752 9.17849826812744
v 15.96224308013916 6.34142303466797 9.21579551696777
v 16.02188491821289 2.99730348587036 9.25023078918457
v -3.05093741416931 52.10630416870117 1.26373600959778
v 2.41478705406189 53.21961975097656 -0.00000615136696
v -2.69678235054016 52.0881462097168 2.15492057800293
v 15.44250965118408 2.57206320762634 -8.91573905944824
v 15.68285465240479 2.99730348587036 9.05449104309082
v 15.62447261810303 6.34142303466797 9.02078437805176
v 15.57510662078857 9.31810665130615 8.99228286743164
v 12.10126495361328 8.9873628616333 13.41861057281494
v 13.14221477508545 3.18060851097107 12.37485027313232
v 0.00000615136696 2.57206320762634 18.20071792602539
v 13.85305976867676 6.37686014175415 12.20662689208984
v -16.44326591491699 9.74334716796875 7.32040739059448
v 1.98431181907654 52.96885299682617 1.44862651824951
v 12.58702754974365 8.04238414764404 12.95583915710449
v 11.91885375976562 6.13730764389038 14.08867645263672
v 11.67303276062012 6.13730764389038 13.79863548278809
v 7.74489402770996 2.9538140296936 16.57977485656738
v 8.25200462341309 8.6264533996582 19.92208290100098
v 7.5850133895874 2.9538140296936 16.23834037780762
v 13.77904033660889 9.31810474395752 12.17568588256836
v 12.34357833862305 8.9873628616333 13.68673706054688
v 13.3441162109375 0 12.63923835754395
v 13.42632389068604 3.18060851097107 12.64236831665039
v 13.55992221832275 6.37686014175415 11.94832801818848
v 13.49948787689209 9.31810474395752 11.92866134643555
v -1.00264811515808 52.11730575561523 2.42061495780945
v 0.00000615136696 2.57206320762634 17.83146095275879
v -12.10125255584717 8.9873628616333 13.41861057281494
v -13.14220237731934 3.18060851097107 12.37485027313232
v -13.85304927825928 6.37686014175415 12.20662689208984
v 13.51463603973389 8.04238414764404 11.94204711914062
v -0.87135052680969 57.00063323974609 2.10363507270813
v -11.91884326934814 6.13730764389038 14.08867645263672
v -11.673020362854 6.13730764389038 13.79863548278809
v -7.74488162994385 2.9538140296936 16.57977485656738
v -2.39510822296143 53.23542022705078 -0.00000615136696
v -7.58500099182129 2.9538140296936 16.23834037780762
v -13.77902793884277 9.31810474395752 12.17568588256836
v -12.34356594085693 8.9873628616333 13.68673706054688
v -13.42631149291992 3.18060851097107 12.64236831665039
v -13.55991077423096 6.37686014175415 11.94832801818848
v -13.49947643280029 9.31810665130615 11.92866230010986
v -15.897629737854 9.31810474395752 9.17849826812744
v -15.96223068237305 6.34142303466797 9.21579551696777
v -16.02187347412109 2.99730348587036 9.25023078918457
v -1.20113277435303 52.11235427856445 2.89979958534241
v 12.57291984558105 9.31810474395752 12.94131755828857
v -2.20587348937988 53.15279388427734 0.91369915008545
v -15.68284225463867 2.99730348587036 9.05449104309082
v -15.62446022033691 6.34142303466797 9.02078342437744
v -15.57509422302246 9.31810665130615 8.99228286743164
v -17.67148590087891 8.9873628616333 3.77068257331848
v -17.28804016113281 3.18060851097107 5.19405221939087
v -15.76228332519531 2.57206320762634 -9.10036849975586
v -17.49777412414551 6.37686014175415 5.89377498626709
v 11.9428653717041 8.04238414764404 13.5930061340332
v 2.10364747047424 57.00063323974609 0.87135052680969
v -0.3596176803112 54.54465866088867 -0.86821490526199
v -18.16057586669922 6.13730764389038 3.27767848968506
v -17.78647994995117 6.13730764389038 3.20981025695801
v -18.23094940185547 2.9538140296936 -1.58262777328491
v 1.0026603937149 52.11730575561523 2.42061495780945
v -17.85531806945801 2.9538140296936 -1.55036997795105
v -17.43396759033203 9.31810474395752 5.84514141082764
v -18.02484703063965 8.9873628616333 3.84646844863892
v 1.20114505290985 52.11235427856445 2.89979958534241
v -17.66176986694336 3.18060851097107 5.30633735656738
v -17.12751197814941 6.37686014175415 5.76905965805054
v -17.08026313781738 9.31810474395752 5.72655391693115
v 6.10259389877319 50.88570785522461 0.3429379761219
v -15.44249725341797 2.57206320762634 -8.91573905944824
v -5.57082939147949 8.9873628616333 -17.19099617004395
v -4.14582920074463 3.18060851097107 -17.56892013549805
v -3.64472055435181 6.37686014175415 -18.10042190551758
v -2.015629529953 53.26032257080078 0.83489751815796
v -0.34496968984604 54.58237075805664 -0.83285146951675
v -6.24172639846802 6.13730764389038 -17.36637306213379
v -6.11349058151245 6.13730764389038 -17.00856590270996
v -10.48606204986572 2.9538140296936 -14.99716567993164
v -22.74409484863281 36.52640151977539 9.42090892791748
v -10.27030944824219 2.9538140296936 -14.68798828125
v -3.65493488311768 9.31810665130615 -18.02084541320801
v -5.68127584457397 8.9873628616333 -17.53322410583496
v -4.23545408248901 3.18060851097107 -17.9487247467041
v -3.56759643554688 6.37686014175415 -17.7174072265625
v -3.58083915710449 9.31810665130615 -17.65539169311523
v 0.00000612827307 9.31810474395752 -18.35701560974121
v 0.00000615136696 6.34142303466797 -18.43161010742188
v 0.00000615136696 2.99730348587036 -18.50048065185547
v 6.10259389877319 50.74365615844727 -0.00000615136696
v -17.51069831848145 4.78220748901367 5.97982978820801
v 0.57492250204086 54.52436447143555 1.38796484470367
v 0.00000615136696 2.99730348587036 -18.1089973449707
v 0.00000612827307 6.34142303466797 -18.04158592224121
v 0.00000615136696 9.31810665130615 -17.98458290100098
v 5.57024049758911 8.9873628616333 -17.1893138885498
v 4.14584159851074 3.18060851097107 -17.56892013549805
v 3.64473295211792 6.37686014175415 -18.10042190551758
v -12.66865825653076 4.90182161331177 -5.24753856658936
v 4.92512845993042 9.74334716796875 -17.37346458435059
v 6.24173927307129 6.13730764389038 -17.36637306213379
v 6.1134672164917 6.13730764389038 -17.00846290588379
v 10.48607540130615 2.9538140296936 -14.99716567993164
v 6.10259389877319 51.77218246459961 -0.95407354831696
v 10.2703218460083 2.9538140296936 -14.68798828125
v 3.65494728088379 9.31810474395752 -18.02084541320801
v 5.68128776550293 8.9873628616333 -17.53322410583496
v 4.23546600341797 3.18060851097107 -17.9487247467041
v 3.56760859489441 6.37686014175415 -17.7174072265625
v 3.58079481124878 9.31810474395752 -17.65523529052734
v -2.42061495780945 52.11730575561523 1.00264811515808
v 1.26904666423798 50.44554901123047 3.06372857093811
v 0.91371148824692 56.89776229858398 2.20587372779846
v 0.00000615136696 56.89776229858398 2.39510822296143
v 0.57492250204086 56.90078353881836 1.38796484470367
v -0.57445478439331 55.80169677734375 1.38686537742615
v -13.52265548706055 2.57206320762634 -12.1754903793335
v 0.00000615136696 2.93950080871582 17.84895706176758
v 2.20743417739868 46.17448425292969 0.91434043645859
v 6.10259389877319 52.3466682434082 -0.58148384094238
v 0.56430321931839 55.14607620239258 1.3623274564743
v 1.06480026245117 55.09775543212891 1.06478798389435
v 1.21511268615723 55.65005493164062 -0.50331974029541
v 0.00000615136696 55.09775543212891 1.50584006309509
v -2.20742177963257 46.17448425292969 -0.91435277462006
v 0.57123422622681 55.82877349853516 1.37906050682068
v -15.86826801300049 9.74334716796875 9.16154670715332
v 6.08445119857788 51.50041961669922 -1.06664264202118
v 0.56958442926407 54.55723190307617 -1.37508976459503
v 6.48721742630005 52.3466682434082 -0.58148384094238
v 1.38687765598297 55.09775543212891 0.57445478439331
v 1.36233985424042 55.14607620239258 0.56429094076157
v 1.50585234165192 55.09775543212891 -0.00000615136696
v 6.10259389877319 51.59836196899414 0.84637814760208
v -9.95433330535889 25.31237030029297 24.03189468383789
v -9.95263862609863 32.60732650756836 24.02780532836914
v 6.08445119857788 51.2286491394043 -1.12292647361755
v -9.42090892791748 36.52640151977539 22.74409484863281
v 6.10259389877319 51.81012344360352 1.11802899837494
v 6.08445119857788 50.95688247680664 -1.06664025783539
v -8.24970149993896 39.99150466918945 19.91655158996582
v -2.39510822296143 52.94564056396484 -0.00000615136696
v 0.34498196840286 56.31707763671875 0.83283919095993
v 6.50082397460938 51.41392135620117 0.49860775470734
v 6.48721742630005 51.04363250732422 0.44667121767998
v -5.34234523773193 3.25763726234436 2.21286821365356
v -5.24752616882324 4.90182161331177 -12.66867065429688
v 0.57446712255478 56.30450820922852 1.38686537742615
v 3.01737523078918 52.43862152099609 -1.54600095748901
v 0.38316032290459 52.0881462097168 -3.43068718910217
v 4.04359483718872 50.50486373901367 -1.74738383293152
v -0.14090158045292 54.97743606567383 0.05835973843932
v -0.15298953652382 54.97743606567383 -0.00000615136696
v -0.12328810989857 55.0046501159668 0.06138173490763
v -0.10817813873291 54.97743606567383 0.10817813873291
v 0.50331974029541 55.24939346313477 1.2151004076004
v 0.57446712255478 55.80169677734375 1.38686525821686
v -1.38686537742615 55.09775543212891 0.57445478439331
v 0.57492250204086 56.23296737670898 1.38796472549438
v 0.00000615136696 56.23296737670898 1.50703382492065
v 3.25388216972351 49.41588592529297 -0.83148676156998
v 2.205885887146 56.89776229858398 -0.91371148824692
v 1.69360780715942 56.89776229858398 -1.69360780715942
v 1.97573447227478 52.14081954956055 -1.66935431957245
v 0.1467804312706 54.44565582275391 0.0607897490263
v -0.57491022348404 56.23296737670898 1.38796484470367
v -1.06563198566437 56.23296737670898 1.06563210487366
v -6.90434265136719 41.95695114135742 -16.6685791015625
v 2.12462902069092 52.41677474975586 -1.55504941940308
v 3.57847666740417 48.80295181274414 -0.00000615136696
v -1.37507748603821 56.34222030639648 -0.56958442926407
v 6.09322023391724 51.85593032836914 1.51438581943512
v 1.38687765598297 56.30450820922852 -0.57446712255478
v 0.91435277462006 46.17448425292969 2.20742177963257
v 6.08445119857788 51.45198059082031 0.22333426773548
v -17.80353927612305 0 -1.87178516387939
v 1.38687765598297 54.59494400024414 0.57445478439331
v 1.50585234165192 54.59494400024414 -0.00000615136696
v 1.37508976459503 54.55723190307617 0.56957215070724
v -17.02125549316406 0 -5.530837059021
v -0.91434043645859 46.17448425292969 2.20742177963257
v 6.08445119857788 51.47114181518555 -0.00000615136696
v -17.90065002441406 6.4831690788269 4.62712907791138
v -2.08527421951294 44.94869613647461 5.03430557250977
v -3.50327563285828 44.38769149780273 8.45766448974609
v 6.48721742630005 52.499755859375 -0.35647985339165
v 2.90250611305237 50.50486373901367 1.74737155437469
v 6.48721742630005 49.95752716064453 -0.35648041963577
v -1.35234761238098 55.20600891113281 0.56015717983246
v -0.93291252851486 55.65005493164062 -0.93292480707169
v 0.93292480707169 55.65005493164062 0.93291252851486
v -1.31933999061584 55.65005493164062 -0.00000615425415
v -0.93291252851486 55.65005493164062 0.93291252851486
v 1.47920942306519 55.75337600708008 -0.00000614559349
v 1.4930534362793 56.34222030639648 -0.00000615714089
v 0.00000614848022 55.65005493164062 1.31933999061584
v 0.90429836511612 56.31707763671875 -0.00000615425415
v 1.04596078395844 55.75337600708008 -1.04596078395844
v 1.05575001239777 56.34222030639648 -1.05575001239777
v 0.63943725824356 56.31707763671875 -0.63943737745285
v 0.00000614848022 56.31707763671875 -0.90429836511612
v 0.00000615714089 55.75337600708008 -1.47920942306519
v 0.00000614559349 56.34222030639648 -1.4930534362793
v -0.63942503929138 56.31707763671875 -0.63943731784821
v -0.9042860865593 56.31707763671875 -0.00000614848022
v -1.04594850540161 55.75337600708008 -1.04596078395844
v -1.05573773384094 56.34222030639648 -1.05575001239777
v -0.63942497968674 56.31707763671875 0.63942503929138
v 0.00000615425415 56.31707763671875 0.9042860865593
v -1.47919714450836 55.75337600708008 -0.00000615714089
v -1.49304103851318 56.34222030639648 -0.00000614559349
v 0.63943731784821 56.31707763671875 0.63942503929138
v -10.07568073272705 24.9407958984375 -24.32486343383789
v -1.04594850540161 55.75337600708008 1.04594850540161
v -1.05573773384094 56.34222030639648 1.05573773384094
v -1.38686537742615 55.09775543212891 -0.57446712255478
v -10.07568073272705 23.67427444458008 -24.32486343383789
v 0.00000614559349 55.75337600708008 1.47919714450836
v 0.00000615425415 56.34222030639648 1.49304103851318
v 12.83328437805176 9.31810474395752 13.20931053161621
v -1.79671716690063 54.89888763427734 -0.74423336982727
v 1.04596078395844 55.75337600708008 1.04594850540161
v 1.05575001239777 56.34222030639648 1.05573773384094
v -0.38314801454544 48.80295181274414 3.43067479133606
v 1.31935226917267 55.65005493164062 -0.00000614848022
v 1.66856396198273 52.13215637207031 1.96428775787354
v 0.93292480707169 55.65005493164062 -0.93292480707169
v -1.26373600959778 48.78479766845703 3.05093741416931
v 0.00000615425415 55.65005493164062 -1.31935226917267
v -0.93291252851486 55.24939346313477 -0.93292480707169
v 0.93292480707169 55.24939346313477 0.93291252851486
v -1.31933999061584 55.24939346313477 -0.00000615714089
v -0.93291252851486 55.24939346313477 0.93291252851486
v 1.47920942306519 55.14607620239258 -0.00000615714089
v 1.49305331707001 54.55722808837891 -0.00000614848022
v 0.00000614559349 55.24939346313477 1.31933999061584
v 0.90429836511612 54.58237075805664 -0.00000615281078
v 1.04596078395844 55.14607620239258 -1.04596078395844
v 1.05574989318848 54.55722808837891 -1.05574989318848
v 0.63943731784821 54.58237075805664 -0.63943731784821
v 0.00000614992359 54.58237075805664 -0.90429836511612
v 0.00000615425415 55.14607620239258 -1.47920954227448
v 0.00000615425415 54.55722808837891 -1.49305331707001
v -0.63942497968674 54.58237075805664 -0.63943737745285
v -0.9042860865593 54.58237075805664 -0.00000614992359
v -1.04594850540161 55.14607620239258 -1.04596078395844
v -1.05573773384094 54.55723190307617 -1.05575001239777
v -0.63942503929138 54.58237075805664 0.63942503929138
v 0.00000615281078 54.58237075805664 0.9042860865593
v -1.47919726371765 55.14607620239258 -0.00000615425415
v -1.49304103851318 54.55722808837891 -0.00000615425415
v 0.63943725824356 54.58237075805664 0.63942503929138
v -1.04594850540161 55.14607620239258 1.04594850540161
v -1.05573761463165 54.55722808837891 1.05573761463165
v 0.00000615714089 55.14607238769531 1.47919714450836
v 0.00000614848022 54.55722808837891 1.49304103851318
v 1.04596078395844 55.14607620239258 1.04594850540161
v 1.05574989318848 54.55722808837891 1.05573761463165
v 1.31935226917267 55.24939346313477 -0.00000614559349
v 0.93292480707169 55.24939346313477 -0.93292480707169
v 0.00000615714089 55.24939346313477 -1.31935226917267
v 6.08445119857788 51.45198059082031 -0.22334656119347
v 6.08445119857788 51.2286491394043 -0.24250468611717
v 0.82046818733215 54.28094863891602 1.98076438903809
v -1.46836125850677 55.20600891113281 -0.00000615136696
v -1.03828644752502 55.20600891113281 1.03828644752502
v 6.08445119857788 51.2286491394043 0.24249239265919
v -2.20742177963257 46.17448425292969 0.91434043645859
v 0.57446712255478 54.59494400024414 -1.38687765598297
v 6.08445119857788 51.00531387329102 -0.22334483265877
v 6.50536012649536 52.97601318359375 -0.72379368543625
v 16.48178482055664 6.34142303466797 7.3375506401062
v 6.50536012649536 52.57022857666016 -1.34158492088318
v -0.83489751815796 53.26032257080078 2.015629529953
v 6.50536012649536 51.95243835449219 -1.74738383293152
v 6.50536012649536 51.22865295410156 -1.8972852230072
v -10.57949638366699 2.85555481910706 14.36766719818115
v 16.97115325927734 2.93950080871582 -5.51455354690552
v 15.45766258239746 2.93950080871582 -8.92448711395264
v -1.38796472549438 56.23296737670898 0.57491022348404
v 17.81712913513184 3.36474108695984 -2.16271257400513
v 16.95451736450195 2.57206320762634 -5.50914764404297
v -1.50584006309509 55.09775543212891 -0.00000615136696
v 0.35962995886803 54.54465866088867 0.86820262670517
v -2.89979958534241 52.11235427856445 1.20113277435303
v 0.34498196840286 54.58237075805664 0.83283919095993
v 17.7325267791748 2.85555481910706 1.97827613353729
v 6.50536012649536 50.50486373901367 -1.74738383293152
v 15.6548490524292 4.64046192169189 9.03832149505615
v -16.70174789428711 6.67542791366577 -6.91809940338135
v 6.50536012649536 49.8870735168457 -1.34158492088318
v 17.30561447143555 2.57206320762634 -5.62323188781738
v 6.50536012649536 49.48127365112305 -0.72379368543625
v 17.40178108215332 9.74334716796875 5.83434581756592
v -8.25199222564697 8.6264533996582 -19.92209434509277
v 6.49659109115601 49.64302444458008 -0.65679484605789
v -18.12369155883789 0 -1.9054446220398
v 2.205885887146 53.30220031738281 0.91369915008545
v -3.06372857093811 48.80295562744141 -1.26904666423798
v 0.66658812761307 56.35478973388672 -0.66658812761307
v -1.59085273742676 2.89552640914917 0.75716608762741
v 0.35962995886803 56.35478973388672 -0.86821490526199
v 0.56016945838928 55.20600891113281 1.35234761238098
v 0.00000615136696 55.20600891113281 1.46836125850677
v 0.34498196840286 56.31707763671875 -0.83285146951675
v 0.00000615136696 56.35478973388672 -0.94269549846649
v 2.53036713600159 48.80295181274414 -2.53036713600159
v 1.03829872608185 55.20600891113281 1.03828644752502
v -0.73151528835297 56.04096221923828 -1.76605498790741
v 6.48721742630005 51.04363250732422 -0.44668352603912
v 6.48721742630005 50.88570785522461 -0.34295028448105
v 6.48721742630005 50.78197479248047 -0.18502597510815
v 14.82315540313721 9.74334716796875 10.77033615112305
v 15.8682804107666 9.74334716796875 9.16154670715332
v 14.85058307647705 9.31810474395752 10.79026412963867
v 13.75359153747559 9.74334716796875 12.1531982421875
v -1.50703382492065 56.23296737670898 -0.00000615136696
v -0.91369915008545 56.89776229858398 2.20587348937988
v 6.49659109115601 52.81426239013672 -0.65679532289505
v 1.21511280536652 55.24939346313477 0.50330740213394
v 0.00000615136696 52.0881462097168 -3.57847666740417
v 6.10259389877319 49.95752716064453 -0.35648041963577
v 6.49659109115601 52.70528411865234 -0.59039968252182
v 13.52266788482666 2.57206320762634 -12.1754903793335
v 15.73563098907471 2.93950080871582 -9.08497333526611
v -3.05093741416931 48.78479766845703 1.26373600959778
v 6.49659109115601 51.88544082641602 -1.58563482761383
v 1.35236001014709 55.20600891113281 0.56015717983246
v 2.11751818656921 52.13661956787109 -1.67109394073486
v 5.03308916091919 8.04238414764404 -17.75429916381836
v 5.92032098770142 8.04238414764404 -17.49432563781738
v 5.02297210693359 9.31810474395752 -17.71860885620117
v 1.93685662746429 0 -18.42248344421387
v -0.05835973843932 54.97743606567383 0.14090156555176
v -24.02780532836914 16.00774383544922 -9.95265102386475
v 1.89343416690826 2.99730348587036 -18.00946617126465
v -0.57445478439331 56.30450820922852 1.38686525821686
v 1.89005303382874 4.64046192169189 -17.97730827331543
v 1.88638544082642 6.34142303466797 -17.94242477416992
v 1.88253557682037 8.04238414764404 -17.90580558776855
v 1.88042557239532 9.31810474395752 -17.88573455810547
v -0.06138173490763 55.0046501159668 0.12328810989857
v -9.95263862609863 16.00774383544922 24.02780532836914
v -6.80531930923462 6.34142303466797 -17.11456298828125
v -5.92030906677246 8.04238414764404 -17.49432563781738
v -4.65211391448975 5.20744800567627 -17.92674827575684
v -4.94310522079468 6.4831690788269 -17.81599617004395
v -3.57665586471558 4.78220748901367 -18.15464019775391
v -8.56905555725098 4.64046192169189 -16.22386932373047
v 1.26904666423798 48.80295562744141 -3.06374096870422
v -7.41115093231201 0 -16.64368057250977
v -10.71200180053711 0 -14.74287033081055
v -9.95433330535889 23.30270195007324 24.03189468383789
v -4.27384614944458 0 -17.87596702575684
v 0.8328515291214 56.31707763671875 -0.34498196840286
v -0.06138173490763 55.0046501159668 -0.12330041080713
v 6.50536012649536 52.00932693481445 -0.78069466352463
v 6.48721742630005 50.32776641845703 -0.00000615136696
v 1.4683735370636 55.20600891113281 -0.00000615136696
v 6.10259389877319 51.58512115478516 -1.27113354206085
v -1.38796484470367 56.23296737670898 -0.57492250204086
v -3.06372880935669 50.44554901123047 1.26903438568115
v -0.57122194766998 55.12236785888672 1.37906050682068
v -1.6935955286026 56.89776229858398 1.6935955286026
v 4.11416339874268 52.97600936889648 0.72378140687942
v 6.48721742630005 51.2286491394043 0.48499092459679
v 5.80047035217285 8.04238414764404 -17.13933181762695
v -0.14676812291145 54.44565582275391 -0.06080205366015
v 0.57123422622681 55.82877349853516 -1.3790727853775
v 0.87136286497116 57.00063323974609 2.10363507270813
v -1.37507748603821 54.55723190307617 0.56957215070724
v 6.10259389877319 52.09077072143555 -0.1870746165514
v -3.06372880935669 51.66539001464844 -1.26904666423798
v 6.10259389877319 50.64717102050781 1.11802566051483
v -0.38314801454544 50.44554901123047 3.43067479133606
v -1.93435382843018 2.99730348587036 -18.39879417419434
v 0.38316029310226 48.80295181274414 -3.43068718910217
v 1.37508976459503 56.34222030639648 -0.56958442926407
v 2.15493297576904 48.80295181274414 -2.69679474830627
v -1.90262997150421 0 -18.0970516204834
v 1.26374840736389 48.78479766845703 3.05093741416931
v 6.10259389877319 50.36650848388672 0.18706177175045
v 0.00000615136696 53.23542022705078 -2.39512038230896
v 6.10259389877319 50.32776641845703 -0.00000615136696
v -17.89220428466797 8.04238414764404 4.51836204528809
v 13.10839462280273 0 12.41596698760986
v 6.48721742630005 51.58512115478516 -1.27113354206085
v 9.42092132568359 36.52640151977539 22.74409675598145
v 8.45767688751221 44.38769149780273 3.50327563285828
v -0.75716608762741 2.89552640914917 -1.59086501598358
v 13.11282825469971 43.57160568237305 5.43150281906128
v 7.01251220703125 4.07347297668457 -16.90078544616699
v -3.72078442573547 0 17.50625419616699
v 1.26904666423798 49.2257080078125 -3.06374096870422
v -7.28075790405273 0 16.35420608520508
v -10.51909923553467 0 14.47969818115234
v 1.94862258434296 52.21670532226562 1.63790941238403
v 0.07046001404524 55.01372146606445 0.07044771313667
v 3.72079658508301 0 17.50625419616699
v 3.70620512962341 2.57206320762634 17.43760108947754
v 17.93171691894531 4.49871301651001 1.09017848968506
v 2.15493297576904 50.44554901123047 2.69678235054016
v -13.51062393188477 9.74334716796875 11.93851184844971
v -0.57491022348404 56.90078353881836 -1.3879771232605
v 2.205885887146 56.89776229858398 0.91369915008545
v -5.24752616882324 4.90182161331177 12.66865825653076
v 0.00000615136696 0 -18.19706726074219
v 3.05927324295044 50.50486373901367 1.74737155437469
v 2.99980759620666 51.72298431396484 1.8424152135849
v 0.91371148824692 56.89776229858398 -2.205885887146
v 2.82554316520691 51.16104125976562 1.9252781867981
v 6.9043550491333 41.95695114135742 -16.6685791015625
v 0.00000615136696 0 17.90166282653809
v 12.68336391448975 6.4831690788269 12.90976715087891
v 6.49659109115601 49.64302444458008 0.65678256750107
v 0.9194393157959 48.77385330200195 -2.21971416473389
v -0.86820262670517 54.54465866088867 -0.35962995886803
v -0.86820262670517 56.35478973388672 -0.35962995886803
v -1.50584006309509 55.80169677734375 -0.00000615136696
v -0.91942697763443 48.77385330200195 -2.21971416473389
v -1.35234761238098 55.68354797363281 -0.56016945838928
v -1.26903426647186 52.0881462097168 -3.06374096870422
v 14.54929161071777 9.31810474395752 10.57134914398193
v 11.13025760650635 4.07347297668457 14.52339172363281
v 1.3790727853775 55.12236785888672 0.57122194766998
v -1.37906050682068 55.82877349853516 -0.57123422622681
v 17.85108184814453 5.20744800567627 4.93451023101807
v 0.57446712255478 55.09775543212891 1.38686537742615
v 0.00000615136696 4.64046192169189 -18.46744346618652
v -0.86820262670517 54.54465866088867 0.3596176803112
v 6.10259389877319 51.04158401489258 0.86213654279709
v -16.76992988586426 9.31810474395752 7.46583604812622
v -0.57445478439331 54.59494400024414 -1.38687753677368
v 6.10259389877319 51.2286491394043 0.90088021755218
v -17.40176963806152 9.74334716796875 5.83434581756592
v 2.43005681037903 46.10752868652344 1.00655376911163
v -2.20587348937988 56.89776229858398 -0.91371148824692
v 7.30765724182129 2.85555481910706 -16.69932746887207
v -1.06478798389435 55.80169677734375 -1.06480014324188
v -1.6935955286026 56.89776229858398 -1.69360780715942
v -2.10363507270813 57.00063323974609 -0.87136286497116
v 9.95434474945068 23.30270195007324 -24.03190803527832
v -0.56957215070724 56.34222030639648 -1.37508976459503
v -0.61725878715515 57.00138854980469 -1.49021565914154
v 6.48721742630005 49.88369750976562 -0.00000615136696
v 6.48721742630005 51.81012344360352 1.11802899837494
v 6.48721742630005 52.499755859375 0.3564675450325
v 5.24753856658936 4.90182161331177 12.66865825653076
v 6.48721742630005 52.57358169555664 -0.00000615136696
v 1.06480026245117 56.30450820922852 -1.06480014324188
v 9.95265102386475 16.00774383544922 -24.02781677246094
v 1.69360780715942 56.89776229858398 1.6935955286026
v 19.91656303405762 39.99150466918945 8.24970149993896
v 6.48721742630005 50.78197479248047 0.185013666749
v 6.10259389877319 52.499755859375 0.3564675450325
v -1.26903426647186 50.44554901123047 3.06372857093811
v -2.21970200538635 48.77385330200195 -0.9194393157959
v 5.34235763549805 3.25763726234436 2.21286821365356
v -15.59257030487061 8.04238414764404 9.00237274169922
v -0.50330740213394 55.65005493164062 -1.21511268615723
v -17.30560493469238 2.57206320762634 -5.62323188781738
v -2.69678235054016 48.80295181274414 -2.15493297576904
v 0.00000615136696 56.90078353881836 -1.50704610347748
v -1.89342188835144 2.99730348587036 -18.00946617126465
v -1.50584006309509 56.30450820922852 -0.00000615136696
v 2.15493297576904 50.44554901123047 -2.69679498672485
v 0.00000615136696 48.80295181274414 -3.57847666740417
v -0.56429094076157 55.75337600708008 -1.36233985424042
v -2.53035497665405 48.80295181274414 -2.53036713600159
v -0.56429094076157 55.14607620239258 -1.36233985424042
v -0.50330740213394 55.24939346313477 -1.21511280536652
v 6.10259389877319 52.57358169555664 -0.00000615136696
v 1.50704610347748 54.52436447143555 -0.00000615136696
v -3.43067479133606 52.0881462097168 -0.38316032290459
v -1.38796484470367 56.90078353881836 -0.57492250204086
v -1.37906050682068 55.12236785888672 0.57122194766998
v -3.06372880935669 52.0881462097168 -1.26904666423798
v -2.69678258895874 52.0881462097168 -2.15493297576904
v 1.06480026245117 55.80169677734375 1.06478786468506
v -2.43004441261292 46.10752868652344 -1.00656604766846
v -1.49020338058472 57.00138854980469 -0.61727112531662
v 16.76994323730469 9.31810474395752 7.46583604812622
v 16.83808898925781 6.34142303466797 7.49617385864258
v 16.8037223815918 8.04238414764404 7.48087406158447
v -5.44161415100098 4.64046192169189 -17.61980247497559
v -8.18748569488525 4.49871301651001 -16.40742874145508
v 0.57446712255478 55.09775543212891 -1.38687765598297
v -1.06563210487366 56.90078353881836 -1.06564438343048
v -2.69678258895874 50.44554901123047 2.15492057800293
v 0.57446712255478 54.59494400024414 1.38686525821686
v -2.53035497665405 48.80295181274414 2.53035497665405
v 1.26904666423798 51.66539001464844 -3.06374096870422
v 6.10259389877319 51.67530822753906 0.1850171238184
v 6.49659109115601 51.81904220581055 -1.47665691375732
v 6.10259389877319 51.71362686157227 -0.00000615136696
v -7.30764484405518 2.85555481910706 -16.69932746887207
v 6.10259389877319 51.57158279418945 0.34294313192368
v 6.10259389877319 52.09077072143555 0.18706230819225
v -13.10838222503662 0 12.41596698760986
v 6.48721742630005 52.3466682434082 0.58147150278091
v 9.76575374603271 4.64046192169189 15.53295135498047
v 1.3879771232605 56.23296737670898 -0.57492250204086
v 8.25200462341309 8.6264533996582 -19.92209434509277
v 6.48721742630005 52.18270111083984 0.54353600740433
v 6.91809940338135 6.67542791366577 -16.70176124572754
v 6.48721742630005 49.95752716064453 0.35646811127663
v 2.39512038230896 56.89776229858398 -0.00000615136696
v -3.43067479133606 50.44554901123047 -0.38316029310226
v 1.26904666423798 48.80295181274414 3.06372880935669
v -3.06372857093811 49.2257080078125 -1.26904666423798
v 2.15493297576904 48.80295181274414 2.69678258895874
v -1.35590791702271 56.04096221923828 -1.35592019557953
v 2.45757102966309 53.12590026855469 -0.00000615136696
v 0.57446712255478 56.30450820922852 -1.38687753677368
v 0.56958442926407 56.34222030639648 -1.37508976459503
v 0.00000615136696 56.30450820922852 -1.50585234165192
v -0.56015717983246 55.68354797363281 -1.35236001014709
v -1.03828644752502 55.68354797363281 -1.03829872608185
v -3.43067479133606 48.80295181274414 -0.38316029310226
v 1.3790727853775 55.82877349853516 -0.57123422622681
v -0.57122194766998 55.82877349853516 -1.3790727853775
v 0.00000615136696 55.09775543212891 -1.50585234165192
v -0.86820262670517 56.35478973388672 0.3596176803112
v 1.06564438343048 56.23296737670898 -1.06564438343048
v -0.83283925056458 56.31707763671875 0.34496968984604
v -0.66657584905624 56.35478973388672 0.66657584905624
v -13.51462364196777 8.04238414764404 11.94204711914062
v -17.51359558105469 8.04238414764404 4.42275142669678
v -2.69678235054016 50.44554901123047 -2.15493297576904
v 0.74423336982727 54.89888763427734 1.79671716690063
v 6.48721742630005 51.22865295410156 -1.34496057033539
v 6.48721742630005 52.07501220703125 0.36971494555473
v -17.85623741149902 9.31810474395752 4.50927925109863
v 5.24753856658936 4.90182161331177 -12.66867065429688
v 17.46909713745117 8.04238414764404 5.85691499710083
v -1.25440049171448 55.59237670898438 0.51958614587784
v 6.48721742630005 50.74365615844727 -0.00000615136696
v 6.48721742630005 51.81012344360352 -1.11804127693176
v 0.38316032290459 48.80295181274414 3.43067479133606
v -3.80583596229553 45.62650299072266 -1.57643747329712
v 0.00000615136696 52.94564056396484 2.39510822296143
v 6.50082397460938 50.73004150390625 0.18526968359947
v 6.48721742630005 51.41571426391602 -0.86215162277222
v -0.66657584905624 54.54465866088867 -0.66658812761307
v -1.25440049171448 55.29718399047852 -0.51959842443466
v -10.07568073272705 23.67427444458008 24.32485198974609
v 2.15493297576904 52.0881462097168 -2.69679498672485
v -0.57122194766998 55.12236785888672 -1.3790727853775
v -2.08527421951294 44.94869613647461 -5.03431844711304
v -1.38796484470367 54.52436447143555 0.57491022348404
v -14.72117710113525 0 10.69624805450439
v -2.53035497665405 50.44554901123047 2.53035497665405
v 0.91371148824692 53.15279388427734 -2.205885887146
v -17.59952926635742 4.64046192169189 4.01060914993286
v -0.91369915008545 52.94564056396484 2.20587372779846
v 0.38316032290459 50.44554901123047 -3.43068718910217
v -1.76604270935059 56.04096221923828 0.73151528835297
v -0.94268321990967 54.54465866088867 -0.00000615136696
v 2.53036713600159 48.80295181274414 2.53035497665405
v 2.21288061141968 3.25763726234436 -5.34235763549805
v -3.06372880935669 49.2257080078125 1.26903438568115
v -0.56429094076157 55.14607620239258 1.3623274564743
v 22.74410629272461 12.08867073059082 9.42090892791748
v 1.36233985424042 55.75337600708008 -0.56430321931839
v -1.26903438568115 48.80295562744141 -3.06374096870422
v -17.27632713317871 2.93950080871582 -5.61371898651123
v -2.15492081642151 48.80295181274414 -2.69679498672485
v 6.48721742630005 51.59836196899414 -0.84639048576355
v -0.73151528835297 56.04096221923828 1.76604270935059
v -18.3029842376709 4.49871301651001 1.11312913894653
v -11.94285297393799 8.04238414764404 13.5930061340332
v -1.26373600959778 48.78479766845703 -3.05094981193542
v 1.25441288948059 55.59237670898438 0.51958614587784
v 6.10259389877319 51.67530822753906 -0.18502943217754
v -1.50703382492065 54.52436447143555 -0.00000615136696
v -0.38314801454544 48.80295181274414 -3.43068718910217
v -1.25440049171448 55.29718399047852 0.51958614587784
v 1.35236001014709 55.68354797363281 0.56015717983246
v 6.48721742630005 51.57158279418945 0.34294313192368
v 5.34235763549805 3.25763726234436 -2.21288061141968
v 1.93961000442505 52.13215637207031 1.78338778018951
v 6.50082397460938 51.72724151611328 0.18527276813984
v 1.97148215770721 52.13433456420898 1.69964218139648
v 6.48721742630005 50.11062240600586 0.58147221803665
v 16.6685791015625 41.95695114135742 6.90434265136719
v 6.10259389877319 50.78197479248047 0.185013666749
v -18.13751602172852 3.36474108695984 -2.20160365104675
v 12.66867065429688 4.90182161331177 5.24752616882324
v 0.14091385900974 54.97743606567383 0.05835973843932
v 0.00000615136696 56.89776229858398 -2.39512038230896
v 5.01369571685791 9.74334716796875 -17.68588447570801
v -17.32733917236328 0 -5.630295753479
v 6.48721742630005 51.41366195678711 0.44667467474937
v 6.10259389877319 51.22865295410156 1.34494829177856
v 6.10259389877319 51.57158279418945 -0.34295544028282
v 8.18749809265137 4.49871301651001 -16.40742874145508
v -16.92275047302246 0 7.53387022018433
v 0.00000615136696 54.59494400024414 -1.50585234165192
v 6.50536012649536 50.44796752929688 0.7806795835495
v -0.05835973843932 54.97743606567383 -0.1409138739109
v 6.10259389877319 52.499755859375 -0.35647985339165
v -2.21286821365356 3.25763726234436 5.34234523773193
v -12.57290744781494 9.31810474395752 12.94131755828857
v -17.14016342163086 4.78220748901367 5.85329341888428
v -16.62381362915039 0 7.40078544616699
v 4.03469181060791 51.92007064819336 1.76077926158905
v -12.53837490081787 4.64046192169189 13.52247333526611
v -4.19834899902344 0 -17.56018829345703
v 10.07569313049316 24.9407958984375 24.32485198974609
v -16.80370903015137 8.04238414764404 7.48087406158447
v 0.00000615136696 55.01372146606445 0.07649169117212
v 0.50331974029541 55.65005493164062 -1.21511280536652
v -17.47333145141602 5.20744800567627 4.83009386062622
v 6.10259389877319 51.41366195678711 0.44667467474937
v -0.83489751815796 53.26032257080078 -2.01564168930054
v 6.10259389877319 51.2286491394043 0.48499092459679
v 16.70176124572754 6.67542791366577 6.91808700561523
v -2.53035497665405 50.44554901123047 -2.53036713600159
v 19.92209434509277 8.6264533996582 8.25199222564697
v 6.48721742630005 50.38227081298828 0.36971428990364
v -4.83850622177124 6.4831690788269 -17.43900108337402
v 6.10259389877319 51.22865295410156 -1.34496057033539
v -1.35590791702271 56.04096221923828 1.35590791702271
v 9.42092132568359 12.08867073059082 22.74409484863281
v -10.07568073272705 24.9407958984375 24.32485198974609
v -0.56957215070724 54.55723190307617 -1.37508976459503
v 17.82327079772949 9.74334716796875 4.50095129013062
v 6.10259389877319 51.81012344360352 -1.11804127693176
v -9.95433330535889 23.30270195007324 -24.03190803527832
v 2.30860376358032 52.97600936889648 0.72378140687942
v -15.73561859130859 2.93950080871582 -9.08497333526611
v 0.57123422622681 55.12236785888672 -1.3790727853775
v 6.09322023391724 52.79330825805664 0.64810448884964
v 6.48721742630005 52.09077072143555 0.18706230819225
v 14.56130695343018 9.74334716796875 10.58007907867432
v 6.10259389877319 51.41571426391602 -0.86215162277222
v -16.83807563781738 6.34142303466797 7.49617385864258
v -17.50841331481934 9.74334716796875 4.42144250869751
v 6.10259389877319 51.59836196899414 -0.84639048576355
v 1.26904666423798 49.2257080078125 3.06372880935669
v 1.69360780715942 53.25211715698242 -1.69360780715942
v 6.48721742630005 50.85893249511719 0.84637355804443
v 6.10259389877319 51.2286491394043 -0.90089255571365
v -19.92208290100098 8.6264533996582 -8.25200462341309
v -17.7393856048584 9.31810474395752 3.54549884796143
v 0.86821490526199 56.35478973388672 0.3596176803112
v 1.03829872608185 55.68354797363281 -1.03829872608185
v 0.56430321931839 55.75337600708008 -1.36233985424042
v -19.91655158996582 39.99150466918945 -8.24971389770508
v 0.00000615136696 50.44554901123047 -3.57847666740417
v 1.3879771232605 54.52436447143555 -0.57492250204086
v 1.06564438343048 54.52436447143555 -1.06564438343048
v 1.79672944545746 54.89888763427734 0.74422109127045
v 0.07650399953127 55.01372146606445 -0.00000615136696
v 6.50536012649536 52.00932693481445 0.78068232536316
v 0.00000615136696 55.68354797363281 -1.4683735370636
v -16.90099143981934 2.99730348587036 7.52418327331543
v 0.00000615136696 54.52436447143555 1.50703382492065
v 0.00000615136696 56.04096221923828 1.91754591464996
v 0.06080205366015 54.44565582275391 0.14676812291145
v -1.26903438568115 50.44554901123047 -3.06374096870422
v -1.26903438568115 51.66539001464844 -3.06374096870422
v -1.37906050682068 55.12236785888672 -0.57123422622681
v -16.51381683349609 4.64046192169189 7.35181617736816
v -3.43067479133606 50.44554901123047 0.38314801454544
v 3.78770613670349 0 17.8210620880127
v -2.20587348937988 56.15171432495117 -0.91371148824692
v 0.07046001404524 55.01372146606445 -0.07046001404524
v -0.67066097259521 2.87409210205078 0.67066097259521
v -1.38686537742615 56.30450820922852 0.57445478439331
v 17.61796760559082 0 5.23670959472656
v 0.00000615136696 55.01372146606445 -0.07650399953127
v -2.15089464187622 56.08576965332031 -0.89093852043152
v 0.51959842443466 55.29718399047852 1.25440049171448
v 0.38316029310226 50.44554901123047 3.43067479133606
v 2.07452416419983 52.68602752685547 -1.29361915588379
v 6.49659109115601 49.75200271606445 0.59038686752319
v 22.74410629272461 36.52640151977539 9.42090892791748
v -2.69678258895874 48.80295181274414 2.15492057800293
v 6.48721742630005 50.68511199951172 -0.9540690779686
v -0.72819513082504 2.87409210205078 -0.00000615136696
v 6.10259389877319 51.04158401489258 -0.86214882135391
v 1.00656604766846 46.10752868652344 2.43004441261292
v -2.15492081642151 50.44554901123047 -2.69679498672485
v -1.26903438568115 49.2257080078125 -3.06374096870422
v -5.80068302154541 8.04238414764404 -17.13996124267578
v 6.48721742630005 50.88570785522461 0.3429379761219
v 1.06564426422119 54.52436447143555 1.06563210487366
v 16.44814491271973 8.04238414764404 7.32257413864136
v 6.08445119857788 51.00531387329102 0.22333253920078
v 6.08445119857788 50.98615264892578 -0.00000615136696
v -1.98076438903809 54.28094863891602 0.82045590877533
v 0.73152756690979 56.04096221923828 -1.76605498790741
v -1.26373600959778 52.10630416870117 -3.05094981193542
v 1.3790727853775 55.12236785888672 -0.57123422622681
v -0.38314801454544 50.44554901123047 -3.43068718910217
v 16.42971038818359 9.31810474395752 7.31436681747437
v 1.38687765598297 55.80169677734375 0.57445478439331
v 13.51063632965088 9.74334716796875 11.93851184844971
v -13.24830532073975 2.57206320762634 -11.92847347259521
v -3.06372880935669 51.66539001464844 1.26903438568115
v 6.09322023391724 52.74302291870117 -0.62728828191757
v -13.53964233398438 0 -12.1907844543457
v -3.70982909202576 2.93950080871582 17.4547119140625
v -17.09942817687988 8.04238414764404 5.7329797744751
v 0.94693160057068 52.13215637207031 -2.28608655929565
v 9.95265102386475 32.60732650756836 24.02780532836914
v -4.92127799987793 9.31810474395752 -17.35976028442383
v 6.09322023391724 51.87676239013672 1.56467056274414
v 6.48721742630005 50.36650848388672 0.18706177175045
v 0.50331974029541 55.65005493164062 1.2151004076004
v -1.6935955286026 52.94564056396484 1.6935955286026
v -2.20587348937988 52.94564056396484 0.91369915008545
v 0.00000615136696 52.13215637207031 -2.48220109939575
v -3.05093741416931 52.10630416870117 -1.26374840736389
v 1.50585234165192 55.80169677734375 -0.00000615136696
v 0.57123422622681 55.12236785888672 1.37906050682068
v -1.38686537742615 54.59494400024414 -0.57446712255478
v -0.94691932201386 52.13215637207031 -2.28608655929565
v 16.54337120056152 2.99730348587036 7.36496734619141
v 2.61178016662598 50.45296478271484 -2.36017632484436
v -0.56957215070724 56.34222030639648 1.37507748603821
v 6.50536060333252 49.33137512207031 -0.00000615136696
v 14.98591327667236 0 10.88859367370605
v 0.12330041080713 55.0046501159668 0.06138173490763
v 2.21288061141968 3.25763726234436 5.34234523773193
v -0.50330740213394 55.24939346313477 1.2151004076004
v -1.26903426647186 48.80295181274414 3.06372857093811
v -1.06478786468506 56.30450820922852 -1.06480026245117
v -0.3596176803112 56.35478973388672 0.86820262670517
v 6.10259389877319 51.58512115478516 1.27112138271332
v 0.00000615136696 48.80295181274414 3.57846426963806
v -8.45766544342041 44.38769149780273 -3.50328779220581
v 6.50536060333252 52.97601318359375 0.72378140687942
v 6.50536060333252 53.12590408325195 -0.00000615136696
v 0.94693160057068 52.13215637207031 2.28607416152954
v -0.0607897490263 54.44565582275391 0.14676812291145
v -1.79671716690063 54.89888763427734 0.74422109127045
v -0.83283919095993 56.31707763671875 -0.34498196840286
v -11.13024616241455 4.07347297668457 14.52339172363281
v 24.32486343383789 23.67427444458008 10.07568073272705
v -1.75517094135284 52.13215637207031 -1.75518321990967
v 6.10259389877319 51.41571426391602 0.86213928461075
v -1.06563210487366 54.52436447143555 1.06563198566437
v 1.96804738044739 52.41567993164062 1.55549120903015
v -0.56015717983246 55.68354797363281 1.35234761238098
v 0.00000615136696 0 18.22358322143555
v 6.50082397460938 50.73004150390625 -0.18528197705746
v -0.34496968984604 56.31707763671875 0.83283919095993
v 3.70984148979187 2.93950080871582 17.4547119140625
v 6.10259389877319 50.36650848388672 -0.18707406520844
v -17.75884056091309 4.07347297668457 2.32706928253174
v 6.10259389877319 50.38227081298828 -0.36972659826279
v -3.57846426963806 52.0881462097168 -0.00000615136696
v 17.09438133239746 9.74334716796875 5.73128271102905
v 6.49659109115601 50.57186126708984 -1.58563446998596
v 6.10259389877319 50.27458953857422 -0.54354828596115
v 6.50536060333252 52.57022857666016 1.34157264232636
v 6.50536060333252 51.95243835449219 1.74737155437469
v 0.91371148824692 53.15279388427734 2.20587348937988
v 1.90264225006104 0 -18.0970516204834
v -7.03559684753418 3.36474108695984 16.51142883300781
v -9.42090892791748 12.08867073059082 22.74409675598145
v 2.53036713600159 50.44554901123047 -2.53036713600159
v 0.00000615136696 56.35478973388672 0.94268321990967
v -0.3596176803112 56.35478973388672 -0.86821490526199
v -1.50584006309509 54.59494400024414 -0.00000615136696
v 1.03829872608185 55.68354797363281 1.03828644752502
v 3.06745934486389 49.88980102539062 1.34816205501556
v -17.93170547485352 4.49871301651001 1.09017848968506
v 1.25441288948059 55.29718399047852 -0.51959842443466
v -6.90434265136719 41.95695114135742 16.6685676574707
v 6.10259389877319 50.11062240600586 -0.58148449659348
v -18.05838584899902 9.31810474395752 3.60925602912903
v -17.73251533508301 2.85555481910706 1.97827613353729
v -1.25440049171448 55.59237670898438 -0.51959842443466
v 2.205885887146 56.15171432495117 -0.91371148824692
v 15.58796977996826 9.74334716796875 8.99970817565918
v -18.16211128234863 8.04238414764404 3.31665396690369
v 2.15090703964233 56.08576965332031 -0.89093852043152
v -1.03828644752502 55.68354797363281 1.03828644752502
v -17.30673599243164 0 5.14420318603516
v -17.52186393737793 6.4831690788269 4.52921676635742
v 1.06564438343048 56.23296737670898 1.06563198566437
v 1.3790727853775 55.82877349853516 0.57122194766998
v 7.03560924530029 3.36474108695984 16.51142883300781
v 10.51911163330078 0 14.47969818115234
v -5.03430557250977 44.94869613647461 -2.08528661727905
v 2.60573363304138 52.03594207763672 -2.37477421760559
v 10.89473628997803 4.07347297668457 14.2160701751709
v 6.10259389877319 51.41366195678711 -0.44668698310852
v 0.74423336982727 54.89888763427734 -1.79672944545746
v 9.59324169158936 4.64046192169189 15.25856304168701
v 6.09322023391724 52.79330825805664 -0.64811682701111
v 18.11943054199219 0 1.90358078479767
v -0.66657584905624 56.35478973388672 -0.66658812761307
v 6.50082397460938 51.04337692260742 -0.49861663579941
v 2.47305417060852 52.97600936889648 0.72378140687942
v -0.57491022348404 56.90078353881836 1.38796472549438
v -9.42090892791748 36.52640151977539 -22.74410820007324
v 1.25441288948059 55.59237670898438 -0.51959842443466
v 1.88359570503235 52.41409301757812 -1.69178915023804
v 2.83935070037842 50.49745178222656 1.83303081989288
v -2.28607416152954 52.13215637207031 -0.94693160057068
v 6.50536060333252 51.22865295410156 1.89727294445038
v -2.20587348937988 53.23542022705078 -0.91371148824692
v 0.00000615136696 50.44554901123047 3.57846426963806
v -2.20587348937988 53.15279388427734 -0.91371148824692
v 6.50536060333252 50.50486373901367 1.74737155437469
v 6.48721742630005 52.12951278686523 -0.00000615136696
v 11.21726894378662 6.34142303466797 14.19558334350586
v 0.00000615136696 52.0881462097168 3.57846426963806
v 0.56430321931839 55.14607620239258 -1.36233985424042
v 0.57492250204086 54.52436447143555 -1.3879771232605
v -1.20113277435303 52.11235427856445 -2.89981198310852
v 0.73152756690979 56.04096221923828 1.76604270935059
v 0.00000615136696 54.52436447143555 -1.50704610347748
v -0.57491022348404 54.52436447143555 -1.3879771232605
v -0.14090156555176 54.97743606567383 -0.05837204307318
v -24.32485198974609 24.9407958984375 -10.07569313049316
v -0.10817813873291 54.97743606567383 -0.10819044709206
v -0.12328810989857 55.0046501159668 -0.06139403581619
v 6.48721742630005 51.2286491394043 -0.90089255571365
v -1.37507748603821 54.55723190307617 -0.56958442926407
v -1.06478798389435 54.59494400024414 -1.06480014324188
v 0.50331974029541 55.24939346313477 -1.21511280536652
v 6.09322023391724 51.87675857543945 -1.56468284130096
v -2.15492081642151 52.0881462097168 -2.69679474830627
v 2.21971416473389 48.77385330200195 -0.9194393157959
v 2.53036713600159 52.0881462097168 2.53035497665405
v 6.48721742630005 51.77218246459961 -0.95407354831696
v 7.28077030181885 0 16.35420608520508
v 1.26904666423798 52.0881462097168 -3.06374096870422
v 0.57492250204086 56.23296737670898 -1.3879771232605
v 0.51959842443466 55.29718399047852 -1.25441288948059
v 0.00000615136696 56.23296737670898 -1.50704610347748
v 10.80821704864502 2.85555481910706 14.67826557159424
v 6.48721742630005 51.67530822753906 0.1850171238184
v -1.37507748603821 56.34222030639648 0.56957215070724
v 0.87136286497116 57.00063323974609 -2.10364747047424
v 1.21511280536652 55.65005493164062 0.50330740213394
v 0.15300184488297 54.97743606567383 -0.00000615136696
v 2.84307241439819 51.68185806274414 -1.85946333408356
v 0.66658812761307 54.54465866088867 -0.66658812761307
v 0.83477771282196 53.26032257080078 2.01549744606018
v -5.03430557250977 44.94869613647461 2.08527421951294
v -1.06563210487366 54.52436447143555 -1.06564438343048
v -0.57122194766998 55.82877349853516 1.37906050682068
v 14.64994239807129 2.99730348587036 10.64448070526123
v 14.72118949890137 0 10.69624805450439
v 6.48721742630005 50.87217712402344 -1.2711318731308
v 2.84270715713501 51.6819953918457 1.85939288139343
v 0.51959842443466 55.59237670898438 -1.25441288948059
v -6.91808700561523 6.67542791366577 16.70174789428711
v 0.61727112531662 57.00138854980469 1.49020338058472
v 0.91371148824692 53.23542022705078 -2.205885887146
v -13.49977874755859 2.93950080871582 -12.15489196777344
v 15.59258270263672 8.04238414764404 9.00237274169922
v 0.05837204307318 54.97743606567383 -0.14091385900974
v -3.58480072021484 8.04238414764404 -17.67504692077637
v 0.10819044709206 54.97743606567383 -0.10819044709206
v 0.06139403581619 55.0046501159668 -0.12330041080713
v 0.00000615136696 54.97743606567383 -0.15300184488297
v 0.1467804312706 54.44565582275391 -0.06080205366015
v -0.57491022348404 56.23296737670898 -1.3879771232605
v -1.06563210487366 56.23296737670898 -1.06564438343048
v 1.36233985424042 55.14607620239258 -0.56430321931839
v -1.00264811515808 52.11730575561523 -2.42062735557556
v 10.11550521850586 4.49871301651001 15.29428100585938
v 3.31426668167114 49.49219131469727 0.75013899803162
v 4.04359483718872 50.50486373901367 1.74737155437469
v -0.51958614587784 55.29718399047852 -1.25441288948059
v -15.78208351135254 0 -9.11180019378662
v 0.61727112531662 57.00138854980469 -1.49021565914154
v 0.91435277462006 46.17448425292969 -2.20743417739868
v 24.03190803527832 25.31237030029297 9.95433330535889
v 1.4683735370636 55.68354797363281 -0.00000615136696
v -7.01249980926514 4.07347297668457 -16.90078544616699
v 6.48721742630005 50.85893249511719 -0.84638583660126
v 12.85913372039795 8.04238414764404 13.23591804504395
v 6.48721742630005 50.64717483520508 -1.11803793907166
v 6.10259389877319 50.87217712402344 1.27111959457397
v 11.74222183227539 8.04238414764404 13.82196426391602
v -1.00655376911163 46.10752868652344 2.43004441261292
v 1.38687753677368 54.59494400024414 -0.57446712255478
v 1.06480014324188 54.59494400024414 -1.06480026245117
v 11.94019985198975 9.31810474395752 13.59000492095947
v -0.51958614587784 55.59237670898438 -1.25441288948059
v -9.95263862609863 32.60732650756836 -24.02781677246094
v 2.08528661727905 44.94869613647461 5.03430557250977
v -9.95433330535889 25.31237030029297 -24.03190803527832
v 9.90998935699463 4.49871301651001 14.98422050476074
v 3.016770362854 52.4388542175293 1.54589235782623
v -9.59323024749756 4.64046192169189 15.25856304168701
v -11.21725654602051 6.34142303466797 14.19558334350586
v -0.56015717983246 55.20600891113281 1.35234761238098
v 1.38797700405121 54.52436447143555 0.57491022348404
v -17.79933929443359 0 1.86995410919189
v -1.38686525821686 56.30450820922852 -0.57446712255478
v 14.62378120422363 4.64046192169189 10.62547302246094
v 15.75912570953369 0 9.09852504730225
v 0.83285146951675 54.58237075805664 -0.34498196840286
v 2.82563424110413 51.16100692749023 -1.92530488967896
v -0.91434043645859 46.17448425292969 -2.20743417739868
v 4.83851861953735 6.4831690788269 -17.43900108337402
v -18.11067581176758 8.04238414764404 3.62001013755798
v -3.50327563285828 44.38769149780273 -8.45767784118652
v 1.35236001014709 55.68354797363281 -0.56016945838928
v -18.22429847717285 6.34142303466797 2.66368722915649
# 2608 vertices

vn 0 1 0
vn -0.9999703168869 0.00760021526366 -0.0012672576122
vn -0.98773998022079 0.00404999079183 0.15605555474758
vn -0.98854440450668 0.00411053514108 0.15087421238422
vn -0.99992674589157 0.0118762543425 -0.0023328193929
vn 0.93114024400711 0.02130427211523 0.36403840780258
vn 0.98679327964783 -0.00728896493092 0.16182063519955
vn 0.98366892337799 0.05251132324338 0.17215690016747
vn 0.96243733167648 0.03616764768958 0.26908421516418
vn 0.99982565641403 0.01838315837085 -0.00327550945804
vn 0.99755680561066 0.06981816887856 0.00241492222995
vn 0.94931691884994 0.00105090648867 -0.31431868672371
vn 0.95857352018356 0.01100148074329 -0.28463277220726
vn 0.91271013021469 0.00463516870514 -0.40858134627342
vn 0.90912449359894 0.00059894914739 -0.41652411222458
vn -0.93398642539978 -0.02177872508764 -0.35664421319962
vn -0.98454052209854 0.03749132528901 -0.17109762132168
vn -0.97338849306107 0.09439518302679 -0.20881660282612
vn -0.92445921897888 -0.02771874889731 -0.38027197122574
vn 0.89728420972824 0 -0.44145339727402
vn 0.89728420972824 0 -0.44145336747169
vn 0.95862460136414 -0.007805632893 -0.28456628322601
vn 0.91251343488693 -0.00343915075064 -0.40903222560883
vn 0.14346277713776 -0.03328271955252 0.98909586668015
vn 0.18771167099476 -0.03405147790909 0.98163378238678
vn 0.18899083137512 0.01152419950813 0.98191124200821
vn 0.14412178099155 0.01444834563881 0.98945444822311
vn 0.18604229390621 -0.07955636829138 0.97931557893753
vn 0.14247693121433 -0.08093491196632 0.98648357391357
vn 0.89728420972824 0 -0.44145336747169
vn 0 0.00718181487173 -0.99997419118881
vn -0.19508527219296 0.00718032615259 -0.98075997829437
vn -0.19045206904411 0.00821933336556 -0.98166209459305
vn 0.00000000187185 0.00359093141742 -0.99999356269836
vn -0.99229449033737 0.12143871188164 0.02458230033517
vn -0.99999451637268 -0.00146493059583 0.00296686613001
vn 0 0 0
vn 0.98655438423157 0.01828449219465 -0.16240730881691
vn 0.98245376348495 -0.02593841589987 -0.18469373881817
vn 0.95689970254898 0.0035656306427 -0.29039669036865
vn 0.99466913938522 -0.0950867459178 -0.03989706560969
vn -0.96007096767426 -0.00524119194597 0.27970746159554
vn -0.90410131216049 -0.00553260929883 0.42728239297867
vn -0.90924137830734 -0.00204623979516 0.41626420617104
vn -0.95683771371841 -0.00357013847679 0.29060074687004
vn 0.25797685980797 -0.96580010652542 0.02604140341282
vn 0.38773909211159 -0.9090404510498 -0.15265597403049
vn -0.94447404146194 0.05617610737681 0.32374835014343
vn -0.97341006994247 0.10039748251438 0.20589615404606
vn 0.3506934940815 0.02656140737236 0.93611353635788
vn 0.33802631497383 -0.11243888735771 0.93439590930939
vn 0.54982572793961 -0.01890303008258 0.83506548404694
vn 0.53073275089264 0.06804369390011 0.84480339288712
vn 0.98206132650375 -0.04803879186511 0.18234001100063
vn 0.98726189136505 -0.15899845957756 -0.00578198442236
vn -0.020542120561 -0.9976145029068 -0.06590420752764
vn -0.01370443124324 -0.99762654304504 -0.06747983396053
vn -0.00387935549952 0.99999248981476 0
vn -0.00775865279138 0.99996989965439 0
vn 0.36991867423058 -0.05257008597255 0.92757564783096
vn 0.16701416671276 -0.00599013874307 0.98593628406525
vn 0.15515883266926 -0.01498160790652 0.98777592182159
vn 0.36075091362 -0.08224219083786 0.92902904748917
vn -0.96356642246246 0.00228022318333 -0.26745948195457
vn -0.96819561719894 -0.01514778286219 -0.24973545968533
vn -0.9193212389946 -0.0015095846029 -0.39350494742393
vn -0.38384175300598 0.01503390539438 -0.9232764840126
vn -0.38267359137535 0.00718170031905 -0.92385566234589
vn -0.98959892988205 0.0149323605001 0.14307703077793
vn -0.92696541547775 0.284010887146 0.24509786069393
vn -0.70270347595215 -0.04330332949758 -0.71016383171082
vn -0.54519295692444 -0.02151379734278 -0.83803451061249
vn -0.53179579973221 -0.05544293671846 -0.84505581855774
vn -0.63995987176895 -0.0620107576251 -0.76590210199356
vn -0.79196065664291 0.53963285684586 0.28564795851707
vn -0.00512339593843 0.9999862909317 -0.00108269567136
vn -0.03558809682727 0.97830581665039 -0.20408643782139
vn -0.17454765737057 0.04755241796374 -0.98349982500076
vn 0.0000000056155 0 -1
vn -0.06535779684782 0.9411638379097 -0.33157041668892
vn -0.23557040095329 0.43578717112541 -0.86867493391037
vn -0.23552143573761 -0.43577542901039 -0.86869412660599
vn -0.06508654356003 -0.9411586523056 -0.33163851499557
vn -0.03540582954884 -0.97830402851105 -0.204126521945
vn -0.16297622025013 0.08584526181221 -0.98288828134537
vn 0.00000000374367 0 -1
vn 0 0.01135278586298 -0.999935567379
vn -0.17765852808952 0.01043494325131 -0.98403686285019
vn -0.17123132944107 0.02682493627071 -0.98486560583115
vn 0.00000000187186 0.00567648606375 -0.99998390674591
vn -0.00512156588957 -0.9999862909317 -0.00109395280015
vn -0.03445077687502 -0.98038500547409 0.19405756890774
vn -0.06318990141153 -0.9472234249115 0.31428462266922
vn -0.23725600540638 -0.45680624246597 0.85734337568283
vn 0.02247679792345 0.99972516298294 -0.00665960693732
vn 0.09827745705843 0.99420619010925 -0.04353905841708
vn -0.23720371723175 0.45679691433907 0.85736280679703
vn 0.49734178185463 -0.80501741170883 -0.32341635227203
vn 0.70750111341476 -0.03565930202603 0.70581197738647
vn 0.70744812488556 -0.00518954824656 0.70674622058868
vn 0.55783408880234 -0.00958872772753 0.82989710569382
vn 0.55805993080139 -0.06605280190706 0.82716751098633
vn -0.98607635498047 0.01005523651838 -0.16598899662495
vn -0.98431140184402 0.00890799704939 -0.17621500790119
vn 0.53307938575745 0 0.84606522321701
vn -0.93430936336517 0.0137416087091 -0.35619828104973
vn -0.9681858420372 0.01665498502553 -0.24967727065086
vn -0.0629351362586 0.94721817970276 0.31435146927834
vn -0.03427885100245 0.98038321733475 0.19409729540348
vn -0.98540204763412 -0.02168381586671 -0.16885681450367
vn -0.99941259622574 -0.03418883681297 -0.00236339285038
vn 0.2150436937809 -0.09376423060894 0.97209280729294
vn 0.22637736797333 -0.13461442291737 0.96469283103943
vn 0.37652167677879 -0.252157330513 0.8914303779602
vn 0.97471916675568 0.01500507537276 -0.22292923927307
vn 0.98699790239334 0.04362102225423 -0.15470084547997
vn -0.87883716821671 0 0.47712177038193
vn -0.87883722782135 0 0.47712177038193
vn -0.67690962553024 -0.00303378654644 -0.73605990409851
vn -0.63999897241592 0.05255803838372 -0.76657617092133
vn -0.70301872491837 0.030736528337 -0.71050679683685
vn -0.74469900131226 -0.00370342307724 -0.66739022731781
vn 0.97508329153061 -0.01037946715951 -0.22159612178802
vn 0.97193890810013 0.00089722912526 -0.23523169755936
vn -0.96040028333664 0.0031102579087 0.2786066532135
vn -0.95314681529999 -0.00252156076021 0.30249762535095
vn -0.97773951292038 -0.0013983596582 0.20981788635254
vn -0.97852563858032 -0.00074334180681 0.20612381398678
vn 0.91338837146759 0.00344709749334 0.40707471966743
vn 0.9552971124649 0.00248655793257 0.29563695192337
vn 0.96456837654114 -0.02546298317611 0.26260137557983
vn 0.93228179216385 -0.01742931455374 0.36131265759468
vn 0.95723128318787 -0.00000000149822 -0.28932389616966
vn 0.91857218742371 0 -0.39525318145752
vn 0.91742604970932 0.0019852372352 -0.39790138602257
vn -0.35797101259232 -0.00567394867539 -0.93371546268463
vn -0.35056868195534 0.06330288946629 -0.93439519405365
vn 0.78202390670776 0.21021699905396 -0.58672600984573
vn 0.79990154504776 0.00000326173063 -0.60013121366501
vn 0.78203231096268 -0.21021062135696 -0.58671706914902
vn 0.98218202590942 -0.10768492519856 -0.1540207862854
vn 0.98244541883469 -0.07619272917509 -0.17028118669987
vn 0.97787547111511 -0.02239352464676 -0.20798590779305
vn 0.9762699007988 -0.00000001306884 -0.21655732393265
vn 0.95723122358322 -0.00000000299643 -0.28932392597198
vn 0.97906041145325 -0.00000000191389 -0.20357003808022
vn 0.97906053066254 -0.00000001103394 -0.20356939733028
vn -0.95723128318787 0 0.28932383656502
vn -0.91045123338699 0 0.41361638903618
vn -0.95723128318787 0 0.28932383656502
vn 0.83251905441284 0.01401075534523 0.55381917953491
vn 0.83233779668808 0.00682242587209 0.55422675609589
vn 0.92496800422668 0.00568770384416 0.38000249862671
vn -0.87883716821671 0 0.47712182998657
vn -0.87883716821671 0 0.47712180018425
vn -0.83233648538589 -0.02500007487834 -0.55370658636093
vn -0.8330602645874 -0.00481075840071 -0.55316138267517
vn -0.98692935705185 -0.00348531804048 0.16111576557159
vn -0.98820769786835 -0.0138143338263 0.15249510109425
vn -0.97790145874023 0.00103218189906 0.20906379818916
vn 0.70930641889572 0.03695488721132 0.70393097400665
vn 0.71109801530838 0.01657958514988 0.70289742946625
vn -0.98294895887375 0.02499652467668 0.1821716427803
vn -0.97926819324493 0.02156007103622 0.2014172822237
vn -0.98448073863983 0.08096349984407 0.15570023655891
vn 0.91857218742371 0 -0.39525321125984
vn 0.8972841501236 0 -0.44145339727402
vn -0.97809171676636 0 0.20817445218563
vn -0.98240911960602 0 0.18674144148827
vn 0.98746353387833 -0.01052489411086 -0.15749597549438
vn 0.98796063661575 -0.01722133345902 -0.15374387800694
vn -0.99998617172241 0.00525319157168 -0.00010078729247
vn -0.98160773515701 0.00746933463961 -0.19076277315617
vn -0.98075997829437 0.00718056503683 -0.19508527219296
vn -0.99997419118881 0.00718216504902 0.00000013477207
vn -0.92435145378113 0.00931703206152 -0.38142839074135
vn -0.92385572195053 0.0071817189455 -0.38267353177071
vn 0.99990081787109 -0.01402178779244 0.00130112026818
vn 0.99968808889389 -0.02485798858106 0.00239851977676
vn 0.00000000023284 -0.99761295318604 -0.06905376911163
vn -0.37976676225662 0.09568186104298 -0.92012077569962
vn -0.10936273634434 -0.70089250802994 -0.70483297109604
vn -0.14779502153397 -0.70137417316437 -0.69730263948441
vn 0.16860058903694 -0.02103949338198 0.98545986413956
vn 0.15141524374485 -0.02657006494701 0.98811310529709
vn 0 0.0056766695343 0.99998390674591
vn 0 -0.00000014074708 1
vn 0.95807737112045 0.00808826182038 -0.28639543056488
vn 0.98641586303711 0.00729947024956 -0.16410519182682
vn 0.98667812347412 0.00173657678533 -0.16267521679401
vn 0.95715421438217 0.00155410461593 -0.28957450389862
vn 0.99999797344208 0.00199845200405 0.000101851816
vn 0.99997419118881 0.00718204863369 0
vn 0.38072830438614 -0.00787846744061 0.92465341091156
vn 0.55555605888367 0.00718060089275 0.83144807815552
vn 0.38267341256142 0.00718206726015 0.92385578155518
vn 0.70708858966827 0.00718200020492 0.70708847045898
vn -0.956214427948 0.00662844069302 0.29259184002876
vn -0.90837389230728 0.00537640601397 0.41812431812286
vn -0.90404850244522 0.0031038383022 0.42741858959198
vn -0.95626825094223 0.00809444114566 0.29237905144691
vn -0.90918987989426 0.0078924773261 0.41630688309669
vn -0.87856274843216 0.00701401382685 0.47757545113564
vn -0.87870538234711 0.00350702833384 0.47735154628754
vn 0.56458657979965 -0.10623449832201 0.81850850582123
vn 0.75208127498627 0.00346060306765 0.65906125307083
vn 0.69289034605026 0.00327562075108 0.72103554010391
vn 0.65299874544144 0.0652934089303 0.75453925132751
vn 0 0.01905885338783 -0.99981838464737
vn -0.15024310350418 0.01578368246555 -0.98852306604385
vn -0.15074130892754 0.01701283827424 -0.98842686414719
vn 0 0.01795973815024 -0.99983870983124
vn 0.55529242753983 -0.10563249140978 0.82491946220398
vn 0.65155762434006 -0.0646963045001 0.75583529472351
vn -0.20113341510296 0.01255970727652 -0.97948330640793
vn -0.20212018489838 0.01610770635307 -0.97922825813293
vn -0.1448051482439 0.28741684556007 -0.94679617881775
vn -0.19439476728439 0.29051297903061 -0.93691670894623
vn 0.92385572195053 0.00718217296526 0.38267353177071
vn 0.83144819736481 0.00718084443361 0.55555588006973
vn 0.83192217350006 -0.00244527752511 0.55488699674606
vn 0.92439466714859 -0.00198235432617 0.38143223524094
vn 0.00000000388367 0.28487408161163 -0.95856493711472
vn 0.83280074596405 -0.01262796018273 0.55342882871628
vn 0 0 -1
vn -0.83205509185791 -0.02835782617331 -0.55396765470505
vn 0.01501388754696 -0.91316616535187 -0.40731081366539
vn 0.01630839891732 -0.73839545249939 -0.67417079210281
vn 0.00610339269042 -0.99875235557556 -0.04956317320466
vn -0.70700222253799 -0.03547364100814 -0.70632112026215
vn -0.83279067277908 0.01217880658805 -0.55345404148102
vn 0 -1 0
vn -0.55783915519714 0.01244919281453 -0.8298556804657
vn -0.40065842866898 0.12018827348948 -0.90831029415131
vn 0.33327922224998 0.92044776678085 -0.20420779287815
vn 0.49716559052467 0.8050137758255 -0.32369622588158
vn 0.09779144823551 -0.72494387626648 0.68183082342148
vn 0.12772469222546 -0.72044670581818 0.68164724111557
vn -0.90031045675278 -0.00181277294178 0.43524447083473
vn 0 -0.73045599460602 0.68295973539352
vn -0.99202334880829 0.08444656431675 0.09358681738377
vn -0.04348956793547 -0.99875211715698 0.02455351315439
vn -0.37248182296753 0.16829112172127 -0.91265296936035
vn -0.55555599927902 0.00718056363985 -0.83144813776016
vn -0.55766099691391 0.01580133847892 -0.829918384552
vn -0.37062957882881 -0.91316199302673 0.16961409151554
vn 0.18659724295139 -0.00000013779992 0.98243647813797
vn 0.18659676611423 0 0.98243659734726
vn -0.70740187168121 0.01255855057389 -0.70669996738434
vn -0.70708853006363 0.00718186981976 -0.70708853006363
vn -0.55898660421371 0.07210163772106 -0.82603591680527
vn 0.17720344662666 0.01111940573901 0.9841114282608
vn 0 0.01135315280408 0.999935567379
vn 0 -0.00000028149415 1
vn 0.14292281866074 -0.00000027812871 0.98973381519318
vn -0.92387902736664 0 0.38268458843231
vn -0.25683405995369 0.08752305805683 -0.96248430013657
vn -0.2368255853653 0.06530081480742 -0.9693551659584
vn -0.61667501926422 -0.73839336633682 0.27292335033417
vn 0 -0.03260666504502 0.99946826696396
vn 0 0.01742799207568 0.99984812736511
vn 0 -0.08255811035633 0.99658626317978
vn -0.97341084480286 0.22745010256767 -0.02716271206737
vn -0.98326885700226 0.11894703656435 0.13796372711658
vn -0.98658341169357 0.00564476521686 0.16316038370132
vn -0.98625230789185 0.00730058783665 0.16508513689041
vn 0.00000000373465 -0.70109307765961 -0.71306973695755
vn 0.91776180267334 0.00255179335363 -0.39712315797806
vn 0.91965508460999 0.007881751284 -0.392648011446
vn 0.89739751815796 0.0035071936436 -0.44120895862579
vn 0.89749979972839 0.00701434444636 -0.4409590959549
vn 0.18696692585945 0.00509580364451 0.98235297203064
vn 0.1950851380825 0.00718072382733 0.98076003789902
vn 0 0.01379258930683 0.99990487098694
vn 0 0.00718204770237 0.99997419118881
vn 0 0.02040264196694 0.99979186058044
vn 0 0.020402578637 0.99979186058044
vn -0.15792371332645 0.98477607965469 0.07263755053282
vn -0.07926411181688 0.99618673324585 0.03645779937506
vn 0.83309233188629 0.00399380922318 0.55311954021454
vn -0.15811428427696 0.02158982120454 -0.98718476295471
vn -0.15140801668167 0 -0.98847132921219
vn 0.00000000748734 0 -1
vn -0.1710654348135 0.53952181339264 -0.82441061735153
vn -0.12763203680515 0.53516900539398 -0.83504742383957
vn -0.55698323249817 0.11959116905928 -0.82186836004257
vn -0.20342770218849 0 -0.97908997535706
vn -0.20342619717121 0 -0.97909027338028
vn 0.00000000373848 0.53161209821701 -0.84698790311813
vn -0.83187901973724 0.00975545775145 -0.55487126111984
vn -0.83144819736481 0.00718036014587 -0.55555582046509
vn 0.98553663492203 -0.02210989966989 0.16801387071609
vn 0.98405659198761 -0.01482289563864 0.17723682522774
vn 0.98163414001465 -0.00017334081349 0.19077326357365
vn 0.98075997829437 0.00718071358278 0.19508536159992
vn 0.52647507190704 0.09043733030558 0.84536683559418
vn 0.4783473610878 0.3313592672348 0.81325572729111
vn 0.35015910863876 0.63971424102783 0.68421798944473
vn 0.15784746408463 0.91036301851273 0.38252240419388
vn 0.02457896992564 0.99609303474426 0.0848205909133
vn -0.98240906000137 0 0.18674176931381
vn 0.9999703168869 0.00760026089847 -0.00126725377049
vn 0.99992674589157 0.01187607180327 -0.0023328193929
vn 0.98854446411133 0.00411026645452 0.15087401866913
vn 0.98774003982544 0.00404998939484 0.156055316329
vn -0.93114024400711 0.02130433730781 0.3640384376049
vn -0.96243721246719 0.03616815432906 0.26908448338509
vn -0.98366892337799 0.05251132324338 0.17215690016747
vn -0.98679327964783 -0.00728933745995 0.1618205010891
vn -0.99982565641403 0.01838320493698 -0.00327534088865
vn -0.99755680561066 0.0698184594512 0.00241511710919
vn -0.94931703805923 0.00105090509169 -0.31431844830513
vn -0.90912461280823 0.0005989477504 -0.41652384400368
vn -0.91271024942398 0.00463516125455 -0.40858113765717
vn -0.95857352018356 0.01100144628435 -0.28463274240494
vn 0.93398630619049 -0.02177879586816 -0.35664436221123
vn 0.92445915937424 -0.02771881222725 -0.38027220964432
vn 0.97338855266571 0.09439488500357 -0.20881661772728
vn 0.98454052209854 0.03749128058553 -0.17109744250774
vn -0.89728420972824 0 -0.44145339727402
vn -0.89728420972824 0 -0.44145336747169
vn -0.95862460136414 -0.00780557421967 -0.28456619381905
vn -0.91251355409622 -0.00343914446421 -0.40903198719025
vn -0.14346280694008 -0.03328273445368 0.98909586668015
vn -0.14412179589272 0.01444832608104 0.98945444822311
vn -0.18899086117744 0.01152416039258 0.98191124200821
vn -0.18771167099476 -0.03405148908496 0.98163378238678
vn -0.18604227900505 -0.07955635339022 0.97931557893753
vn -0.14247691631317 -0.08093491196632 0.98648357391357
vn -0.89728420972824 0 -0.44145336747169
vn 0.19045206904411 0.00821932870895 -0.98166209459305
vn 0.19508524239063 0.00718032568693 -0.98075997829437
vn 0.99229449033737 0.12143856287003 0.02458216995001
vn 0.99999451637268 -0.00146477739327 0.00296692713164
vn -0.95689970254898 0.00356553774327 -0.29039666056633
vn -0.98245376348495 -0.02593878097832 -0.18469382822514
vn -0.98655438423157 0.01828450523317 -0.16240733861923
vn -0.99466913938522 -0.09508723765612 -0.03989699855447
vn 0.9600710272789 -0.00524105271325 0.27970734238625
vn 0.95683777332306 -0.00357023673132 0.29060071706772
vn 0.9092413187027 -0.00204624072649 0.41626438498497
vn 0.9041011929512 -0.00553261814639 0.4272825717926
vn -0.25797694921494 -0.96580004692078 0.02604155614972
vn -0.38773915171623 -0.9090404510498 -0.15265588462353
vn 0.94447445869446 0.05617744103074 0.32374694943428
vn 0.97341012954712 0.10039814561605 0.20589542388916
vn -0.3506934940815 0.02656140737236 0.93611353635788
vn -0.53073275089264 0.06804369390011 0.84480339288712
vn -0.54982572793961 -0.01890296116471 0.83506548404694
vn -0.33802634477615 -0.11243882775307 0.93439590930939
vn -0.98726177215576 -0.15899914503098 -0.00578211480752
vn -0.98206132650375 -0.04803973436356 0.18233966827393
vn 0.02054212242365 -0.9976145029068 -0.06590421497822
vn 0.01370443217456 -0.99762654304504 -0.06747983396053
vn 0.00387935549952 0.99999248981476 0
vn 0.00775865279138 0.99996989965439 0
vn -0.3699187040329 -0.05257011577487 0.92757564783096
vn -0.36075088381767 -0.08224222064018 0.92902904748917
vn -0.15515883266926 -0.01498163491488 0.98777592182159
vn -0.16701416671276 -0.00599014945328 0.98593628406525
vn 0.96356618404388 0.00228024530225 -0.26746019721031
vn 0.91932117938995 -0.00150957226288 -0.39350512623787
vn 0.96819549798965 -0.01514790859073 -0.24973580241203
vn 0.38384172320366 0.01503389142454 -0.9232764840126
vn 0.38267359137535 0.00718169985339 -0.92385566234589
vn 0.98959892988205 0.0149323605001 0.14307703077793
vn 0.92696529626846 0.28401091694832 0.2450982183218
vn 0.70270353555679 -0.04330331459641 -0.71016377210617
vn 0.63995987176895 -0.06201073154807 -0.76590210199356
vn 0.53179579973221 -0.05544293671846 -0.84505581855774
vn 0.54519289731979 -0.02151379920542 -0.83803451061249
vn 0.79196035861969 0.5396329164505 0.28564861416817
vn 0.00512341270223 0.9999862909317 -0.00108269939665
vn 0.03558818250895 0.97830581665039 -0.20408642292023
vn 0.17454767227173 0.04755241796374 -0.98349982500076
vn 0.06535793095827 0.94116389751434 -0.33157035708427
vn 0.23557040095329 0.43578717112541 -0.86867493391037
vn 0.23552143573761 -0.43577542901039 -0.86869412660599
vn 0.06508669257164 -0.9411586523056 -0.33163848519325
vn 0.0354059189558 -0.97830402851105 -0.20412650704384
vn 0.16297623515129 0.08584526926279 -0.98288828134537
vn 0.17123131453991 0.02682493813336 -0.98486560583115
vn 0.17765852808952 0.01043494138867 -0.98403686285019
vn 0.00512158172205 -0.9999862909317 -0.00109394895844
vn 0.03445065021515 -0.98038500547409 0.19405759871006
vn 0.06318965554237 -0.9472234249115 0.31428468227386
vn 0.23725534975529 -0.45680606365204 0.85734367370605
vn -0.02247679978609 0.99972516298294 -0.00665959948674
vn -0.09827745705843 0.99420619010925 -0.0435390509665
vn 0.2372030466795 0.45679676532745 0.85736304521561
vn -0.49734178185463 -0.80501741170883 -0.32341635227203
vn -0.70750111341476 -0.03565932065248 0.70581203699112
vn -0.55805993080139 -0.06605283915997 0.82716751098633
vn -0.55783408880234 -0.0095887389034 0.82989710569382
vn -0.70744806528091 -0.00518955476582 0.70674628019333
vn 0.98431140184402 0.00890810973942 -0.17621493339539
vn 0.98607635498047 0.01005520299077 -0.16598878800869
vn -0.53307938575745 0 0.84606522321701
vn 0.93430930376053 0.01374173443764 -0.3561983704567
vn 0.96818578243256 0.01665517687798 -0.24967759847641
vn 0.06293489038944 0.94721817970276 0.31435152888298
vn 0.03427872806787 0.98038321733475 0.1940973252058
vn 0.99941259622574 -0.03418833762407 -0.00236340751871
vn 0.98540204763412 -0.02168362401426 -0.16885666549206
vn -0.2150436937809 -0.09376422315836 0.97209280729294
vn -0.37652173638344 -0.25215718150139 0.8914303779602
vn -0.22637739777565 -0.13461442291737 0.96469283103943
vn -0.97471904754639 0.01500518992543 -0.22292952239513
vn -0.9869978427887 0.04362142458558 -0.15470093488693
vn 0.87883716821671 0 0.47712177038193
vn 0.87883722782135 0 0.47712177038193
vn 0.67690968513489 -0.00303378724493 -0.73605978488922
vn 0.74469900131226 -0.00370341027156 -0.66739016771317
vn 0.70301872491837 0.03073650225997 -0.71050679683685
vn 0.63999897241592 0.05255800485611 -0.76657611131668
vn -0.97193890810013 0.00089722912526 -0.23523169755936
vn -0.97508323192596 -0.01037945784628 -0.2215963602066
vn 0.96040028333664 0.00311020947993 0.2786066532135
vn 0.97852569818497 -0.00074360053986 0.20612344145775
vn 0.97773963212967 -0.00139829551335 0.20981711149216
vn 0.95314687490463 -0.00252153305337 0.30249747633934
vn -0.91338831186295 0.00344711705111 0.40707474946976
vn -0.93228179216385 -0.017429407686 0.36131265759468
vn -0.96456831693649 -0.0254634488374 0.26260155439377
vn -0.95529699325562 0.00248659891076 0.29563739895821
vn -0.91742616891861 0.00198523630388 -0.39790111780167
vn -0.918572306633 0 -0.39525294303894
vn -0.95723122358322 -0.00000000149821 -0.28932398557663
vn 0.35797101259232 -0.00567394914106 -0.93371546268463
vn 0.35056868195534 0.06330286711454 -0.93439519405365
vn -0.78202390670776 0.21021699905396 -0.58672600984573
vn -0.79990154504776 0.00000326173063 -0.60013121366501
vn -0.78203231096268 -0.21021062135696 -0.58671706914902
vn -0.98244559764862 -0.07619290053844 -0.17028020322323
vn -0.98218232393265 -0.10768491774797 -0.15401892364025
vn -0.95723122358322 -0.00000000299643 -0.28932401537895
vn -0.97626984119415 -0.00000001306883 -0.21655762195587
vn -0.97787541151047 -0.02239370159805 -0.20798617601395
vn -0.97906106710434 -0.00000000191389 -0.20356684923172
vn -0.97906082868576 -0.00000001103394 -0.20356778800488
vn 0.95723128318787 0 0.28932374715805
vn 0.95723128318787 0 0.28932371735573
vn 0.91045117378235 0 0.41361656785011
vn -0.92496800422668 0.00568736484274 0.38000246882439
vn -0.83233779668808 0.00682235183194 0.55422669649124
vn -0.83251911401749 0.01401071529835 0.55381911993027
vn 0.87883716821671 0 0.47712182998657
vn 0.87883716821671 0 0.47712180018425
vn 0.8330602645874 -0.00481074443087 -0.55316132307053
vn 0.83233654499054 -0.02500011399388 -0.55370652675629
vn 0.97790157794952 0.00103274115827 0.20906329154968
vn 0.98820769786835 -0.01381363067776 0.15249486267567
vn 0.98692941665649 -0.00348515948281 0.16111548244953
vn -0.70930641889572 0.03695488348603 0.70393097400665
vn -0.71109801530838 0.01657958514988 0.70289742946625
vn 0.98448091745377 0.08096358925104 0.15569925308228
vn 0.97926819324493 0.02156032063067 0.20141723752022
vn 0.98294901847839 0.02499658241868 0.18217141926289
vn -0.918572306633 0 -0.39525297284126
vn -0.8972841501236 0 -0.44145339727402
vn 0.97809171676636 0 0.20817448198795
vn 0.9824093580246 0 0.18674017488956
vn -0.98796063661575 -0.01722143031657 -0.15374392271042
vn -0.98746353387833 -0.01052481401712 -0.15749597549438
vn 0.99998617172241 0.00525309797376 -0.00010078542255
vn 0.99997419118881 0.00718170171604 0.00000013477207
vn 0.98075997829437 0.00718022463843 -0.19508540630341
vn 0.98160773515701 0.0074692950584 -0.19076284766197
vn 0.92435139417648 0.00931706652045 -0.38142845034599
vn 0.92385566234589 0.00718165934086 -0.38267362117767
vn -0.99990081787109 -0.0140217076987 0.00130122317933
vn -0.99968808889389 -0.02485809475183 0.00239872164093
vn 0.3797667324543 0.09568186104298 -0.92012077569962
vn 0.10936274379492 -0.70089238882065 -0.70483309030533
vn 0.14779503643513 -0.70137399435043 -0.69730281829834
vn -0.15141524374485 -0.02657006494701 0.98811310529709
vn -0.16860057413578 -0.02103949151933 0.98545986413956
vn -0.95807737112045 0.0080884937197 -0.28639549016953
vn -0.95715421438217 0.00155428482685 -0.2895744740963
vn -0.98667812347412 0.00173676759005 -0.16267515718937
vn -0.98641586303711 0.0072995936498 -0.16410507261753
vn -0.99999797344208 0.00199858495034 0.00010185367864
vn -0.99997419118881 0.00718204816803 0.00000000374367
vn -0.38072830438614 -0.00787847023457 0.92465341091156
vn -0.38267341256142 0.00718209380284 0.92385578155518
vn -0.55555605888367 0.00718066096306 0.83144807815552
vn -0.70708858966827 0.00718203466386 0.70708847045898
vn 0.90404838323593 0.00310384272598 0.42741879820824
vn 0.90837383270264 0.00537640647963 0.41812452673912
vn 0.956214427948 0.00662844860926 0.29259195923805
vn 0.95626825094223 0.00809432659298 0.29237908124924
vn 0.90918982028961 0.0078924773261 0.41630706191063
vn 0.87856274843216 0.00701401382685 0.47757545113564
vn 0.87870538234711 0.00350702833384 0.47735154628754
vn -0.56458652019501 -0.1062343493104 0.81850856542587
vn -0.75208133459091 0.00346060306765 0.65906125307083
vn -0.65299874544144 0.0652934089303 0.75453925132751
vn -0.69289034605026 0.00327562075108 0.72103554010391
vn 0.15074130892754 0.01701282709837 -0.98842686414719
vn 0.15024308860302 0.01578366942704 -0.98852306604385
vn -0.65155762434006 -0.0646963045001 0.75583529472351
vn -0.55529242753983 -0.10563249140978 0.82491946220398
vn 0.20113338530064 0.01255968865007 -0.97948336601257
vn 0.20212015509605 0.0161076951772 -0.97922825813293
vn 0.14480513334274 0.2874168753624 -0.94679617881775
vn 0.19439475238323 0.29051300883293 -0.93691670894623
vn -0.92385566234589 0.00718217296526 0.38267365098
vn -0.92439466714859 -0.00198223744519 0.38143226504326
vn -0.83192217350006 -0.00244525284506 0.55488693714142
vn -0.83144819736481 0.00718084443361 0.55555588006973
vn -0.8328008055687 -0.01262793224305 0.55342876911163
vn 0.83205515146256 -0.02835796400905 -0.55396753549576
vn -0.01501395087689 -0.91316616535187 -0.40731081366539
vn -0.0163085013628 -0.73839545249939 -0.67417079210281
vn -0.00610340060666 -0.99875235557556 -0.04956317692995
vn 0.70700228214264 -0.03547370806336 -0.7063210606575
vn 0.83279073238373 0.01217878889292 -0.55345398187637
vn 0.4006584584713 0.12018820643425 -0.90831029415131
vn 0.55783915519714 0.01244919281453 -0.8298556804657
vn -0.33327922224998 0.92044776678085 -0.20420779287815
vn -0.49716559052467 0.8050137758255 -0.32369622588158
vn -0.09779145568609 -0.72494387626648 0.68183076381683
vn -0.12772470712662 -0.72044682502747 0.68164712190628
vn 0.90031033754349 -0.0018127768999 0.43524470925331
vn 0.99202334880829 0.08444656431675 0.09358681738377
vn 0.04348954558372 -0.99875211715698 0.02455354295671
vn 0.37248179316521 0.16829113662243 -0.91265296936035
vn 0.55766099691391 0.01580133289099 -0.829918384552
vn 0.55555599927902 0.00718056363985 -0.83144813776016
vn 0.37062954902649 -0.91316199302673 0.16961415112019
vn -0.18659724295139 -0.00000013779992 0.98243647813797
vn -0.18659676611423 0 0.98243659734726
vn 0.70740193128586 0.0125585719943 -0.70669990777969
vn 0.70708858966827 0.00718191312626 -0.70708847045898
vn 0.55898660421371 0.07210163772106 -0.82603591680527
vn -0.17720344662666 0.01111940573901 0.9841114282608
vn -0.14292281866074 -0.00000027812871 0.98973381519318
vn 0.92387962341309 0 0.3826832473278
vn 0.23682564496994 0.06530077755451 -0.9693551659584
vn 0.25683417916298 0.08752298355103 -0.96248424053192
vn 0.61667501926422 -0.73839336633682 0.27292335033417
vn 0.97341096401215 0.22744943201542 -0.0271633118391
vn 0.98326921463013 0.11894667893648 0.13796126842499
vn 0.98658347129822 0.00564472516999 0.16316016018391
vn 0.98625230789185 0.00730024231598 0.16508497297764
vn -0.91965508460999 0.00788186304271 -0.39264795184135
vn -0.91776186227798 0.00255185062997 -0.39712300896645
vn -0.89739751815796 0.0035071936436 -0.44120895862579
vn -0.89749979972839 0.00701434444636 -0.4409590959549
vn -0.18696692585945 0.00509580597281 0.98235297203064
vn -0.1950851380825 0.00718072382733 0.98076003789902
vn 0.15792369842529 0.98477607965469 0.07263766229153
vn 0.0792641043663 0.99618673324585 0.03645785525441
vn -0.83309245109558 0.00399380782619 0.5531193614006
vn 0.15140801668167 0 -0.98847132921219
vn 0.1581142693758 0.02158982120454 -0.98718476295471
vn 0.12763203680515 0.53516900539398 -0.83504742383957
vn 0.17106541991234 0.53952181339264 -0.82441055774689
vn 0.55698317289352 0.11959119141102 -0.82186841964722
vn 0.20342786610126 0 -0.97908991575241
vn 0.20342628657818 0 -0.97909027338028
vn 0.8314483165741 0.00718045420945 -0.5555557012558
vn 0.83187907934189 0.00975550618023 -0.5548712015152
vn -0.98405659198761 -0.01482273638248 0.17723678052425
vn -0.98553663492203 -0.02210989966989 0.16801387071609
vn -0.98075997829437 0.00718071172014 0.19508524239063
vn -0.98163414001465 -0.00017318384198 0.1907731294632
vn -0.52647507190704 0.09043733030558 0.84536683559418
vn -0.4783473610878 0.3313592672348 0.81325572729111
vn -0.35015907883644 0.63971430063248 0.68421798944473
vn -0.1578474342823 0.91036301851273 0.38252231478691
vn -0.02457896992564 0.99609303474426 0.0848205909133
vn 0.98240965604782 0 0.18673859536648
vn 0.44300293922424 -0.77942079305649 -0.44300290942192
vn 0.60875326395035 -0.5087623000145 -0.60875314474106
vn 0.3297213613987 -0.50758212804794 -0.7960177063942
vn 0.24020737409592 -0.77846175432205 -0.57991176843643
vn 0.99961316585541 0.02422279119492 0.01366443745792
vn 0.99931114912033 -0.00738074723631 0.03636918962002
vn 0.99350696802139 0.04612189531326 -0.10400310903788
vn 0.99425286054611 0.07581209391356 -0.07558955997229
vn -0.00000001521738 -0.00060906482395 -0.99999982118607
vn -0.00000002313531 -0.17051799595356 -0.98535454273224
vn 0.3771131336689 -0.17000027000904 -0.91043156385422
vn 0.38268339633942 -0.00060708943056 -0.92387932538986
vn 0.91748440265656 -0.00419771438465 0.39774957299232
vn 0.88959538936615 -0.07640190422535 0.45031413435936
vn 0.90490406751633 -0.10051329433918 0.41357678174973
vn 0.92474448680878 -0.00935617182404 0.38047352433205
vn 0.99922180175781 -0.00016010674881 -0.0394437238574
vn 0.99827587604523 0.04153491184115 -0.04147502407432
vn 0.99609297513962 0.04335296154022 -0.07693725824356
vn 0.99688810110092 -0.00031997502083 -0.0788286998868
vn 0.86598610877991 0.00954746454954 -0.49997696280479
vn 0.81544941663742 0.00954610388726 -0.57874965667725
vn 0.81498968601227 0.03490083664656 -0.57842350006104
vn 0.86549782752991 0.03490446135402 -0.49969512224197
vn 0.93883484601974 0.05431688949466 0.34005707502365
vn 0.9076401591301 0.05423801764846 0.41623026132584
vn 0.90610313415527 0.07947117090225 0.41552546620369
vn 0.93724036216736 0.07958646118641 0.33947968482971
vn 0.48062688112259 0.73348188400269 0.48062682151794
vn 0.62902665138245 0.7324196100235 0.26055127382278
vn 0.99930173158646 -0.00000030525013 0.03736446425319
vn 0.99931037425995 0.00785377528518 0.03629136830568
vn 0.99351412057877 -0.0458814650774 -0.10404139012098
vn 0.9940425157547 0.00000098354474 -0.10899279266596
vn -0.00000001521738 0 1
vn -0.38268333673477 0.00000000037188 0.92387956380844
vn 0.67970913648605 0.73348170518875 -0.00000000752404
vn -0.00000000093291 0.00954688992351 0.99995440244675
vn 0.09341572970152 0.00970614235848 0.99557989835739
vn 0.09331469237804 0.03519061207771 0.9950145483017
vn 0 0.03490553423762 0.99939060211182
vn -0.44271022081375 0.77975332736969 -0.4427102804184
vn -0.24004901945591 0.77879518270493 -0.57952958345413
vn -0.16764459013939 0.89893770217896 -0.40472990274429
vn -0.30898359417915 0.89947664737701 -0.30898362398148
vn 0 0.9616231918335 -0.27437350153923
vn 0.00000001397716 0.98802131414413 -0.154317304492
vn -0.05923543125391 0.98794746398926 -0.14300698041916
vn -0.10530256479979 0.96139591932297 -0.25422289967537
vn 0.17482967674732 0.01053321361542 0.98454236984253
vn 0.17449510097504 0.03670378774405 0.98397374153137
vn 0.31943455338478 -0.58388918638229 0.74634778499603
vn 0.3062008023262 -0.59981149435043 0.73923420906067
vn 0.36305963993073 -0.31611600518227 0.87650346755981
vn 0.37478709220886 -0.30670455098152 0.87490969896317
vn 0.30213496088982 -0.58363115787506 0.75371688604355
vn 0.3537592291832 -0.30655267834663 0.88367408514023
vn 0.37130722403526 0.00000002767207 0.92851006984711
vn 0.38268345594406 0.0000000746985 0.9238795042038
vn 0.39400133490562 0.00000007036532 0.91910988092422
vn 0.84992510080338 -0.14435939490795 0.50674217939377
vn 0.65948861837387 -0.53305500745773 0.53002560138702
vn 0.00916585978121 -0.70383477210999 0.71030461788177
vn 0.1725752055645 -0.86601036787033 0.46930140256882
vn 0.01741644367576 -0.70113903284073 0.71281188726425
vn 0.7613086104393 -0.46807488799095 0.44868156313896
vn 0.91087317466736 -0.11003904044628 0.3977455496788
vn -0.92255878448486 0.38585650920868 0.0000000553026
vn -0.85272943973541 0.3848295211792 0.35321208834648
vn -0.71793085336685 0.62939846515656 0.29737663269043
vn -0.77611792087555 0.63058775663376 0
vn -0.65234750509262 0.38585683703423 0.65234744548798
vn -0.5487979054451 0.63058841228485 0.5487979054451
vn -0.03884491324425 0.99848991632462 0.03884491324425
vn -0.05098016932607 0.99847638607025 0.02111667953432
vn -0.09372911602259 0.99484044313431 0.03882387280464
vn -0.07151520997286 0.99487245082855 0.07151520997286
vn 0.00000005392409 -0.16303206980228 0.98662078380585
vn -0.37759467959404 -0.16253627836704 0.9115943312645
vn -0.37061396241188 0.24916453659534 0.89474147558212
vn 0.00000000391892 0.24990092217922 0.9682714343071
vn -0.0549349822104 0.99848991632462 -0.00000000046621
vn -0.10113776475191 0.99487245082855 -0.00000000093153
vn 0.51655930280685 0.68288576602936 0.51655930280685
vn 0.68467271327972 0.24989306926727 0.68467271327972
vn 0.37061402201653 0.24916455149651 0.89474147558212
vn 0.27996611595154 0.68174558877945 0.67590081691742
vn 0.67590200901031 0.68174374103546 0.27996772527695
vn 0.89474254846573 0.2491600215435 0.37061440944672
vn 0.07048548012972 0.99508994817734 -0.06948272883892
vn 0.05252299830317 0.98868668079376 -0.14049895107746
vn 0.07277162373066 0.99407464265823 -0.08074595034122
vn 0.04896883666515 0.99719548225403 -0.05659718438983
vn 0.00000000186522 -0.0211297031492 0.99977672100067
vn 0 -0.01873023435473 0.99982458353043
vn -0.0932080745697 -0.01900102756917 0.99546533823013
vn -0.09175911545753 -0.02229769527912 0.99553155899048
vn -0.70710676908493 -0.00000017797471 0.70710676908493
vn -0.92387956380844 -0.0000006416364 0.38268342614174
vn -0.92387956380844 -0.00000128615 0.38268342614174
vn -0.70710670948029 -0.00000059212948 0.70710682868958
vn -1 -0.00000034540886 -0.00000002663043
vn -1 -0.00000069081773 -0.00000006086955
vn -0.00000000186278 0.99829888343811 -0.05830395594239
vn -0.02238167077303 0.9982882142067 -0.05403416231275
vn -0.04122710227966 0.99829888343811 -0.04122710600495
vn 0 0.0000069086941 -1
vn 0 -0.38268181681633 -0.92388021945953
vn -0.51655930280685 0.68288576602936 -0.51655930280685
vn -0.3838232755661 0.83985680341721 -0.38382321596146
vn -0.50259679555893 0.83908075094223 -0.20818242430687
vn -0.67590183019638 0.6817439198494 -0.27996772527695
vn -0.6962873339653 -0.17426377534866 -0.69628739356995
vn -0.37686365842819 -0.17373567819595 -0.90982949733734
vn -0.382633715868 -0.01611474528909 -0.92375957965851
vn -0.70701438188553 -0.01616519130766 -0.70701438188553
vn 0.00000003804326 -0.01616523228586 -0.99986934661865
vn 0.0000000192428 -0.17426399886608 -0.98469895124435
vn 0.04122711718082 0.99829888343811 -0.04122709855437
vn 0.0223816819489 0.9982882142067 -0.05403417721391
vn 0 0 1
vn -0.38268333673477 0 0.92387956380844
vn -0.38265615701675 0.0119199110195 0.92381393909454
vn 0 0.01195730734617 0.99992853403091
vn 0.60865199565887 0.50900435447693 -0.60865199565887
vn 0.69675087928772 0.17051787674427 -0.69675087928772
vn 0.91043162345886 0.17000016570091 -0.37711301445961
vn 0.79588603973389 0.50782400369644 -0.32966679334641
vn 0.37686365842819 -0.17373561859131 -0.90982949733734
vn 0.38263377547264 -0.01611463539302 -0.92375957965851
vn 0.70701438188553 -0.01616519130766 -0.70701438188553
vn 0.6962873339653 -0.17426389455795 -0.6962873339653
vn 0.86475044488907 0.05424147471786 0.49926397204399
vn 0.86328601837158 0.07947539538145 0.49841839075088
vn 0.61876314878464 -0.01869929209352 0.78535503149033
vn 0.59057253599167 -0.01391732972115 0.80686455965042
vn 0.62933373451233 0.01967527531087 0.77688604593277
vn 0.65511155128479 0.01758189126849 0.75532758235931
vn 0.7806299328804 0.38800597190857 -0.48996761441231
vn 0.6957386136055 0.40978282690048 -0.58993715047836
vn 0.58975076675415 0.63726609945297 -0.49607047438622
vn 0.71890020370483 0.57949584722519 -0.38388419151306
vn -0.98951900005341 -0.01869872398674 0.14318709075451
vn -0.99738401174545 -0.04969921708107 0.05248900130391
vn -0.99946165084839 -0.02154172211885 0.02474602498114
vn -0.99405145645142 -0.01391694974154 0.10801854729652
vn 0 -0.56253790855408 0.82677149772644
vn 0 -0.39018818736076 0.92073512077332
vn -0.93818062543869 -0.02534234896302 -0.34521719813347
vn -0.93978363275528 -0.0196690633893 -0.34120360016823
vn -0.90870255231857 -0.01900065131485 -0.4170116186142
vn -0.90803527832031 -0.02229859121144 -0.41829973459244
vn 0.69352161884308 0.23180623352528 0.68212431669235
vn 0.3482508957386 0.11193045973778 0.9306948184967
vn 0.36219021677971 0.12336102873087 0.92390489578247
vn 0.68129116296768 0.2529656291008 0.68691396713257
vn 0.9816118478775 0.04424216225743 -0.1856901794672
vn 0.97658890485764 0.07248938828707 -0.20253255963326
vn 0.98956668376923 0.1150052472949 -0.0867845416069
vn 0.9913022518158 0.09949482232332 -0.0861429721117
vn 0 -0.00000023230918 1
vn -0.00000006086955 -0.00000074016185 1
vn 0.08501148968935 0.99637997150421 0
vn 0.07264410704374 0.99421125650406 0.07916288077831
vn -0.65234762430191 0.38585644960403 -0.65234762430191
vn -0.35321208834648 0.38482910394669 -0.85272961854935
vn -0.38213306665421 0.05361004918814 -0.9225509762764
vn -0.70608359575272 0.05377760902047 -0.70608347654343
vn 0.05544808506966 0.9927339553833 0.10679333657026
vn -0.55670768022537 0.06925000995398 0.82781702280045
vn -0.74551767110825 0.03555587679148 0.66553682088852
vn -0.74558418989182 -0.02187025174499 0.66605252027512
vn -0.58400803804398 -0.00935935042799 0.81169390678406
vn -0.00000001505726 0.71344238519669 -0.70071393251419
vn -0.26857882738113 0.71234440803528 -0.64840638637543
vn 0.67014372348785 0.04829956591129 0.740658223629
vn 0.6605281829834 0.05726636946201 0.74861413240433
vn 0.05630609020591 0.99841356277466 0.00000139230019
vn 0.05613234266639 0.92242288589478 0.38208010792732
vn -0.86598080396652 0.0101470798254 0.49997425079346
vn -0.86570298671722 -0.0272842310369 0.49981382489204
vn 0.12281960994005 0.99201530218124 -0.02865289896727
vn 0.15370956063271 0.98010867834091 -0.12554006278515
vn 0.08948510885239 0.98170602321625 -0.16806453466415
vn 0.46023207902908 -0.75919228792191 0.46023198962212
vn 0.24952508509159 -0.75818413496017 0.60240691900253
vn 0.31631696224213 -0.56282490491867 0.76365679502487
vn 0.58389699459076 -0.56402903795242 0.58389687538147
vn -1 0 0.00000000760869
vn -0.92387956380844 0.0000002104251 -0.38268342614174
vn 0.36709278821945 -0.93015253543854 0.00769014982507
vn 0.01936725899577 -0.91832369565964 0.39535623788834
vn 0.03778785839677 -0.99927926063538 -0.00361845246516
vn 0.9940425157547 0.00000098448675 0.10899275541306
vn 0.99930173158646 -0.00000030734566 -0.0373644605279
vn 0.99931037425995 -0.00785410869867 -0.0362913236022
vn 0.99351382255554 0.04588272050023 0.10404326766729
vn 0.00045542709995 -0.7067905664444 0.70742267370224
vn 1 0 0
vn -0.00000000395019 0.38585630059242 -0.92255890369415
vn -0.00000000761881 0.05377781391144 -0.99855291843414
vn 0.69764620065689 -0.1630322933197 0.69764620065689
vn 0.37759476900101 -0.16253569722176 0.91159439086914
vn 0.99988442659378 0.01074946392328 0.0107496175915
vn 0.9999892115593 0.00359861948527 0.00293503003195
vn 0.99839997291565 -0.03593649342656 0.04365899413824
vn 0.99962151050568 -0.01361271273345 0.02390703372657
vn 0.6516181230545 0.04424191266298 -0.75725585222244
vn 0.66369134187698 0.07248838990927 -0.74448585510254
vn 0.72356754541397 0.0160796456039 -0.6900662779808
vn 0.70827668905258 0.00495772529393 -0.70591747760773
vn 0.78132098913193 0.38773915171623 0.48907658457756
vn 0.7141814827919 0.39078453183174 0.58071708679199
vn 0.71306091547012 0.54281878471375 0.44372507929802
vn 0.71947848796844 0.57941401004791 0.38292318582535
vn 0.30554276704788 -0.90182441473007 -0.30554276704788
vn 0.40022796392441 -0.90129607915878 -0.16577987372875
vn 0.57991182804108 -0.77846169471741 -0.24020740389824
vn 0.69137734174728 0.02588112093508 -0.72203010320663
vn 0.80019491910934 -0.00965604372323 -0.59966224431992
vn 0.79284572601318 -0.02232408896089 -0.60901337862015
vn 0.68292343616486 -0.0129308309406 -0.73037552833557
vn -0.62823539972305 0.45895594358444 -0.62823539972305
vn -0.79388171434402 0.50826036930084 -0.33380118012428
vn -0.88884103298187 0.26928317546844 -0.37073999643326
vn -0.68595832586288 0.24273905158043 -0.68595838546753
vn 0.27960783243179 0.02588148973882 0.95976537466049
vn 0.19254115223885 0.00405156472698 0.98128056526184
vn 0.09901449084282 -0.00971351470798 0.99503856897354
vn 0.11922492831945 -0.00965552311391 0.99282032251358
vn -0.93300050497055 0.00000000002663 -0.35987514257431
vn -0.92851001024246 0.00000000001332 -0.37130731344223
vn -0.92851001024246 -0.0000000277356 -0.37130731344223
vn -0.93300050497055 -0.00000000217143 -0.35987514257431
vn -0.69675093889236 -0.17051781713963 0.69675093889236
vn -0.91043156385422 -0.17000022530556 0.37711307406425
vn -0.92387938499451 -0.00060695462162 0.38268336653709
vn -0.70710664987564 -0.00060875044437 0.70710664987564
vn -0.98535460233688 -0.1705177128315 0.00000003084707
vn -0.99999982118607 -0.00060894002672 0.00000001521738
vn 0.51656377315521 -0.68287909030914 -0.51656371355057
vn 0.67590767145157 -0.68173718452454 -0.27997010946274
vn 0.89474260807037 -0.24915954470634 -0.37061455845833
vn 0.68467289209366 -0.24989247322083 -0.68467277288437
vn 0.98409563302994 0.17763963341713 -0.00000436776054
vn 0.90905904769897 0.17618337273598 -0.37758585810661
vn 0.9228236079216 0.03856719657779 -0.38328731060028
vn 0.99922513961792 0.03935855254531 -0.00000865222864
vn 0.02689617872238 0.99962341785431 0.00544729968533
vn 0.05790542438626 0.99760538339615 0.03782116621733
vn -0.98662078380585 -0.16303208470345 0.00000007703441
vn -0.91159379482269 -0.1625397503376 -0.37759450078011
vn -0.89474248886108 0.24916031956673 -0.37061440944672
vn -0.96827358007431 0.24989241361618 0.00000003135127
vn -0.44300293922424 -0.77942079305649 0.44300290942192
vn -0.57991182804108 -0.77846175432205 0.24020738899708
vn -0.7960177063942 -0.5075820684433 0.32972139120102
vn -0.60875326395035 -0.5087623000145 0.6087532043457
vn -0.62650072574615 -0.77942079305649 0.00000002286641
vn -0.86090713739395 -0.50876212120056 0.00000004623593
vn 0.73053157329559 -0.68287897109985 -0.00000004855991
vn 0.96827363967896 -0.24989219009876 -0.00000003135126
vn 0.05101008340716 -0.99751806259155 -0.04853555187583
vn 0.02091391384602 -0.99831533432007 -0.05412100628018
vn 0.01187506504357 -0.99985897541046 -0.01187506504357
vn 0.05585165694356 -0.99822264909744 -0.02078706771135
vn 0.86599123477936 0.00888865254819 -0.49998015165329
vn 0.94985580444336 0.00348521536216 -0.31266888976097
vn 0.94862753152847 0.01743235066533 -0.31591445207596
vn 0.86509948968887 0.04622991383076 -0.49946534633636
vn 0.10082890093327 0.39265197515488 -0.91414332389832
vn 0.00000032842374 0.3826841711998 -0.92387920618057
vn 0.00000037947447 0.38268402218819 -0.92387926578522
vn -0.0000008033519 0.38268411159515 -0.92387926578522
vn 0.66959458589554 0.3213819861412 0.6695944070816
vn 0.87514984607697 0.32047981023788 0.36249893903732
vn 0.91159343719482 0.16254229843616 0.37759429216385
vn 0.6976455450058 0.16303884983063 0.69764530658722
vn 0.9469496011734 0.32138213515282 0.0000001062952
vn 0.9866196513176 0.16303895413876 0.00000005777587
vn -0.30554270744324 -0.90182441473007 0.30554270744324
vn -0.20506037771702 -0.95702689886093 0.20506036281586
vn -0.26869347691536 -0.95677417516708 0.11129665374756
vn -0.40022796392441 -0.90129607915878 0.16577988862991
vn 0 -0.99844670295715 -0.05571553111076
vn -0.00000000005821 -0.99993854761124 -0.01108745671809
vn 0.99980622529984 0.00422393204644 0.01922815479338
vn 0.99942022562027 -0.03126450255513 0.01348330639303
vn 0.99985599517822 -0.01194513123482 0.01205525547266
vn 0 -0.82678139209747 0.56252336502075
vn 0 -0.92073976993561 0.3901771903038
vn -0.70710676908493 0.0000005324423 -0.70710682868958
vn 0.97073519229889 -0.03502246364951 0.23758506774902
vn 0.97408390045166 -0.00825468916446 0.22603620588779
vn 0.92423212528229 0.00106885354035 0.38182955980301
vn 0.91954469680786 -0.00099806732032 0.39298415184021
vn -0.28999906778336 -0.95702695846558 0
vn -0.43210256099701 -0.90182447433472 0
vn 0.01108745671809 -0.99993854761124 0.00000000005821
vn 0.86594033241272 0.0140239065513 0.49995064735413
vn 0.86599814891815 0.00794652104378 0.4999840259552
vn -0.21547916531563 0.95243763923645 -0.21547915041447
vn -0.26932060718536 0.92462575435638 -0.26932060718536
vn -0.35282710194588 0.92420476675034 -0.14614579081535
vn -0.28233766555786 0.95215994119644 -0.11694809049368
vn 0.00000108214658 0.38268351554871 0.9238795042038
vn -0.00204796670005 0.55170631408691 0.83403593301773
vn 0.16036985814571 0.49605891108513 0.85335046052933
vn 0.09792152792215 0.39197474718094 0.9147498011589
vn 0.37130731344223 0.00000002566382 0.92851001024246
vn 0.38268351554871 0.00000007352982 0.9238795042038
vn 0.37130734324455 0.00000000445876 0.92851001024246
vn 0.38268354535103 0.00000000220349 0.9238795042038
vn 0.39400112628937 0 0.91910994052887
vn 0.39400118589401 0.00000007036532 0.91910994052887
vn -0.69675093889236 0.17051774263382 -0.69675093889236
vn -0.91043156385422 0.1700002104044 -0.37711310386658
vn -0.92387938499451 0.00060679862509 -0.38268336653709
vn -0.70710670948029 0.00060879008379 -0.70710664987564
vn -0.00000008276446 0.73348206281662 0.67970883846283
vn 0.26055112481117 0.7324201464653 0.62902611494064
vn 0.13099114596844 0.74432879686356 0.65484040975571
vn 0.11239682137966 0.63828241825104 0.76155269145966
vn 0.93818038702011 -0.02534243650734 -0.34521785378456
vn 0.90803527832031 -0.02229866757989 -0.4182998239994
vn 0.90870249271393 -0.01900032535195 -0.41701164841652
vn 0.93978345394135 -0.01966900005937 -0.34120407700539
vn 0 -0.70710670948029 0.70710688829422
vn 0.00000000006233 -0.92387998104095 0.38268229365349
vn 0.00000003160148 0.38585647940636 0.92255884408951
vn -0.35321214795113 0.38482916355133 0.8527295589447
vn -0.38213309645653 0.05361045897007 0.92255091667175
vn 0.00000008761635 0.05377846583724 0.99855291843414
vn -0.00000000380435 -0.00000028773204 -1
vn -0.38268336653709 -0.00000014197769 -0.92387956380844
vn -0.27996516227722 0.02591853402555 0.95966023206711
vn -0.34486702084541 0.0507670789957 0.93727767467499
vn -0.40697476267815 0.08403767645359 0.90956538915634
vn -0.42133241891861 0.04415791481733 0.90583062171936
vn -0.30214148759842 -0.58360952138901 -0.75373101234436
vn -0.3537612259388 -0.30654010176659 -0.88367766141891
vn -0.36306276917458 -0.31609153747559 -0.8765110373497
vn -0.30621266365051 -0.59977030754089 -0.73926275968552
vn -0.47484332323074 0.74097752571106 -0.47484329342842
vn -0.25742489099503 0.73993027210236 -0.62147861719131
vn 0.00000001504459 0.7409775853157 -0.67152971029282
vn -0.98661953210831 0.16303962469101 -0.0000000462207
vn -0.91159325838089 0.1625432819128 0.37759426236153
vn -0.89474254846573 -0.24915990233421 0.37061449885368
vn -0.96827352046967 -0.24989268183708 0.00000005878362
vn -0.68467277288437 -0.24989277124405 0.68467271327972
vn -0.69764542579651 0.16303871572018 0.69764548540115
vn -0.86598604917526 0.00954745896161 -0.49997699260712
vn -0.81544929742813 0.00954664312303 -0.57874983549118
vn -0.81549406051636 -0.01900053024292 -0.57845342159271
vn -0.86587357521057 -0.01872983761132 -0.49991217255592
vn -0.60865205526352 0.50900429487228 -0.60865205526352
vn -0.79588603973389 0.50782400369644 -0.32966676354408
vn -0.76500982046127 0.00955987162888 -0.64394760131836
vn -0.76538276672363 -0.01966923289001 -0.64327466487885
vn -0.00021242705407 0.9997633099556 -0.02175506018102
vn 0.00476643489674 0.99948793649673 -0.03164137154818
vn 0.01154247578233 0.99949461221695 -0.02961882390082
vn 0.00728689273819 0.9997906088829 -0.01912193931639
vn -0.10911879688501 0.98802131414413 -0.10911879688501
vn -0.1940113902092 0.9616231918335 -0.19401137530804
vn 0.09960021078587 -0.70359027385712 0.70359116792679
vn 0.10498751699924 -0.37189418077469 0.92231899499893
vn -0.37759435176849 0.16254267096519 0.91159331798553
vn -0.37061443924904 -0.24916030466557 0.89474248886108
vn 0.81014060974121 0.07379094511271 -0.58157294988632
vn 0.76487791538239 0.075204603374 -0.63977032899857
vn 0.82805967330933 0.14079107344151 -0.54267394542694
vn 0.88593178987503 0.09227849543095 -0.45454329252243
vn 0.48062679171562 0.73348194360733 -0.48062682151794
vn 0.26055127382278 0.7324196100235 -0.62902665138245
vn 0.00000002553369 0.95243763923645 -0.30473357439041
vn -0.1169480830431 0.95216000080109 -0.28233763575554
vn -0.38087689876556 0.92462575435638 -0.0000000018745
vn -0.30473363399506 0.95243763923645 0.00000000756554
vn 0.00000003527017 -0.24989268183708 0.96827352046967
vn -0.00000005777588 0.16303963959217 0.98661953210831
vn 0.0000000271935 0.68288832902908 0.73052275180817
vn -0.27996608614922 0.68174570798874 0.67590075731277
vn 0 0.00000043364383 -1
vn 0.32235538959503 0.04971158131957 -0.9453125
vn 0.34825083613396 0.11193136125803 -0.93069475889206
vn -0.54282200336456 -0.83984780311584 0.00000000374876
vn -0.73053121566772 -0.68287926912308 0.00000005244469
vn -0.67590755224228 -0.68173736333847 0.27997002005577
vn -0.50260990858078 -0.83907157182693 0.20818781852722
vn -0.03573541343212 0.99936127662659 0.00000000005821
vn -0.03167098388076 0.99948698282242 -0.0047664353624
vn -0.02180183120072 0.99976229667664 0.00020537918317
vn -0.03207378834486 0.99947154521942 0.00527985673398
vn -0.75793564319611 0.57296025753021 0.31184959411621
vn -0.47465997934341 0.84417694807053 0.2491247355938
vn -0.86583197116852 -0.02113013342023 -0.49988850951195
vn -0.86584943532944 -0.02014671824872 -0.49989882111549
vn -0.91123604774475 -0.00971416477114 -0.41177001595497
vn -0.21841731667519 0.96404695510864 0.15135157108307
vn 0.00000044124999 0.382682710886 0.92387980222702
vn 0.0000013197191 0.38268178701401 0.92388021945953
vn 0.00000292045206 0.38268288969994 0.92387974262238
vn -0.39400151371956 0.00000003629856 -0.91910982131958
vn -0.38268339633942 0.00000001762792 -0.92387956380844
vn -0.38268342614174 0.0000000225716 -0.92387956380844
vn -0.39400142431259 0.00000004491012 -0.91910982131958
vn -0.61876285076141 -0.01869912073016 0.7853552699089
vn -0.63716554641724 -0.04954654350877 0.76913279294968
vn -0.69705897569656 -0.0082226889208 0.71696668863297
vn -0.70174819231033 0.01166557986289 0.71232950687408
vn -0.00000000752404 0.73348170518875 -0.67970913648605
vn 0.11179951578379 0.00000011410106 0.99373078346252
vn -0.37130734324455 0 -0.92851001024246
vn -0.37130731344223 0 -0.92851001024246
vn -0.94695407152176 -0.32136899232864 0.0000000911102
vn -0.87515133619308 -0.32047501206398 -0.36249956488609
vn -0.83280378580093 0.55356830358505 -0.000000067884
vn -0.9551597237587 0.29609107971191 -0.00000006714463
vn 0.70705604553223 0.01197747141123 -0.70705604553223
vn 0.68595832586288 0.24273906648159 -0.68595838546753
vn 0.37073996663094 0.26928320527077 -0.88884109258652
vn 0.38265606760979 0.01194003317505 -0.92381370067596
vn -0.47484344244003 0.74097734689713 0.47484344244003
vn -0.25742492079735 0.73993027210236 0.62147855758667
vn -0.736068546772 0.23192316293716 0.6359361410141
vn -0.73099404573441 0.29476061463356 0.61543792486191
vn 0.99931955337524 -0.03688348829746 0.00000001816132
vn 0.27961307764053 -0.03502245247364 -0.95947378873825
vn 0.11943829059601 -0.00099797302391 -0.99284112453461
vn 0.1314422339201 0.00106889021117 -0.99132323265076
vn 0.29128906130791 -0.0082545215264 -0.95659947395325
vn 0.26694402098656 0.96371203660965 -0.00000000559647
vn 0.28678435087204 0.95799517631531 -0.00000000559902
vn 0.26571643352509 0.95774781703949 0.11006337404251
vn 0.24734218418598 0.96349638700485 0.10245247930288
vn -0.99855291843414 0.05377806350589 0.00000004952228
vn -0.9225509762764 0.05361011251807 -0.38213309645653
vn -0.9238795042038 -0.00000000143859 -0.38268342614174
vn -1 0 0.00000000380435
vn -0.86509943008423 0.04623004049063 -0.49946546554565
vn -0.94862753152847 0.01743311062455 -0.31591433286667
vn -0.949855864048 0.00348409288563 -0.31266859173775
vn -0.86599123477936 0.00888831168413 -0.49998018145561
vn 0.9710202217102 0.02584512904286 -0.23759576678276
vn 0.98413991928101 0.05076688155532 -0.16997438669205
vn 0.99119424819946 0.08403693884611 -0.10233174264431
vn 0.99513858556747 0.04415736719966 -0.08803040534258
vn 0.20278722047806 0.95799511671066 0.2027872055769
vn 0.18875798583031 0.96371203660965 0.18875798583031
vn -0.0000000484323 0.99829888343811 0.05830395594239
vn -0.02238172292709 0.9982882142067 0.05403417721391
vn -0.00464848149568 -0.99951016902924 -0.03094883821905
vn 0.00019112028531 -0.9997929930687 -0.02034544944763
vn 0.00512123992667 -0.99949586391449 -0.03133355826139
vn 0 -0.99938267469406 -0.03513165563345
vn 0.90916484594345 0.00025104478118 0.41643625497818
vn 0.91119545698166 -0.00284482445568 0.41196447610855
vn 0.90410667657852 -0.00211855000816 0.42730152606964
vn 0.89990174770355 0.00000008937793 0.43609276413918
vn -0.70608359575272 0.05377800762653 0.70608353614807
vn 0.01055596582592 0.93207967281342 0.36209958791733
vn 0.00329900230281 0.92786419391632 0.37290361523628
vn 0.0075975456275 0.7020862698555 0.71205133199692
vn 0.9106405377388 -0.00268286606297 0.4131908416748
vn 0.86598342657089 -0.05095871910453 0.49746951460838
vn 0.80069780349731 -0.09765831381083 0.59105485677719
vn 0.89984178543091 -0.00004432443529 -0.43621638417244
vn 0.90391683578491 -0.00129900535103 -0.42770636081696
vn 0.91127645969391 -0.00224310788326 -0.41178905963898
vn 0.90929210186005 0.00040684116539 -0.4161581993103
vn 0.8639377951622 -0.00983568001539 0.50350248813629
vn 0.79719287157059 -0.02005744352937 0.60339140892029
vn -0.56993192434311 -0.03191130980849 -0.82107204198837
vn -0.45323517918587 -0.04969917610288 -0.8900043964386
vn -0.47830057144165 -0.0215409565717 -0.8779319524765
vn -0.60959672927856 -0.01978396624327 -0.79246473312378
vn -0.37075588107109 -0.01869899593294 -0.92854207754135
vn -0.40347924828529 -0.01391684729606 -0.91488295793533
vn 0.00000007592514 0.32138213515282 -0.9469496011734
vn -0.36249876022339 0.320481300354 -0.87514936923981
vn -0.37759432196617 0.1625429391861 -0.91159325838089
vn 0.00000003466552 0.16303893923759 -0.9866196513176
vn -0.66959452629089 0.32138204574585 -0.66959452629089
vn -0.69764542579651 0.16303886473179 -0.69764542579651
vn -0.70710670948029 0.00060876412317 0.707106590271
vn -0.69675093889236 0.1705177873373 0.69675087928772
vn -0.37711322307587 0.17000010609627 0.91043156385422
vn -0.38268345594406 0.00060681265313 0.92387932538986
vn 0.92627108097076 -0.01338626351207 0.37662008404732
vn 0.05560776591301 -0.99845266342163 -0.00001790454189
vn 0.02231872454286 0.28288260102272 0.95889484882355
vn 0.02223464474082 0.25971791148186 0.96542853116989
vn -0.00000160229683 0.3826829791069 0.92387974262238
vn -0.00000003470296 0.17051760852337 0.98535460233688
vn -0.00000002282608 0.00060867227148 0.99999982118607
vn 0.91746932268143 -0.00380994728766 -0.39778822660446
vn 0.87475895881653 -0.30689531564713 -0.37498277425766
vn 0.87985920906067 -0.30947068333626 -0.36066007614136
vn 0.92475163936615 -0.00933743175119 -0.38045653700829
vn -0.60865205526352 0.50900429487228 0.60865205526352
vn -0.32966688275337 0.5078239440918 0.79588603973389
vn 0.74661326408386 -0.58361172676086 -0.31932121515274
vn 0.7486447095871 -0.58761888742447 -0.30697736144066
vn -0.00000004238498 0.50900429487228 0.8607639670372
vn 0.99977457523346 -0.01188647095114 -0.01759310439229
vn 0.99910020828247 -0.02374405041337 -0.03514331579208
vn 0.99705874919891 -0.0748947635293 -0.0162690281868
vn 0.99693977832794 -0.0781727284193 0.00029762793565
vn 0.99816751480103 0.02747734077275 -0.05391298606992
vn 0.99788677692413 0.05448203533888 -0.03540775179863
vn -0.38383316993713 -0.83984768390656 0.38383316993713
vn -0.51656359434128 -0.68287932872772 0.51656353473663
vn 0.99604493379593 0.07737667113543 -0.04367303475738
vn 0.9942969083786 0.07541121542454 -0.07541124522686
vn 0.9952644109726 0.0692497715354 0.068214610219
vn 0.94913053512573 0.03555709123611 0.31286886334419
vn 0.94961047172546 -0.02187047898769 0.31266862154007
vn 0.99495154619217 -0.00935935694724 0.09991904348135
vn 0.07036854326725 0.99507242441177 0.06985055655241
vn 0.05233064293861 0.98862338066101 0.14101514220238
vn 0.02439047396183 0.97728061676025 0.21054145693779
vn 0.08924576640129 0.98158419132233 0.16890123486519
vn -0.44271031022072 0.77975332736969 0.4427102804184
vn -0.24004909396172 0.77879512310028 0.57952958345413
vn 0 1 -0.00000001141301
vn 0 1 -0.00000000380434
vn 0.00836624018848 0.94030463695526 0.34023115038872
vn -0.00067282590317 0.94396924972534 0.33003270626068
vn -0.00000001524405 0.77975338697433 0.62608677148819
vn 0.52422207593918 -0.67110532522202 -0.52422207593918
vn 0.28410655260086 -0.66994976997375 -0.68589413166046
vn -0.00527985673398 0.99947249889374 0.03204417601228
vn -0.01159115601331 0.99954116344452 0.02798352576792
vn -0.00747966347262 0.99980896711349 0.01805750280619
vn -0.00000000060541 0.99975901842117 0.02195116691291
vn 0.00507534155622 0.36475047469139 0.93109148740768
vn 0.01376079581678 0.33543798327446 0.94196176528931
vn -0.01892521418631 0.99947249889374 0.02639205753803
vn -0.0155218122527 0.99975901842117 0.01552181318402
vn -0.70710676908493 0 0.70710676908493
vn 0.17012417316437 -0.02534126490355 0.98509675264359
vn 0.09175910800695 -0.02229769155383 0.99553155899048
vn -0.70071405172348 0.7134422659874 0.00000000752863
vn -0.64840656518936 0.71234428882599 0.26857885718346
vn 0.02238167077303 0.9982882142067 0.05403418838978
vn -0.37130731344223 0.00000000919052 -0.92851001024246
vn -0.38268348574638 0.00000003251316 -0.9238795042038
vn 0.94695407152176 -0.32136896252632 -0.00000007592517
vn 0.87515342235565 -0.32046830654144 0.3625003695488
vn 0.9115943312645 -0.1625362932682 0.37759470939636
vn 0.98662078380585 -0.16303206980228 -0.00000005392409
vn -0.14581042528152 -0.9893125295639 0
vn -0.13856314122677 -0.98891574144363 0.05334694311023
vn -0.05574385076761 -0.99822908639908 0.02076937630773
vn -0.05549972131848 -0.99845868349075 0.00000000017473
vn 0.99979841709137 -0.01991776749492 -0.0025400724262
vn 0.99839997291565 -0.04365850239992 -0.03593670576811
vn 0.9999892115593 -0.00293489941396 0.00359890097752
vn 0.99998223781586 -0.00374732399359 0.00463176518679
vn -0.10425796359777 -0.98907053470612 0.10425795614719
vn -0.05084418132901 -0.99741148948669 0.05084417760372
vn -0.0000002443434 0.00794627517462 -0.99996840953827
vn 0.00000000093263 0.01402394007891 -0.99990165233612
vn 0.00000001504459 0.74097770452499 0.67152965068817
vn 0 0.97267711162567 0.23216207325459
vn 0 0.85007816553116 0.52665650844574
vn -0.2918139398098 -0.00840803235769 -0.95643812417984
vn -0.13198664784431 0.00091495213564 -0.99125105142593
vn -0.11971046775579 -0.00107516499702 -0.99280828237534
vn -0.27982380986214 -0.0350834839046 -0.95941013097763
vn 0.71282631158829 0.39117354154587 -0.58211851119995
vn 0.72957706451416 0.21565608680248 -0.6490067243576
vn 0.86583209037781 -0.02113028429449 -0.49988824129105
vn 0.86587363481522 -0.01872950978577 -0.49991205334663
vn -0.48062679171562 0.73348188400269 0.48062685132027
vn -0.26055124402046 0.73241978883743 0.62902647256851
vn -0.05830395594239 0.99829888343811 -0.00000000791682
vn -0.05403416231275 0.9982882142067 0.0223816819489
vn 0.32918679714203 0.04468886181712 0.94320672750473
vn 0.25443190336227 0.00625529978424 0.96707046031952
vn 0.24624465405941 -0.0127388574183 0.96912395954132
vn 0.26157990098 -0.01023316662759 0.96512758731842
vn -0.17491944134235 0.05431619286537 -0.98308336734772
vn -0.09335420280695 0.05423779785633 -0.99415451288223
vn -0.09319587796926 0.07947159558535 -0.9924710392952
vn -0.17462231218815 0.07958602905273 -0.98141384124756
vn -0.00000000373161 0.05424242094159 -0.99852782487869
vn -0.0000000018652 0.07947815209627 -0.99683660268784
vn -0.03138271346688 -0.99949431419373 0.00512124411762
vn -0.02712312154472 -0.99956893920898 0.01123476307839
vn -0.01649123430252 -0.99984067678452 0.00683089205995
vn -0.02051974460483 -0.99978947639465 -0.00000227860232
vn 0.4387301504612 0.06909922510386 -0.89595824480057
vn 0.20384445786476 0.03537033870816 -0.97836410999298
vn 0.20252659916878 0.09291662275791 -0.9748587012291
vn 0.4086135327816 0.12914550304413 -0.90352445840836
vn 0.37130734324455 -0.00000000654386 -0.92851001024246
vn 0.38268351554871 -0.00000002594377 -0.9238795042038
vn 0.38268345594406 -0.0000000225716 -0.9238795042038
vn 0.37130734324455 0 -0.92851001024246
vn 0.70710676908493 0 -0.70710676908493
vn 0.38268345594406 -0.00000037531657 -0.9238795042038
vn 0.8847827911377 0.0936847999692 0.45648935437202
vn 0.86592108011246 0.12848360836506 0.48339703679085
vn 0.92484790086746 0.17716509103775 0.33655449748039
vn 0.9138810634613 0.22098913788795 0.34056603908539
vn 0.99979835748672 0.01991818845272 0.00253985449672
vn 0.998399913311 0.0436592027545 0.03593666106462
vn 0.99999016523361 0.00297442101873 -0.00328355748206
vn 0.99998223781586 0.00374763598666 -0.00463185226545
vn -0.02577744051814 -0.99949586391449 0.01853490993381
vn -0.01451388560236 -0.99978929758072 0.01451388560236
vn 0.92387956380844 0 -0.38268336653709
vn -0.85272967815399 0.38482892513275 -0.3532121181488
vn 0.70705622434616 0.01195732410997 0.70705622434616
vn 0.92381393909454 0.01191994268447 0.38265618681908
vn 0.92387956380844 0 0.38268333673477
vn 0.70710676908493 0 0.70710676908493
vn -0.62823539972305 0.45895585417748 0.62823551893234
vn -0.33380120992661 0.50826036930084 0.79388171434402
vn -0.37073999643326 0.26928317546844 0.88884103298187
vn -0.68595832586288 0.24273902177811 0.68595838546753
vn -0.00000006034134 0.55356830358505 0.83280378580093
vn -0.00000007109431 0.29609110951424 0.9551597237587
vn -0.18270595371723 0.23192299902439 -0.95542150735855
vn -0.16749055683613 0.29476070404053 -0.94077789783478
vn 0.0215219669044 0.96404379606247 -0.26487037539482
vn -0.02201611548662 0.84416580200195 -0.53562986850739
vn -0.10913030058146 0.57294505834579 -0.81229585409164
vn 0 1 0
vn 0 0.98948591947556 -0.1446293592453
vn 0.0578416287899 0.99815905094147 0.01824430562556
vn 0.86582350730896 0.02158639580011 0.49988362193108
vn 0.86574280261993 0.0255418010056 0.49983701109886
vn 0.90856367349625 0.02581770718098 0.41694787144661
vn 0.90802556276321 0.02277973666787 0.41829496622086
vn 0.99816757440567 -0.05391280725598 -0.02747626043856
vn 0.99910014867783 -0.03514359891415 0.02374469861388
vn 0.99977457523346 -0.017593216151 0.01188687235117
vn 0.99788683652878 -0.03540748357773 -0.05448140949011
vn 0.02818708308041 -0.0468107573688 0.9985060095787
vn 0.03289223462343 -0.06237830594182 0.99751043319702
vn -0.65161806344986 0.0442417897284 -0.75725591182709
vn -0.70495307445526 -0.0102898767218 -0.70917934179306
vn -0.71582609415054 -0.01310886908323 -0.69815558195114
vn -0.70827668905258 0.00495772482827 -0.70591747760773
vn -0.97650074958801 0.04829891771078 0.21003210544586
vn -0.98168861865997 0.01758194342256 0.18967963755131
vn -0.98746979236603 0.01967531442642 0.15657660365105
vn -0.97858291864395 0.05726565048099 0.19772729277611
vn 0.99667823314667 0.08144026994705 -0.00000003073801
vn 0.99693983793259 0.07817231863737 0.00029602303402
vn 0.99977457523346 0.01188618410379 -0.01759334653616
vn 1 0.00000034952524 -0.00000003317686
vn 0.99705874919891 0.07489380985498 -0.01627109572291
vn 0.99910014867783 0.02374332211912 -0.03514403477311
vn -0.51655918359756 0.68288594484329 0.51655918359756
vn -0.38382321596146 0.83985680341721 0.38382321596146
vn -0.20818178355694 0.83907872438431 0.50260049104691
vn 1 0 0
vn -0.68467265367508 0.24989308416843 -0.68467271327972
vn -0.37061446905136 0.2491597533226 -0.89474260807037
vn -0.27996778488159 0.68174356222153 -0.6759021282196
vn 0.00000000771177 -0.17051762342453 0.98535460233688
vn -0.3771131336689 -0.17000004649162 0.91043156385422
vn -0.38268336653709 -0.0006069355295 0.92387938499451
vn -0.00000000760869 -0.00060893967748 0.99999982118607
vn -0.91043162345886 -0.17000009119511 -0.37711307406425
vn -0.92387938499451 -0.00060697190929 -0.38268336653709
vn 0.02218592725694 0.25967282056808 -0.96544176340103
vn 0.02589090354741 0.2836993932724 -0.95856368541718
vn 0.02816864848137 -0.04687010869384 -0.9985037446022
vn 0.03282108530402 -0.06245069950819 -0.99750822782516
vn -0.9401798248291 0.00956032983959 -0.34054446220398
vn -0.93964827060699 0.03495183587074 -0.34035196900368
vn -0.90842431783676 0.03490121290088 -0.41658988595009
vn -0.9089367389679 0.00954639632255 -0.41682478785515
vn -0.04122710600495 0.99829888343811 0.0412271283567
vn -0.86076390743256 0.50900441408157 0.00000001541272
vn -0.98535460233688 0.17051789164543 0.00000001542354
vn -0.69675093889236 -0.17051781713963 -0.69675093889236
vn -0.70710664987564 -0.0006088957889 -0.70710664987564
vn 0 -0.97425788640976 0.22543632984161
vn 0.38268339633942 0 -0.92387956380844
vn 0.36306589841843 0.31606692075729 -0.87651860713959
vn 0.35376581549644 0.30650037527084 -0.88368958234787
vn -0.57991176843643 -0.77846175432205 -0.24020737409592
vn -0.79601776599884 -0.5075820684433 -0.32972139120102
vn 0.70709753036499 -0.00512941833586 -0.70709747076035
vn 0.92386746406555 -0.00511342147365 -0.3826784491539
vn 0.9999868273735 -0.00512949563563 0.00000000760869
vn 0.91513031721115 0.22227920591831 -0.33634570240974
vn 0.92564028501511 0.17903828620911 -0.3333697617054
vn 0.86673873662949 0.13102082908154 -0.48124572634697
vn 0.99931955337524 0.00000000046567 0.03688341751695
vn 0.99939239025116 -0.01398173160851 0.03192769736052
vn 0.00000003082395 -0.50876212120056 0.86090713739395
vn -0.32972145080566 -0.50758200883865 0.79601776599884
vn -0.00000001507578 -0.67110514640808 -0.7413621544838
vn -0.28410652279854 -0.66994976997375 -0.68589413166046
vn -0.69096165895462 -0.0350833311677 0.72203958034515
vn -0.75354373455048 -0.0041379313916 0.65738481283188
vn 0.3826784491539 -0.00511342240497 -0.92386746406555
vn 0 0.00000011413039 1
vn 0.24028266966343 0.96404695510864 0.11347994208336
vn -0.00000000047285 0.95243763923645 0.30473360419273
vn 0.11694812774658 0.95215994119644 0.28233769536018
vn 0.05923542752862 0.98794746398926 0.14300693571568
vn -0.00000000279543 0.98802137374878 0.15431727468967
vn 0.21547919511795 0.95243763923645 0.21547919511795
vn 0.10911877453327 0.98802137374878 0.10911878943443
vn -0.35376581549644 0.30650049448013 -0.88368952274323
vn -0.36306598782539 0.31606683135033 -0.87651860713959
vn -0.00000000373268 0.95799517631531 -0.28678438067436
vn 0.11006335914135 0.95774781703949 -0.26571643352509
vn 0.1024524718523 0.9634964466095 -0.24734215438366
vn 0 0.96371203660965 -0.26694402098656
vn -0.00000001508446 -0.65031546354294 -0.75966423749924
vn -0.29109486937523 -0.64914125204086 -0.702765583992
vn 0.20278719067574 0.95799511671066 -0.2027872055769
vn 0.18875795602798 0.96371203660965 -0.18875795602798
vn 0.00045293520088 -0.70684504508972 -0.70736825466156
vn 0.01853777654469 -0.91691410541534 -0.39865380525589
vn -0.00000000006233 -0.92387998104095 -0.38268232345581
vn 0 -0.70710664987564 -0.70710688829422
vn 0.00000001524428 -0.77942091226578 0.62650066614151
vn -0.24020737409592 -0.77846175432205 0.57991176843643
vn -0.67014396190643 0.0482997149229 0.74065792560577
vn -0.65511149168015 0.01758229732513 0.75532764196396
vn -0.70977020263672 0.02119848690927 0.70411419868469
vn -0.70988881587982 0.05269485339522 0.70233970880508
vn -0.69764530658722 -0.16303893923759 -0.6976455450058
vn -0.37759453058243 -0.16253887116909 -0.91159391403198
vn 0.99816751480103 -0.02747783996165 -0.05391235277057
vn 0.99788677692413 -0.05448219552636 -0.03540663048625
vn 0.99924427270889 0.03017596527934 0.0245004016906
vn 0.99869412183762 0.0440005287528 -0.02596057578921
vn 0.99809175729752 0.03044708445668 -0.05372008308768
vn 0.99981063604355 0.01510661281645 0.01226537581533
vn 0.99667829275131 -0.0814395621419 -0.00000003539529
vn -0.66959452629089 0.3213817179203 0.66959464550018
vn -0.36249881982803 0.32048046588898 0.87514960765839
vn 0 -0.23214289546013 0.97268170118332
vn 0 -0.52663707733154 0.8500902056694
vn 0 -0.23214289546013 -0.97268170118332
vn 0 0.14463643729687 -0.98948484659195
vn 0.00916360411793 -0.70388942956924 -0.71025049686432
vn 0.00430755876005 -0.38957905769348 -0.92098295688629
vn 0.01203085016459 -0.39968395233154 -0.9165740609169
vn 0.99603515863419 -0.03191176056862 -0.08303941786289
vn 0.99486398696899 -0.01014325860888 -0.10071115195751
vn -0.92255091667175 0.05361060425639 0.38213309645653
vn 1 -0.00000012523097 0.00000009345594
vn 0.99693977832794 0.00029713055119 0.07817290723324
vn 0.99667823314667 -0.00000043592092 0.08143999427557
vn 0.23424711823463 0.00607510143891 0.97215813398361
vn 0.23332287371159 0.01000807061791 0.97234779596329
vn 0.99667823314667 0.000000186291 -0.08143981546164
vn -0.1701242774725 -0.02534092776477 0.98509675264359
vn -0.17440125346184 -0.0196693725884 0.98447817564011
vn -0.24670796096325 -0.01310834288597 0.96900123357773
vn -0.26169180870056 -0.0102893281728 0.96509665250778
vn 0.56993192434311 -0.03191096335649 -0.82107204198837
vn 0.45323523879051 -0.04969899356365 -0.8900043964386
vn 0.41039597988129 -0.08049064874649 -0.90834814310074
vn 0.42241787910461 -0.0535169839859 -0.9048199057579
vn 0.99705874919891 0.01626878604293 0.0748943015933
vn 0.99693977832794 -0.0002980629215 0.07817244529724
vn 0.99985599517822 0.01194510050118 -0.01205547899008
vn 0.99980622529984 -0.00422407174483 -0.01922824978828
vn -0.86549788713455 0.03490494564176 -0.49969500303268
vn -0.21547921001911 0.95243763923645 0.21547921001911
vn -0.26932066679001 0.92462575435638 0.26932066679001
vn -0.14614579081535 0.92420476675034 0.35282710194588
vn -0.11694811284542 0.95215994119644 0.28233769536018
vn -0.00000009870268 0.321383446455 0.94694912433624
vn 0.51655942201614 0.68288564682007 -0.51655942201614
vn 0.68467271327972 0.24989293515682 -0.68467271327972
vn 0.89474254846573 0.24916005134583 -0.37061443924904
vn 0.67590200901031 0.68174380064011 -0.27996772527695
vn 0 0.92462575435638 0.38087692856789
vn -0.74661356210709 -0.58361119031906 -0.31932136416435
vn -0.56878077983856 -0.59411990642548 -0.56877934932709
vn -0.67079609632492 -0.31633305549622 -0.67079508304596
vn -0.87500125169754 -0.30654120445251 -0.37470698356628
vn -0.74635004997253 -0.58388578891754 0.31943538784981
vn -0.7392343878746 -0.59981125593185 0.30620089173317
vn -0.87650352716446 -0.31611582636833 0.36305963993073
vn -0.87491029500961 -0.30670255422592 0.37478724122047
vn -1 -0 0.00000001521738
vn -0.92387956380844 0.00000000037188 -0.38268333673477
vn 0.99931955337524 0.00000000465675 -0.03688342124224
vn 0.99939239025116 0.01398179773241 -0.03192783519626
vn 0.99425309896469 -0.07558945566416 -0.07580882310867
vn 0.99963217973709 -0.02348641306162 0.01356100663543
vn -0.00000012371244 0.01014671195298 -0.99994850158691
vn -0.00000011987903 0.04756290465593 -0.998868227005
vn -0.00271429866552 0.80709898471832 0.59040993452072
vn 0.90858590602875 0.30053165555 -0.29009035229683
vn 0.88770544528961 0.38017392158508 -0.25970536470413
vn 0.91812521219254 0.19476014375687 -0.34512984752655
vn 0.90517085790634 0.16294758021832 -0.3925733268261
vn 0.38383319973946 -0.83984768390656 -0.38383316993713
vn 0.50260978937149 -0.83907169103622 -0.2081877887249
vn -0.7537168264389 -0.58363127708435 0.30213493108749
vn -0.88367402553558 -0.30655273795128 0.3537592291832
vn 0 0.71344220638275 0.70071405172348
vn 0.26857888698578 0.7123441696167 0.64840662479401
vn 0.54282194375992 -0.83984780311584 -0.00000001124627
vn -0.92851006984711 0.00000000002511 0.37130722403526
vn -0.92387956380844 0 0.38268342614174
vn -0.91910988092422 0 0.39400133490562
vn -0.51656365394592 -0.68287920951843 -0.51656365394592
vn -0.68467277288437 -0.2498926371336 -0.68467277288437
vn -0.89474242925644 -0.24916040897369 -0.37061449885368
vn -0.67590713500977 -0.68173778057098 -0.27996990084648
vn -0.02639205753803 0.99947249889374 0.01892521418631
vn -0.02798352576792 0.99954116344452 0.01159115415066
vn -0.01805750280619 0.99980896711349 0.00747966347262
vn 0.9867816567421 0.12914733588696 0.0978923663497
vn 0.86598086357117 0.01014808006585 0.49997419118881
vn 0.7455176115036 0.03555640950799 0.66553682088852
vn 0.74558418989182 -0.02187043242157 0.66605252027512
vn 0.86570298671722 -0.02728454209864 0.49981379508972
vn 0.55670768022537 0.06925013661385 0.82781702280045
vn 0.58400803804398 -0.00935939140618 0.81169390678406
vn 0.69112211465836 -0.03502211719751 0.72188895940781
vn 0.57238805294037 -0.05351706966758 0.81823456287384
vn 0.5814545750618 -0.08049064129591 0.80958741903305
vn 0.63716566562653 -0.04954608529806 0.76913267374039
vn 0.02577744796872 -0.99949586391449 0.01853492110968
vn 0.014513887465 -0.99978929758072 0.014513887465
vn 0.01853491738439 -0.99949586391449 0.02577744424343
vn 0.02484184876084 -0.99938267469406 0.02484184876084
vn 0 -0.97268337011337 -0.23213574290276
vn 0 -0.85009574890137 -0.52662813663483
vn -0.4954799413681 0.71344184875488 -0.4954799413681
vn 0.16038526594639 0.49640998244286 -0.85314345359802
vn -0.00206365832128 0.55182874202728 -0.83395487070084
vn 0.30833995342255 0.05696168169379 0.94956928491592
vn 0.28346273303032 0.3860789835453 0.87783360481262
vn 0.87469720840454 -0.30695873498917 0.37507489323616
vn 0.67045587301254 -0.31684753298759 0.67089241743088
vn -0.41039600968361 -0.08049062639475 -0.90834814310074
vn -0.34750583767891 -0.04954616725445 -0.93636792898178
vn 0.74659842252731 -0.5836336016655 0.31931585073471
vn 0.56885904073715 -0.59433615207672 0.56847500801086
vn 0.04122711718082 0.99829888343811 0.04122713208199
vn 0 -0.22541029751301 -0.97426390647888
vn 0.4052597284317 0.00000004461864 0.91420161724091
vn -0.02186501026154 0.96404695510864 -0.26483085751534
vn -0.01312082447112 0.99815905094147 -0.05921447649598
vn 0.09947784990072 0.70359206199646 -0.70360672473907
vn 0.10498394072056 0.9223250746727 -0.37188011407852
vn 0.99738395214081 -0.049699742347 0.05248935520649
vn 0.99946165084839 -0.02154172211885 0.02474602498114
vn 0.99109297990799 -0.01978521421552 -0.13169376552105
vn -0.4261035323143 -0.03191174566746 0.90411138534546
vn -0.54414910078049 -0.04969964921474 0.83751517534256
vn -0.52116161584854 -0.02154179848731 0.85318613052368
vn -0.38149660825729 -0.01978509128094 0.92415845394135
vn -0.30215924978256 0.58354210853577 -0.75377607345581
vn -0.30622467398643 0.59972852468491 -0.73929160833359
vn -0.4430028796196 -0.77942085266113 -0.44300293922424
vn -0.60875314474106 -0.5087623000145 -0.60875326395035
vn 0.47484344244003 0.74097728729248 0.47484347224236
vn 0.62147867679596 0.73993015289307 0.25742492079735
vn 0.99838453531265 -0.04249236732721 0.03771904855967
vn 0.99999016523361 -0.00328366039321 -0.00297447596677
vn 0.99988830089569 -0.01032865419984 -0.01080119051039
vn -0.31933942437172 0.58354878425598 -0.74665468931198
vn -0.37471190094948 0.30650436878204 -0.87501204013824
vn 0.99998223781586 0.0046316483058 0.00374754727818
vn 0.99835461378098 0.0431212335825 -0.03779747709632
vn 0.99980622529984 0.01922786980867 -0.00422417419031
vn -0.26869362592697 -0.95677417516708 -0.11129643023014
vn -0.40022802352905 -0.90129607915878 -0.16577985882759
vn 0.05613004788756 0.9224226474762 -0.38208103179932
vn 0.05630924552679 0.70598459243774 -0.70598512887955
vn -0.65085083246231 0.75920563936234 0
vn -0.60239237546921 0.75819760560989 0.24951907992363
vn -0.79704719781876 0.5056859254837 0.3301477432251
vn -0.86202567815781 0.50686466693878 0
vn 0.00000003839141 0.1702696532011 0.98539751768112
vn -0.37712961435318 0.16975297033787 0.91047084331512
vn -0.38252186775208 0.02905920520425 0.9234893321991
vn 0 0.02915029041469 0.99957501888275
vn -0.70680630207062 0.02915022149682 0.70680630207062
vn -0.69678121805191 0.17027008533478 0.69678121805191
vn -0.05334693938494 -0.98891574144363 0.13856312632561
vn -0.02076938189566 -0.99822908639908 0.05574385076761
vn 0 -0.9893125295639 0.14581044018269
vn 0 -0.99845868349075 0.05549972131848
vn 0.69675093889236 -0.17051786184311 -0.69675093889236
vn 0.91043150424957 -0.17000029981136 -0.37711316347122
vn 0.92387932538986 -0.00060708314413 -0.38268345594406
vn 0.707106590271 -0.00060892174952 -0.70710670948029
vn -0.53716164827347 -0.65031886100769 -0.5371618270874
vn 0.99839997291565 0.03593631833792 -0.04365929961205
vn 0.99961322546005 0.01366527099162 -0.02422225475311
vn -0.91047090291977 0.1697531491518 0.37712940573692
vn -0.92348939180374 0.02905915305018 0.38252180814743
vn -0.71793097257614 0.62939828634262 -0.29737669229507
vn -0.54879796504974 0.63058841228485 -0.5487979054451
vn -0.00000001521738 -0.00512949284166 -0.9999868273735
vn -0.99957501888275 0.02915018796921 -0.00000000760856
vn -0.98539745807648 0.17027004063129 -0.00000001151742
vn 0.28233766555786 0.95215994119644 0.11694811284542
vn 0.143006965518 0.98794746398926 0.05923543870449
vn 0.99931114912033 0.03636959940195 0.00738006597385
vn 0.99350708723068 -0.1040031760931 -0.04611898586154
vn 0 -0.97425788640976 -0.22543640434742
vn 0.30473357439041 0.95243763923645 0.00000002316946
vn 0.15431728959084 0.98802131414413 0.00000001304535
vn 0.90533310174942 -0.09977559000254 -0.41281571984291
vn 0.88959532976151 -0.07640188932419 -0.45031425356865
vn 0.92628538608551 -0.01334901247174 -0.37658619880676
vn 0.91171491146088 -0.10856123268604 -0.39622014760971
vn -0.98161196708679 0.0442418679595 -0.18568961322308
vn -0.97658950090408 0.07248843461275 -0.2025298178196
vn -0.95939892530441 0.01607993245125 -0.28159388899803
vn -0.96548080444336 0.00495816627517 -0.26042696833611
vn 0.05403417721391 0.9982882142067 0.02238167822361
vn -0.76805728673935 -0.02534137293696 -0.63987952470779
vn -0.81627583503723 -0.02229788526893 -0.5772317647934
vn 0.37759426236153 0.16254344582558 0.91159319877625
vn 0.37061452865601 -0.24916000664234 0.89474248886108
vn 0.01244050916284 -0.01734474115074 -0.99977219104767
vn 0.68467277288437 -0.2498926371336 0.68467277288437
vn 0 -1 -0.00000000760868
vn 0 -0.92073976993561 -0.39017724990845
vn -0.97073513269424 -0.03502267226577 0.23758506774902
vn -0.98467123508453 -0.04954620450735 0.16723544895649
vn -0.96944069862366 -0.00822193082422 0.24518792331219
vn -0.94608378410339 -0.00413764687255 0.32389551401138
vn 0.26571643352509 0.95774781703949 -0.11006337404251
vn 0.24734215438366 0.96349638700485 -0.10245247930288
vn -0.96776950359344 0.01166602876037 0.25156733393669
vn -0.93816745281219 0.02588949352503 0.34521228075027
vn -0.93883484601974 0.05431502684951 0.34005734324455
vn -0.96318846940994 0.05269421637058 0.263611972332
vn -0.96289879083633 0.07567320019007 0.25903567671776
vn -0.93724054098129 0.0795830860734 0.33948001265526
vn -0.99603521823883 -0.03191140666604 -0.08303947001696
vn -0.99109303951263 -0.01978375576437 -0.13169355690479
vn 0.696424305439 0.17097190022469 -0.69696617126465
vn 0.9100084900856 0.17150172591209 -0.37745431065559
vn 0.9234893321991 0.02905919775367 -0.38252183794975
vn 0.70680630207062 0.02915026433766 -0.70680630207062
vn 0.66959750652313 -0.32136929035187 0.66959756612778
vn -0.11129664629698 -0.95677423477173 0.26869344711304
vn 0 -0.95702695846558 0.28999903798103
vn 0.00000012362675 0.00888924300671 0.99996048212051
vn -0.20414903759956 0.00348548730835 0.97893363237381
vn -0.20072400569916 0.01743339933455 0.9794927239418
vn 0.00000006372974 0.04623071849346 0.99893081188202
vn -0.05095558613539 0.99847841262817 -0.02107956632972
vn -0.09372911602259 0.99484044313431 -0.03882386535406
vn -0.70710682868958 0 -0.70710670948029
vn -0.92387956380844 0.00000000721341 -0.38268342614174
vn -0.92387956380844 0.00000000216811 -0.38268339633942
vn -0.76804655790329 0.02588919736445 0.63987052440643
vn 0.00686401315033 -0.99984592199326 -0.01615558750927
vn 0.01129702758044 -0.99958455562592 -0.026516828686
vn -0.70710682868958 0 -0.70710676908493
vn 0.10425794124603 -0.98907053470612 0.10425794869661
vn 0.13856326043606 -0.98891574144363 0.05334665253758
vn 0.05574398860335 -0.99822902679443 0.0207692515105
vn 0.05084417760372 -0.99741148948669 0.05084418132901
vn -0.31931963562965 -0.58361798524857 -0.74660903215408
vn -0.37470671534538 -0.30654498934746 -0.87500005960464
vn 0.14591759443283 -0.98929673433304 -0.00001792937292
vn -0.76526188850403 0.02650987170637 0.64317297935486
vn 0.1743456274271 -0.01957215741277 0.98448997735977
vn 0.39400151371956 0 -0.91910982131958
vn 0.37471202015877 0.30650466680527 -0.87501186132431
vn -0.70705622434616 0.01195728033781 0.70705628395081
vn 0.86076402664185 0.50900423526764 0.00000001541272
vn 0.62608683109283 0.77975332736969 0.00000001524405
vn 0.57952958345413 0.77879518270493 -0.24004904925823
vn 0.99942016601562 0.03126442804933 -0.01348385773599
vn 0 0.75920563936234 0.65085083246231
vn 0.00000000399905 0.50686466693878 0.86202567815781
vn -0.33014768362045 0.50568586587906 0.7970472574234
vn -0.24951907992363 0.75819766521454 0.60239237546921
vn -0.94608438014984 0.00405112141743 -0.32389494776726
vn -0.46022096276283 0.75920575857162 0.46022096276283
vn -0.60954409837723 0.50686484575272 0.60954409837723
vn 0.70174831151962 0.01166537310928 0.71232944726944
vn 0.69705921411514 -0.00822223350406 0.71696645021439
vn 0.76804631948471 0.02588892355561 0.63987082242966
vn 0.75354361534119 -0.0041375849396 0.65738493204117
vn 0.05334694683552 -0.98891574144363 0.13856312632561
vn 0.02076938375831 -0.99822908639908 0.05574384331703
vn 0.31933942437172 0.58354914188385 -0.74665433168411
vn 0.30622458457947 0.59972870349884 -0.73929154872894
vn 0.30215930938721 0.58354187011719 -0.75377625226974
vn 0.99942016601562 0.01348385121673 0.03126435354352
vn 0.99985599517822 0.01205523312092 0.01194516383111
vn 0 0.56254208087921 0.82676863670349
vn 0 0.3901906311512 0.92073410749435
vn 0.00439079059288 -0.99998074769974 0.00439079059288
vn 0.01827279664576 -0.99980902671814 0.00692700129002
vn 0.00585772143677 -0.99997991323471 0.0024266585242
vn 0 0.98948591947556 0.1446293592453
vn 0.63927274942398 0.05076736211777 -0.76730245351791
vn 0.58421915769577 0.0840375572443 -0.80723333358765
vn 0.57025307416916 0.09949497878551 -0.81542146205902
vn 0.96827358007431 0.24989241361618 -0.00000001175672
vn 0.91159439086914 -0.16253569722176 -0.37759476900101
vn -0.05403417721391 0.9982882142067 -0.02238168381155
vn 0.91123592853546 -0.00971468910575 -0.41177028417587
vn 0.86584955453873 -0.02014692127705 -0.49989864230156
vn 0.94608420133591 0.00405034702271 -0.32389554381371
vn 0.45307597517967 0.84417378902435 0.28651842474937
vn 0.73052561283112 0.68288534879684 0.0000000038848
vn -0.08463234454393 0.99281150102615 -0.08463233709335
vn -0.11091925948858 0.99276685714722 -0.04594425857067
vn 0.99426513910294 -0.07562185823917 0.07561851292849
vn 0.99351412057877 -0.04588146880269 0.10404137521982
vn 0.9652054309845 -0.09863802045584 0.24217566847801
vn 0.96394246816635 -0.18817284703255 0.18816441297531
vn 0.99426490068436 0.07562179118395 0.07562196999788
vn 0.9639413356781 0.18817137181759 0.18817169964314
vn 0.9652042388916 0.0986407995224 0.24217928946018
vn 0.0583039522171 0.99829888343811 -0.00000000512265
vn 0.05403416976333 0.9982882142067 -0.02238166332245
vn 0.90982949733734 -0.17373567819595 -0.37686365842819
vn 0.92375957965851 -0.01611474528909 -0.38263368606567
vn 0.0476140640676 0.97636193037033 -0.21083243191242
vn 0.62902629375458 0.73241996765137 -0.26055115461349
vn 0.23109215497971 0.01809720508754 0.9727635383606
vn 0.22073651850224 0.01594023779035 0.9752032160759
vn -0.00000000760869 0 1
vn -0.38268339633942 -0.00000032035283 0.92387956380844
vn 0.09297711402178 0.90656518936157 -0.4116975069046
vn 0.00000000771177 0.17051772773266 -0.98535460233688
vn -0.37711307406425 0.17000009119511 -0.91043162345886
vn -0.38268333673477 0.00060698849848 -0.92387938499451
vn -0.00000000760869 0.00060894049238 -0.99999982118607
vn 0 0.2321392595768 -0.97268253564835
vn 0 0.52663773298264 -0.85008984804153
vn -0.70710682868958 -0.00000053244236 0.70710676908493
vn -0.99528765678406 0.06909914314747 0.06802769005299
vn -0.98678183555603 0.12914606928825 0.0978924036026
vn -0.98956680297852 0.11500480771065 -0.08678393810987
vn -0.99130231142044 0.0994945988059 -0.08614253997803
vn -0.69629961252213 0.17416606843472 0.69629949331284
vn -0.90984535217285 0.17363806068897 0.37687027454376
vn -0.98471629619598 0.17416602373123 -0.00000000767396
vn 1 0.00000004366275 -0.00000004565216
vn 0.99992853403091 0.01195729151368 -0.00000004565515
vn -0.72220408916473 0.00339454645291 -0.69167172908783
vn -0.7243744134903 0.0078422864899 -0.68936216831207
vn -0.72708582878113 0.03090012073517 -0.68585085868835
vn -0.73083233833313 0.012392048724 -0.68244457244873
vn 0.38383314013481 -0.83984768390656 0.3838332593441
vn 0.20818783342838 -0.83907157182693 0.50260990858078
vn 0.27997004985809 -0.68173736333847 0.67590749263763
vn 0.51656359434128 -0.68287920951843 0.51656371355057
vn -0.76457720994949 0.03495245799422 -0.64358371496201
vn 0.69764626026154 -0.16303236782551 -0.69764614105225
vn 0.00242611928843 -0.99997991323471 0.0058571700938
vn 0.00683089159429 -0.99984067678452 0.01649123243988
vn 0.91942006349564 -0.00965600740165 -0.39315837621689
vn -0.39400139451027 0.00000002699265 -0.91910982131958
vn -0.91910988092422 -0.00000007039115 -0.39400133490562
vn -0.8750119805336 0.30650442838669 -0.3747119307518
vn -0.87651824951172 0.31606817245483 -0.36306568980217
vn -0.9238795042038 -0.0000000746985 -0.38268345594406
vn 0.64902746677399 0.57294708490372 0.50049471855164
vn 0.86576479673386 -0.02452357858419 -0.49984985589981
vn 0 -0.99998074769974 0.00620951596648
vn -0.00000000055885 -0.99978929758072 0.02052574418485
vn 0 -0.00000717499643 -1
vn 0 -0.14464762806892 -0.98948323726654
vn -0.5814545750618 -0.08049077540636 0.80958741903305
vn -0.57238805294037 -0.05351710319519 0.81823462247849
vn 0 0.70710670948029 0.70710682868958
vn 0 0.38268655538559 0.92387825250626
vn 0.49548003077507 -0.71344172954559 -0.49548006057739
vn 0.26857888698578 -0.7123441696167 -0.64840662479401
vn -0.67590183019638 0.6817439198494 0.27996769547462
vn -0.50259673595428 0.83908081054688 0.20818240940571
vn 0.96741282939911 0.00000225689746 0.25320428609848
vn 0.99404257535934 0.10899225622416 0
vn 0.96741306781769 0.25320327281952 0
vn 0.9652047753334 0.24217781424522 0.09863927215338
vn 0.99351394176483 0.10404251515865 0.04588206112385
vn 0.90893679857254 0.009546501562 -0.41682463884354
vn -0.00000000374876 -0.83984780311584 0.54282200336456
vn 0.00000004079032 -0.68287932872772 0.73053121566772
vn 0.94017970561981 0.00956007931381 -0.34054467082024
vn -0.02522685192525 0.9993634223938 0.02522685192525
vn 0.49547985196114 0.71344196796417 -0.49547988176346
vn 0.26857876777649 0.71234446763992 -0.64840632677078
vn 0.00136405462399 -0.00341107486747 -0.99999326467514
vn 0.00505711138248 0.36474940180778 -0.93109202384949
vn 0.017358770594 0.336280554533 -0.94160187244415
vn -0.11968817561865 0.9928115606308 -0.00000001304252
vn 0.11416677385569 0.63971883058548 -0.7600827217102
vn 0.00742754526436 0.70168614387512 -0.7124474644661
vn 0.34485304355621 0.05078497156501 0.93728184700012
vn 0.40697336196899 0.08405540138483 0.90956437587738
vn 0.42098012566566 0.09964339435101 0.90158021450043
vn 0.7413621544838 -0.67110514640808 0.00000001507578
vn 0.68589413166046 -0.66994976997375 0.28410652279854
vn 0.90906399488449 0.17615406215191 0.37758755683899
vn 0.91001206636429 0.17146983742714 0.37746006250381
vn 0.98499095439911 0.17260582745075 0
vn 0.69566178321838 0.17506629228592 0.6967111825943
vn 0.69642823934555 0.17093971371651 0.69697004556656
vn -0.15872430801392 0.97636234760284 0.14670769870281
vn -0.30994489789009 0.90656685829163 0.28647977113724
vn 0.37703394889832 0.1698684990406 0.91048896312714
vn 0.38252186775208 0.02905922755599 0.9234893321991
vn 0.70680630207062 0.02915026433766 0.70680630207062
vn -0.96253329515457 -0.01310836803168 -0.27084645628929
vn -0.96664381027222 -0.01029038242996 -0.25591757893562
vn -0.96010720729828 0.00339535996318 -0.27961161732674
vn -0.95919215679169 0.00784328300506 -0.28264629840851
vn 0.98535454273224 -0.17051795125008 0
vn 0.99999982118607 -0.00060906476574 0
vn -0.00000000561986 0.89947664737701 -0.43696886301041
vn -0.74665462970734 0.58354884386063 -0.31933942437172
vn -0.73929005861282 0.59973084926605 -0.30622392892838
vn -0.26857876777649 0.71234440803528 0.64840644598007
vn 0.00000003467862 0.50900429487228 -0.8607639670372
vn -0.32966679334641 0.5078239440918 -0.79588609933853
vn 0.76391553878784 0.05431569740176 0.64302629232407
vn 0.70988875627518 0.05269462242723 0.70233976840973
vn 0.70578062534332 0.07567386329174 0.70437717437744
vn 0.7626183629036 0.07958466559649 0.64193415641785
vn 0 0.92387992143631 0.38268253207207
vn 0.97650051116943 0.04830019921064 0.21003307402134
vn 0.98168832063675 0.01758212223649 0.18968097865582
vn 0.96466588973999 0.02119835838675 0.26262214779854
vn 0.9631884098053 0.0526956319809 0.26361194252968
vn 0.05630817264318 -0.70599180459976 0.70597797632217
vn 0.05613378435373 -0.38208162784576 0.92242217063904
vn 0.81428623199463 0.05423690006137 0.57792413234711
vn 0.81290751695633 0.07946898788214 0.5769454240799
vn 0.01930554583669 0.99973791837692 -0.01230311300606
vn 0.71582591533661 -0.01310878340155 -0.69815570116043
vn 0.70495301485062 -0.01028994377702 -0.7091794013977
vn -0.75377517938614 0.58354353904724 -0.3021587729454
vn -0.88368934392929 0.30650132894516 -0.35376560688019
vn 0.72220408916473 0.00339454668574 -0.69167172908783
vn 0.72437429428101 0.00784203130752 -0.68936234712601
vn -0.92851006984711 -0.00000002774892 -0.37130722403526
vn -0.37061458826065 -0.2491594851017 -0.89474260807037
vn -0.00000881891174 0.99849236011505 -0.05489133670926
vn -0.02112552337348 0.99847841262817 -0.05093652009964
vn -0.00752757908776 0.99981516599655 -0.01768987067044
vn -0.86594027280808 0.01402400527149 0.49995073676109
vn -0.8658419251442 0.02058171667159 0.49989414215088
vn -0.81221950054169 0.00992454495281 0.58326745033264
vn -0.79994207620621 -0.00107472680975 0.60007625818253
vn 0.00000002477158 0.77975332736969 -0.62608689069748
vn 0.5371635556221 0.65031599998474 0.53716331720352
vn 0.29109504818916 0.64914089441299 0.70276582241058
vn -0.00000002262669 0.65031582117081 0.75966399908066
vn -0.41021379828453 -0.01014350168407 0.91193300485611
vn -0.94921040534973 0.0353712439537 0.31264746189117
vn -0.94974941015244 -0.022241987288 0.31222006678581
vn 0.000000011247 0.92462575435638 -0.38087686896324
vn -0.11006337404251 0.95774775743484 -0.26571646332741
vn -0.14614576101303 0.92420476675034 -0.35282707214355
vn -0.29195204377174 -0.01283731125295 0.95634680986404
vn -0.13156455755234 -0.0221412088722 0.99106031656265
vn -0.11950814723969 -0.00956387724727 0.99278718233109
vn 0.32966688275337 0.5078239440918 0.79588603973389
vn 0.37711319327354 0.16999998688698 0.91043156385422
vn 0.60865211486816 0.50900423526764 0.60865205526352
vn 0.69675093889236 0.17051772773266 0.69675093889236
vn 0.83280372619629 0.55356842279434 0.00000006034134
vn 0.79388153553009 0.50826066732407 -0.33380112051964
vn 0.88884103298187 0.26928326487541 -0.37073993682861
vn 0.9551597237587 0.29609113931656 0.00000006319494
vn 0.62823539972305 0.45895597338676 -0.62823539972305
vn -0.52422213554382 -0.67110532522202 -0.52422207593918
vn -0.68589413166046 -0.66994971036911 -0.28410661220551
vn 0.52422213554382 -0.67110532522202 0.52422201633453
vn 1 -0.00000004112061 -0.0000000023364
vn 0.99667823314667 -0.08144001662731 -0.0000000083831
vn 0.24004903435707 0.77879518270493 0.57952958345413
vn 0.4427102804184 0.77975332736969 0.44271019101143
vn 0.96289867162704 0.0756753012538 0.25903549790382
vn 0.97858268022537 0.05726720765233 0.19772824645042
vn 0.02283268608153 0.99973928928375 0
vn 0.02116077020764 0.99973767995834 0.00876507908106
vn 0.01614514924586 0.99973928928375 0.01614514924586
vn 0.08287055045366 0.9965603351593 -0.00000000046732
vn 0.11126063764095 0.98754346370697 0.11126063764095
vn 0 0.9965603351593 0.0828705355525
vn 0.16519032418728 0.98626172542572 -0.00000000093154
vn 0.21086491644382 0.96764546632767 0.13855773210526
vn 0.25318697094917 0.93369841575623 0.25318697094917
vn 0.13855773210526 0.96764546632767 0.21086490154266
vn 0 0.98626172542572 0.16519029438496
vn 0.69675093889236 -0.17051792144775 0.69675087928772
vn 0.60875326395035 -0.50876235961914 0.60875314474106
vn 0.32972139120102 -0.5075820684433 0.7960177063942
vn 0.37711304426193 -0.17000016570091 0.91043156385422
vn -0.74136346578598 -0.67110377550125 0.00000017337153
vn -0.01108745671809 -0.99993854761124 0.00000000005821
vn -0.01187506411225 -0.99985897541046 0.01187506411225
vn -0.00000000005821 -0.99993854761124 0.01108745671809
vn 0.76805734634399 -0.02534146793187 -0.63987946510315
vn 0.75354373455048 0.00405115680769 -0.65738528966904
vn 0.69832617044449 0.0085955793038 -0.71572810411453
vn -0.69832623004913 0.00859549921006 -0.71572804450989
vn -0.75354373455048 0.00405103433877 -0.65738534927368
vn 0.42627170681953 -0.0317569039762 0.90403759479523
vn 0.38149660825729 -0.01978517323732 0.92415845394135
vn 0.52116191387177 -0.02154199033976 0.8531858921051
vn 0.54414921998978 -0.04969968274236 0.83751511573792
vn -0.38268336653709 0 -0.92387956380844
vn 0.99931955337524 0.03688358515501 -0.00000001280606
vn 0.99939239025116 0.03192767128348 0.01398175954819
vn 0.35987514257431 0.00000000204437 0.93300050497055
vn 0.00014455956989 -0.31646883487701 0.94860291481018
vn 0.42116841673851 0.04420353099704 0.90590465068817
vn 0 -0.17426371574402 0.984699010849
vn -0.37686362862587 -0.17373551428318 0.90982949733734
vn -0.38263365626335 -0.01611475646496 0.92375957965851
vn 0 -0.01616528443992 0.99986934661865
vn 0.00000000374612 0.08350624889135 0.99650722742081
vn 0.19725523889065 0.03138660639524 0.97984957695007
vn 0.20094861090183 0.01762598566711 0.97944319248199
vn 0.92315971851349 0.19243109226227 0.33278578519821
vn 0.90879780054092 0.16214781999588 0.38444072008133
vn 0.00027149714879 -0.59432554244995 0.80422449111938
vn -0.4954799413681 0.71344178915024 0.49548000097275
vn 0.021160768345 0.99973767995834 -0.00876507908106
vn 0.3537612259388 -0.30653974413872 -0.8836777806282
vn 0.36306300759315 -0.31608992815018 -0.87651151418686
vn 0.67152982950211 0.74097752571106 0
vn 0.30214163661003 -0.5836089849472 -0.75373136997223
vn 0.30621349811554 -0.59976750612259 -0.73926466703415
vn 0.99988442659378 -0.01074884831905 0.01074886787683
vn 0.99962151050568 0.01361342705786 0.02390659414232
vn 0.99835455417633 0.03779724612832 0.04312200844288
vn 0.03068478219211 -0.9994637966156 0.01142617221922
vn -0.03882030770183 0.99849236011505 -0.03880783170462
vn -0.01553335785866 0.9997633099556 -0.01523294392973
vn -0.01900344900787 0.99948793649673 -0.02574421279132
vn -0.01166940573603 0.99955821037292 -0.02733572013676
vn 0 1 -0.0000000076087
vn 0 0.92073339223862 0.3901923596859
vn -0.00000003918908 0.24989198148251 -0.9682736992836
vn -0.00000008088614 -0.16303208470345 -0.98662078380585
vn 0.36250060796738 -0.32046708464622 0.87515377998352
vn 0.00000007592517 -0.32136896252632 0.94695407152176
vn 0.14614582061768 0.92420476675034 0.35282710194588
vn 0.26932063698769 0.92462575435638 0.26932060718536
vn -0.7639154791832 0.0543158352375 0.64302641153336
vn -0.00527985580266 0.99947249889374 -0.03204417601228
vn -0.63927286863327 0.05076726153493 -0.76730233430862
vn 0.99667823314667 0.08143994212151 0.00000000372582
vn -0.68467265367508 0.24989326298237 0.68467265367508
vn -0.04853555187583 -0.99751806259155 -0.05101008713245
vn -0.10252930223942 -0.98923748731613 -0.10438817739487
vn -0.13684518635273 -0.98914778232574 -0.05347942560911
vn -0.05401313304901 -0.99832153320312 -0.02089607343078
vn 0.99979835748672 -0.00253992713988 0.01991826482117
vn 0.70278996229172 0.11032935231924 0.70278990268707
vn 0.38036155700684 0.109988540411 0.91827422380447
vn 0.33014771342278 0.50568586587906 0.7970472574234
vn 0.60954415798187 0.50686478614807 0.60954409837723
vn 0.98469895124435 -0.1742640286684 0
vn 0.76365661621094 -0.56282514333725 -0.31631696224213
vn 0.82575488090515 -0.56402915716171 0
vn 0.98951888084412 -0.01869935914874 0.14318768680096
vn 0.99185055494308 -0.08049095422029 0.09876091778278
vn 0.98467123508453 -0.04954659566283 0.16723534464836
vn 0.05630800127983 0.70598572492599 0.70598405599594
vn 0.99480593204498 -0.05351706594229 0.08658544719219
vn -0.69628739356995 -0.17426389455795 0.69628727436066
vn -0.31631696224213 -0.56282496452332 0.76365679502487
vn -0.58389693498611 -0.56402909755707 0.58389687538147
vn 0.37075579166412 -0.01869894564152 -0.928542137146
vn 0.32657679915428 0.01758200675249 -0.94500714540482
vn 0.25489586591721 0.02119805105031 -0.96673613786697
vn 0.26602184772491 0.01166584994644 -0.96389639377594
vn 0 -0.97268337011337 0.23213577270508
vn 0 -0.98948436975479 -0.14463993906975
vn 0.73100876808166 0.29476028680801 0.61542063951492
vn 0.89653515815735 0.37537169456482 0.23520383238792
vn 0.91402471065521 0.29882407188416 0.27434098720551
vn -0.01614514924586 0.99973928928375 0.01614514924586
vn -0.02116077020764 0.99973767995834 0.00876507814974
vn 0.99827581644058 -0.04147634655237 -0.04153442755342
vn 0.99922168254852 -0.03944588080049 0.00016031552514
vn -0.16577987372875 -0.90129607915878 0.40022799372673
vn -0.02283268794417 0.99973928928375 -0.00000000023283
vn -0.38383316993713 -0.8398477435112 -0.38383308053017
vn -0.50260990858078 -0.83907157182693 -0.20818783342838
vn -0.91910994052887 -0.00000008467573 -0.39400121569633
vn -0.91420167684555 -0.00000008422355 -0.40525957942009
vn -0.00000000374758 -0.90182447433472 0.43210256099701
vn 0.6962873339653 -0.17426382005215 0.6962873339653
vn 0.37686365842819 -0.17373542487621 0.90982955694199
vn 0.38263368606567 -0.01611477509141 0.92375957965851
vn 0.70701438188553 -0.01616530306637 0.70701438188553
vn 0.69352155923843 0.23180717229843 -0.68212413787842
vn 0.68129110336304 0.25296613574028 -0.68691378831863
vn 0.3621900677681 0.12336314469576 -0.92390471696854
vn 0.31932145357132 -0.58361124992371 -0.74661350250244
vn 0.37470710277557 -0.30654108524323 -0.87500125169754
vn -0.42104879021645 0.09949551522732 0.90156453847885
vn 0.39400145411491 -0.00000004491013 -0.91910982131958
vn 0.00620836950839 -0.99998074769974 -0.00000014569395
vn 0.02043536864221 -0.99979120492935 -0.00000007276904
vn 0.0182510111481 -0.99980962276459 -0.00690237991512
vn 0.0058141364716 -0.99998027086258 -0.00237741414458
vn 0.05544807389379 0.9927339553833 -0.10679334402084
vn 0.03766645491123 0.99269652366638 -0.11460723727942
vn -0.30187487602234 -0.58388245105743 0.75362646579742
vn -0.35364025831223 -0.30670064687729 0.88367033004761
vn 0.00000003540113 0.99281537532806 -0.11965642869473
vn 0 0.00000144275168 -1
vn 0.07264406979084 0.99421125650406 -0.07916287332773
vn 0.92375957965851 -0.01611477136612 0.38263368606567
vn 0.90982949733734 -0.17373569309711 0.37686362862587
vn 0.73083233833313 0.012392048724 -0.68244457244873
vn 0.72708570957184 0.0308993421495 -0.68585103750229
vn 0 0.11032924801111 0.99389511346817
vn -0.17437356710434 0.02650975063443 -0.98432266712189
vn -0.09319448471069 0.02581757679582 -0.99531310796738
vn -0.37130734324455 -0.00000000002663 0.92851001024246
vn -0.35987514257431 -0.00000000005326 0.93300050497055
vn -0.17012168467045 0.02588954009116 -0.985082924366
vn -0.09175844490528 0.02278026752174 -0.99552071094513
vn -0.40306812524796 0.90656942129135 0.12517197430134
vn -0.20641304552555 0.97636300325394 0.06410113722086
vn 0.00000006747761 0.83985209465027 0.54281532764435
vn 0.99979841709137 0.00253970967606 -0.01991788111627
vn 0.99998223781586 -0.0046318708919 -0.00374732771888
vn 0 -0.56402891874313 0.82575505971909
vn -0.26055118441582 0.73241996765137 -0.62902629375458
vn -0.48062682151794 0.73348194360733 -0.4806267619133
vn 0.99405127763748 -0.0139174759388 0.10801998525858
vn 0.11180379986763 -0.99373030662537 0.00000001521347
vn 0.10487435758114 -0.92233622074127 -0.37188339233398
vn 0.10892736166716 0.57294720411301 -0.81232154369354
vn 0.02159374952316 0.84417372941971 -0.53563457727432
vn 0.05631299689412 -0.99841314554214 -0.00000000760818
vn 0.05613469332457 -0.92242825031281 0.38206684589386
vn -0.29109480977058 0.64914137125015 0.70276546478271
vn 0.31005302071571 0.90656512975693 0.28636822104454
vn 0.15877975523472 0.97636193037033 0.1466506421566
vn -0.01425127033144 -0.9997929930687 -0.01452155411243
vn -0.02517112344503 -0.99951016902924 -0.01859717257321
vn -0.026516828686 -0.99958455562592 -0.01129702758044
vn -0.01615558750927 -0.99984592199326 -0.006864013616
vn 0.99985599517822 -0.01205543149263 -0.01194493751973
vn 0.99980622529984 -0.01922807469964 0.00422423705459
vn -0.69127428531647 0.02584514021873 -0.72213011980057
vn 0.15356928110123 0.98003888130188 0.12625460326672
vn 0.12274871766567 0.99201267957687 0.02904511243105
vn 0.20818187296391 0.83907848596573 0.50260084867477
vn -0.53716236352921 0.65031784772873 0.53716230392456
vn -0.03138271346688 -0.99949431419373 -0.0051212431863
vn 0.41063448786736 -0.00975769478828 0.91174781322479
vn 0.20459893345833 0.00387003435753 0.97883826494217
vn 0 -0.22541029751301 0.97426390647888
vn 0.73607277870178 0.23192763328552 0.63592958450317
vn -0.91954475641251 -0.0009981719777 0.3929840028286
vn -0.92423224449158 0.0010687042959 0.38182935118675
vn -0.9740839600563 -0.00825471617281 0.22603617608547
vn 0.00000005279868 0.55356848239899 -0.83280366659164
vn -0.33380112051964 0.50826066732407 -0.79388153553009
vn -0.37073996663094 0.26928326487541 -0.88884103298187
vn 0.00000005529558 0.29609113931656 -0.95515966415405
vn 0 0 -1
vn 0.38268336653709 0 -0.92387956380844
vn -0.42241793870926 -0.05351696908474 -0.90481984615326
vn -0.20278723537922 0.95799511671066 -0.20278722047806
vn 0.0124342283234 -0.01731667667627 0.99977272748947
vn 0.00430590799078 -0.38954529166222 0.92099726200104
vn 0.01203727722168 -0.39964306354523 0.91659182310104
vn -0.30898362398148 0.89947664737701 0.30898359417915
vn -0.16764459013939 0.8989377617836 0.40472984313965
vn 0.99688810110092 0.00032085328712 0.07882872968912
vn 0.99604493379593 0.04367312043905 0.07737658917904
vn 0.99827587604523 0.04147513583302 0.04153484851122
vn 0.99922180175781 0.00016054621665 0.03944374248385
vn -0.00000000374658 0.89947664737701 0.43696880340576
vn 0.27065843343735 0.00860127061605 0.96263700723648
vn 0.99604499340057 -0.04367360472679 -0.0773755684495
vn 0.99705868959427 -0.01626977883279 0.07489497214556
vn -0.73052549362183 0.68288540840149 0.0000000019424
vn -0.54280769824982 0.83985698223114 0.00000000374876
vn -0.10911879688501 0.98802131414413 0.10911879688501
vn -0.05923543870449 0.98794746398926 0.143006965518
vn -0.10530256479979 0.96139591932297 0.25422284007072
vn -0.1940113902092 0.9616231918335 0.19401136040688
vn -0.00000000657716 0.9616231918335 0.27437350153923
vn 0.00434777047485 -0.99998110532761 -0.0043406826444
vn 0.01452155318111 -0.9997929930687 -0.0142512684688
vn 0.00243012979627 -0.99998027086258 -0.00579230068251
vn 0.86870670318604 0.16930057108402 0.46549537777901
vn -0.53716146945953 -0.65031921863556 0.53716152906418
vn -0.29109439253807 -0.64914292097092 0.70276421308517
vn -0.00000001508446 -0.65031772851944 0.7596623301506
vn 0 0.0000069086941 1
vn -0.20361286401749 0.03555606305599 -0.97840565443039
vn -0.20252665877342 0.0929192751646 -0.97485840320587
vn 0.10661773383617 -0.99430006742477 -0.00000000093155
vn 0.09880730509758 -0.99426460266113 -0.04092731699347
vn -0.20506036281586 -0.95702689886093 -0.20506037771702
vn -0.30554273724556 -0.90182441473007 -0.30554276704788
vn -0.43844091892242 0.06947722285986 -0.89607059955597
vn -0.40861329436302 0.12914644181728 -0.90352439880371
vn 0.09948336333036 -0.70361292362213 -0.70358502864838
vn -0.40526020526886 0.00000003733581 -0.91420137882233
vn 0.82852357625961 0.18560345470905 0.5282991528511
vn 0.73048794269562 0.21501599252224 0.64819407463074
vn 0.82755881547928 0.14484524726868 0.54237097501755
vn 0.09319631010294 -0.01898508891463 0.99546670913696
vn 0.38087689876556 0.92462575435638 0.000000011247
vn 0.35282710194588 0.92420476675034 -0.14614579081535
vn 0.01597221568227 -0.40442645549774 0.91443103551865
vn 0.76500976085663 0.00955922156572 -0.64394778013229
vn 0.76457720994949 0.03495048359036 -0.64358389377594
vn -0.95750695466995 0.03090085461736 -0.286749958992
vn -0.95643043518066 0.01239285711199 -0.29169711470604
vn 0.1295423656702 0.74584990739822 -0.65339630842209
vn 0.00902516115457 0.93261569738388 -0.36075830459595
vn 0.00692271301523 0.94088846445084 -0.33864578604698
vn 0.99688810110092 0.07882914692163 -0.00032037642086
vn 0.99922174215317 0.03944394737482 -0.00016030760889
vn 0 0.92387992143631 -0.38268253207207
vn 0 -0.82678133249283 -0.5625234246254
vn -0.00000080040496 1 0.00000001141301
vn 0 0.70710670948029 -0.70710682868958
vn 0 0.38268655538559 -0.92387825250626
vn -0.99499499797821 -0.00973045360297 0.09945003688335
vn 0.96776950359344 0.01166567951441 0.25156736373901
vn -0.01614724099636 -0.99973922967911 0.01614705473185
vn -0.02116452343762 -0.99973756074905 0.00876676850021
vn -0.40525913238525 0 0.91420185565948
vn -0.3940010368824 0 0.91911000013351
vn -0.37470588088036 -0.30655160546303 0.87499809265137
vn -0.67066049575806 -0.31647202372551 0.67086511850357
vn 0.00000012590208 0.02158661000431 -0.99976700544357
vn -0.00000000093261 0.02554151043296 -0.99967378377914
vn -0.70071405172348 -0.71344220638275 0
vn -0.64840650558472 -0.71234434843063 -0.26857885718346
vn 0.99351400136948 -0.10404333472252 0.0458798147738
vn 0.99931037425995 0.03629174456 -0.00785339437425
vn 0 -1 0
vn 0 -0.923888027668 0.38266292214394
vn -0.70278990268707 0.11032935231924 0.70278996229172
vn -0.38036152720451 0.10998857021332 0.91827428340912
vn 0.4427102804184 0.77975332736969 -0.4427102804184
vn -0.31931686401367 -0.58362919092178 0.74660140275955
vn -0.5684779882431 -0.5943306684494 0.56886184215546
vn -0.6695944070816 -0.3213819861412 -0.66959458589554
vn 0.99351394176483 0.10404250025749 -0.04588205367327
vn 0.99931037425995 -0.03629127517343 0.0078538749367
vn 0.99963217973709 -0.01356016751379 -0.0234870929271
vn -0.49547985196114 -0.71344196796417 -0.49547988176346
vn 0.93816745281219 0.02588913217187 0.34521239995956
vn 0.93963515758514 0.0265098195523 0.34114956855774
vn 0.99930173158646 -0.0373644195497 0.00000000023284
vn 0.00876507814974 0.99973767995834 0.02116077020764
vn 0 -0.70712167024612 0.70709186792374
vn 0 -0.38268181681633 0.92388021945953
vn 0.94608372449875 -0.00413791136816 0.32389572262764
vn 0.91123425960541 0.00992418266833 0.4117688536644
vn -0.37711316347122 -0.17000034451485 -0.91043150424957
vn -0.38268345594406 -0.00060711620608 -0.92387932538986
vn -0.8658235669136 0.02158654481173 0.49988356232643
vn -0.90802556276321 0.02278008125722 0.41829487681389
vn -0.90856379270554 0.02581762522459 0.41694763302803
vn -0.86574286222458 0.02554162405431 0.49983686208725
vn 0 -0.70712167024612 -0.70709186792374
vn -0.49548003077507 -0.71344172954559 0.49548006057739
vn -0.64840644598007 -0.71234440803528 0.26857879757881
vn 0.00000501156956 -0.99998110532761 -0.00614366633818
vn -0.00657013384625 -0.99984592199326 -0.01627731509507
vn -0.00237741367891 -0.99998027086258 -0.0058141364716
vn 0.02839985303581 0.99830943346024 -0.05071246251464
vn 0.0174849294126 0.99842011928558 -0.05340005084872
vn 0.28999909758568 -0.95702689886093 0.00000000562182
vn 0.26869344711304 -0.95677423477173 0.1112964823842
vn -0.01614514924586 0.99973928928375 -0.01614514924586
vn -0.02116077020764 0.99973767995834 -0.00876507814974
vn 0.38268333673477 -0.00000000037188 0.92387956380844
vn -0.17517021298409 0.00955919548869 0.98449176549912
vn -0.09348702430725 0.00954595487565 0.9955747127533
vn -0.09343431890011 0.03490237891674 0.99501347541809
vn -0.17507131397724 0.03495178744197 0.9839351773262
vn 0.99609297513962 0.07693737000227 0.0433529317379
vn 0.9942969083786 0.07541120052338 0.07541123777628
vn 0.17491944134235 0.05431604385376 -0.98308336734772
vn 0.09335420280695 0.05423774570227 -0.99415457248688
vn 0.09319448471069 0.02581757865846 -0.99531310796738
vn 0.17437356710434 0.0265097450465 -0.98432266712189
vn 0.867516040802 0.16954277455807 -0.46762284636498
vn 0.887366771698 0.29708164930344 -0.35259428620338
vn 0.24951907992363 0.75819766521454 0.60239237546921
vn 0 -0.71344220638275 0.70071405172348
vn -0.26857888698578 -0.7123441696167 0.64840662479401
vn 0.91059958934784 -0.00171380559914 -0.41328611969948
vn -0.25489586591721 0.02119805105031 -0.96673613786697
vn -0.26602187752724 0.01166580989957 -0.96389639377594
vn 0.2050603479147 -0.95702689886093 0.2050603479147
vn -0.00027163978666 0.59423106908798 0.80429428815842
vn 0.30189859867096 0.58379477262497 0.7536848783493
vn 0.35364654660225 0.30664923787117 0.88368564844131
vn -0.00014464044943 0.31641113758087 0.94862216711044
vn -0.40526008605957 0.00000004467029 -0.91420143842697
vn 0.86382895708084 -0.00973186921328 -0.50369119644165
vn 0.79647493362427 -0.02020535990596 -0.60433387756348
vn -0.19254066050053 -0.00413808971643 -0.98128026723862
vn -0.0990147665143 0.00992427021265 -0.99503648281097
vn 0.35987514257431 0.00000000450986 0.93300050497055
vn 0.86565166711807 -0.02937015146017 -0.49978449940681
vn -0.35987514257431 0.00000000007674 0.93300050497055
vn -0.37130722403526 -0.00000002544265 0.92851006984711
vn -0.35376563668251 0.30650135874748 0.88368934392929
vn 0.99962151050568 -0.02390635944903 -0.01361354347318
vn 0.76526176929474 0.02650945074856 0.64317309856415
vn 0.8153692483902 0.02581752091646 0.57836526632309
vn 0.81626677513123 0.02277971804142 0.57722580432892
vn 0.00000024714112 0.02058169059455 -0.99978816509247
vn -0.30215880274773 0.58354359865189 0.75377511978149
vn -0.94694912433624 0.321383446455 -0.00000009870268
vn -0.87514919042587 0.3204819560051 0.3624986410141
vn -0.00080186140258 0.99999934434891 0.00080186140258
vn -0.00105096795596 0.99999934434891 0.00043532514246
vn 0 -0.75919222831726 0.65086650848389
vn -0.24952508509159 -0.75818413496017 0.60240691900253
vn 0.57395201921463 0.04420338571072 -0.81769502162933
vn 0.81222128868103 -0.00971420388669 -0.58326858282089
vn 0.58389687538147 -0.56402915716171 -0.58389687538147
vn -0.40525984764099 0.00000000733455 -0.91420155763626
vn 0.70710670948029 0 0.70710682868958
vn 0.92387956380844 0.00000000037188 0.38268330693245
vn -0.01853492856026 -0.99949586391449 -0.0257774554193
vn -0.02484186179936 -0.99938267469406 -0.02484186179936
vn -0.8162670135498 0.02277986332774 0.57722544670105
vn 1 0.0000000738931 -0.00000004565215
vn 0.85171490907669 0.44827497005463 0.27135071158409
vn 0.90189439058304 0.2311696857214 0.36489328742027
vn -0.24014529585838 0.96404379606247 0.11379707604647
vn -0.05781337618828 0.99815887212753 0.01834367401898
vn 0.99924421310425 -0.03017740137875 -0.02450073882937
vn 0.99869406223297 -0.04400223866105 0.02596075087786
vn 0.99809169769287 -0.03044772148132 0.05372023582458
vn 0.99981063604355 -0.01510747801512 -0.01226555835456
vn -0.984699010849 -0.1742636859417 -0.00000003078848
vn -0.90982955694199 -0.17373549938202 0.37686356902122
vn -0.76365673542023 -0.56282496452332 0.31631690263748
vn -0.82575505971909 -0.56402891874313 0
vn 0.99705868959427 -0.01626994647086 -0.07489515095949
vn 0.99693977832794 0.00029697405989 -0.07817297428846
vn 0 -0.52663707733154 -0.8500902056694
vn 0.40525934100151 0 0.9142017364502
vn 0.37471234798431 0.30649963021278 0.87501353025436
vn 0.38629066944122 0.29692727327347 0.87327754497528
vn -0.81536942720413 0.02581753581762 0.57836508750916
vn 0.31934157013893 0.58354061841965 0.74666011333466
vn 0.33247843384743 0.56707161664963 0.75358331203461
vn 0.80010658502579 -0.00099787826184 0.59985703229904
vn 0.8122193813324 0.0099246352911 0.58326768875122
vn 0.86584198474884 0.02058146893978 0.49989405274391
vn 0.92387956380844 0.00000013774456 -0.38268333673477
vn -0.702765583992 0.64914125204086 0.29109486937523
vn -0.75966399908066 0.65031582117081 0.00000001508446
vn 0.70710682868958 0.00000006465645 -0.70710670948029
vn 0.94720232486725 0.03138486668468 -0.31909674406052
vn 0.26932060718536 0.92462575435638 -0.26932063698769
vn 0.02283551171422 -0.99973922967911 0.00000013178362
vn 0.02116452343762 -0.99973756074905 -0.00876676850021
vn -0.32999271154404 0.04424251616001 0.94294613599777
vn -0.25720331072807 0.00495865056291 0.96634459495544
vn -0.23582933843136 0.01608067192137 0.9716614484787
vn -0.31289538741112 0.07248985767365 0.94701725244522
vn 0.00000117744855 0.38268464803696 -0.92387902736664
vn 0.00000111375721 0.38268464803696 -0.92387902736664
vn 0.71195250749588 0.54291319847107 -0.44538626074791
vn 0.99986934661865 -0.01616528443992 0
vn -0.38268348574638 -0.00000005496375 -0.9238795042038
vn 0.02472952567041 0.97747629880905 -0.20959147810936
vn -0.00066247227369 0.94395923614502 -0.33006140589714
vn 0.9874694943428 0.01967530883849 0.15657882392406
vn 0.11179944872856 0.0000001673482 -0.99373078346252
vn 0.10486937314272 0.37188476324081 -0.92233622074127
vn 0.18269766867161 0.23192757368088 -0.95542198419571
vn 0.16746728122234 0.29476043581963 -0.94078212976456
vn -0.00000000760869 -0.00000075298709 -1
vn 0 0.97426319122314 0.22541342675686
vn -0.00271863397211 0.80716806650162 -0.59031546115875
vn -0.62608689069748 0.77975326776505 0.00000002286608
vn -0.57952964305878 0.77879512310028 0.24004904925823
vn -0.79588603973389 0.50782400369644 0.32966679334641
vn 0 0.23213449120522 0.9726836681366
vn 0 0.52662938833237 0.85009497404099
vn -0.90984553098679 0.17363779246807 -0.37687009572983
vn -0.91047102212906 0.1697528809309 -0.37712925672531
vn 1 -0.00000014766039 -0.00000000934559
vn 0.99977457523346 0.017592927441 -0.01188641320914
vn 0.99693983793259 -0.00029790645931 -0.07817240804434
vn 0.99667823314667 -0.00000052813499 -0.08143998682499
vn 0.99705874919891 0.01626913808286 -0.07489418238401
vn 0.99910020828247 0.03514327481389 -0.02374397590756
vn 0.90842443704605 0.03490110486746 -0.41658964753151
vn -0.69629961252213 0.17416559159756 -0.69629961252213
vn -0.69678127765656 0.17026960849762 -0.69678121805191
vn -0.57025283575058 0.09949460625648 -0.8154217004776
vn -0.56994044780731 0.1150044798851 -0.8135980963707
vn 0.99838453531265 -0.03771905601025 -0.04249250143766
vn -0.10661771148443 -0.99430006742477 -0.0000000093155
vn -0.09880730509758 -0.99426460266113 -0.04092732444406
vn 0.43696883320808 0.89947664737701 0.00000000187329
vn 0.40472984313965 0.89893770217896 -0.16764460504055
vn 0.56758636236191 -0.0144738163799 0.82318663597107
vn -0.43696880340576 0.89947664737701 0.00000002622603
vn -0.40472987294197 0.89893770217896 0.16764459013939
vn -0.3297213613987 -0.50758212804794 -0.7960177063942
vn 0 0.99973928928375 -0.02283268608153
vn -0.00876507908106 0.99973767995834 -0.021160768345
vn 0.05630953609943 -0.00000032715246 0.99841338396072
vn 0.05613367632031 0.38208013772964 0.92242276668549
vn -0.74790358543396 0.01743308268487 -0.66357845067978
vn -0.74994695186615 0.0313865467906 -0.6607528924942
vn -0.86300057172775 0.08350581675768 -0.49825379252434
vn -0.66369116306305 0.07248818874359 -0.74448603391647
vn -0.64890402555466 0.57294499874115 0.50065720081329
vn -0.45286050438881 0.84416580200195 0.28688237071037
vn -0.0024261190556 -0.99997991323471 0.00585716962814
vn -0.00683089252561 -0.99984067678452 0.01649123430252
vn 0.68589413166046 -0.66994976997375 -0.28410655260086
vn -0.00000005008891 -0.5087623000145 -0.86090701818466
vn -0.04472060129046 0.99815905094147 0.04097044467926
vn -0.15431727468967 0.98802137374878 0.00000000931811
vn -0.14300695061684 0.98794746398926 0.05923542380333
vn -0.25422289967537 0.96139591932297 0.10530257225037
vn -0.27437350153923 0.9616231918335 0.00000002067109
vn 0.99988830089569 0.01080180518329 -0.01032926049083
vn 0.10911879688501 0.98802131414413 -0.10911881178617
vn 0.21547916531563 0.95243763923645 -0.21547921001911
vn 0.11694811284542 0.95215994119644 -0.28233766555786
vn 0.0592354349792 0.98794746398926 -0.14300693571568
vn 0.10499078035355 -0.92231887578964 0.3718935251236
vn -0.00439079105854 -0.99998074769974 0.00439079059288
vn -0.00000005878362 -0.24989223480225 -0.96827363967896
vn 0.38265618681908 0.01191994268447 0.92381393909454
vn -0.19725525379181 0.03138668835163 0.97984957695007
vn 0.99669373035431 -0.01447358820587 0.07995105534792
vn 0.99404263496399 -0.10899215191603 0.00000000094209
vn 0.99930167198181 0.03736483305693 0
vn -0.72356754541397 0.0160796456039 -0.6900662779808
vn -0.02639206685126 0.99947249889374 -0.01892522908747
vn -0.025226874277 0.9993634223938 -0.02522688545287
vn 0.68279492855072 -0.00825481954962 0.73056346178055
vn -0.58421921730042 0.08403749763966 -0.80723333358765
vn -0.57367563247681 0.04444254562259 -0.81787598133087
vn -0.92387956380844 -0.00000000037188 0.38268333673477
vn -0.11126063019037 0.98754346370697 0.11126063019037
vn -0.0828705355525 0.9965603351593 0
vn 0.69565731287003 0.17509758472443 -0.69670778512955
vn 0.99816751480103 0.05391279235482 0.02747690863907
vn 0.99788677692413 0.03540767729282 0.05448182672262
vn 0 0.97426319122314 -0.22541342675686
vn 0.99816751480103 -0.02747783437371 0.05391234531999
vn 0.99910014867783 0.02374331653118 0.03514402732253
vn 0.99977457523346 0.01188633963466 0.0175933111459
vn 0.99788683652878 -0.0544820278883 0.03540658578277
vn 0.47830069065094 -0.02154057472944 -0.8779319524765
vn 0.40347921848297 -0.01391673367471 -0.91488295793533
vn 0.00000000383914 0.17027001082897 -0.98539745807648
vn 0.37703368067741 0.16986873745918 -0.91048902273178
vn 0.38252183794975 0.02905917353928 -0.92348939180374
vn 0.00000000760856 0.02915018796921 -0.99957501888275
vn -0.96900188922882 0.00859540514648 -0.24690367281437
vn 0.6095969080925 -0.0197830516845 -0.79246467351913
vn 0.54280787706375 0.8398569226265 0
vn 0.50259685516357 0.83908075094223 0.20818237960339
vn -0.97098517417908 0.02588131837547 -0.23773507773876
vn -0.98413985967636 0.05076743289828 -0.16997486352921
vn 0.30635717511177 0.04829982295632 -0.95069050788879
vn 0.3581357896328 0.01967548206449 -0.93346214294434
vn 0.31805476546288 0.05726674199104 -0.94634121656418
vn 0.05613674223423 -0.92242765426636 -0.38206785917282
vn 0.25742492079735 0.73993021249771 0.62147867679596
vn 0.38268333673477 0 0.92387956380844
vn 0.05631018057466 -0.70599204301834 -0.70597767829895
vn -0.23790331184864 0.00339381908998 0.97128289937973
vn -0.23481820523739 0.00784124433994 0.9720076918602
vn -0.23042178153992 0.03089807368815 0.97260016202927
vn -0.2255983799696 0.01239076536149 0.9741415977478
vn 0.21862328052521 0.96404379606247 0.15107406675816
vn 0.04479263350368 0.99815887212753 0.04089615494013
vn -0.9999868273735 -0.00512945093215 -0.00000000760869
vn -0.92386746406555 -0.00511343264952 -0.38267838954926
vn -0.70709747076035 -0.0051294718869 -0.70709747076035
vn -0.92381393909454 0.01191992871463 0.38265618681908
vn -0.91827422380447 0.10998858511448 0.38036158680916
vn -0.92387956380844 0 0.38268333673477
vn -0.00000001508446 0.65031695365906 -0.7596629858017
vn 0.29109540581703 0.64914035797119 -0.70276612043381
vn -0.86475050449371 0.05424110591412 0.49926391243935
vn -0.90764033794403 0.05423640087247 0.4162300825119
vn -0.99992853403091 0.01195728592575 -0.00000002282757
vn -1 -0.00000004366275 -0.00000004565216
vn -0.99389511346817 0.11032924801111 0
vn 0.53716415166855 0.65031486749649 -0.53716415166855
vn -0.86599826812744 0.00794643908739 0.49998390674591
vn -0.00000024501304 0.99281561374664 0.11965449154377
vn 0.0376661233604 0.99269676208496 0.11460561305284
vn 0.32966676354408 0.50782400369644 -0.79588603973389
vn 0.37711298465729 0.17000022530556 -0.91043162345886
vn -0.0178314242512 0.99981516599655 -0.00718582374975
vn 0 0.82676845788956 0.56254231929779
vn 0.07539010792971 -0.99430006742477 0.07539009302855
vn 0.04092731326818 -0.99426460266113 0.09880727529526
vn -0.70701444149017 -0.01616524346173 0.70701438188553
vn 0.24004903435707 0.77879512310028 -0.57952964305878
vn -0.00000001117859 -0.99430006742477 0.10661771893501
vn -0.20818781852722 -0.83907157182693 0.50260990858078
vn -0.27996987104416 -0.68173778057098 0.67590719461441
vn -0.26857876777649 -0.71234446763992 -0.64840632677078
vn -0.13855773210526 0.96764546632767 0.21086490154266
vn -0.25318697094917 0.93369841575623 0.25318697094917
vn -0.21086490154266 0.96764546632767 0.13855773210526
vn 0.55405843257904 0.11795648187399 -0.82407861948013
vn -0.38268342614174 0.00000021397598 -0.92387956380844
vn -0.16519029438496 0.98626172542572 0
vn -0.7596623301506 -0.65031772851944 0.00000001508446
vn -0.70276421308517 -0.64914298057556 0.29109436273575
vn 0.34750577807426 -0.04954621195793 -0.93636792898178
vn 0.01859716884792 -0.99951016902924 -0.02517111971974
vn 0.25711852312088 0.07567474991083 -0.96341234445572
vn 0.25329995155334 0.05269504711032 -0.9659515619278
vn 0.00876507908106 0.99973767995834 -0.021160768345
vn 0.01614514924586 0.99973928928375 -0.01614514924586
vn 0.99152791500092 0.12989388406277 0.00000000381125
vn 0.99448031187058 0.10492353886366 0.00000000761393
vn 0.91351312398911 0.18032720685005 -0.36465859413147
vn 0.91934335231781 0.16940169036388 -0.35512086749077
vn -0.56891053915024 0.59423780441284 0.56852644681931
vn -0.31945937871933 0.58379971981049 0.74640715122223
vn -0.37479346990585 0.30665209889412 0.8749253153801
vn -0.67087852954864 0.31641530990601 0.67067384719849
vn 0 -0.00000702282205 1
vn 0 0.14463643729687 0.98948484659195
vn 0.025051061064 0.99966144561768 0.00703087775037
vn -0.99999982118607 0.00060867227148 0.00000002282608
vn -0.68239259719849 -0.00840808916837 0.73093754053116
vn -0.79245537519455 0.00091512111248 0.60992920398712
vn 0.99962151050568 0.02390709333122 -0.01361242122948
vn -0.59057188034058 -0.01391682587564 0.80686503648758
vn 0.38268321752548 0.00060703739291 -0.92387944459915
vn 0.70710664987564 0.0006089481758 -0.70710664987564
vn 0.96520471572876 -0.24217984080315 0.09863433986902
vn 0.99875569343567 -0.0352639965713 -0.03526344895363
vn 0.9987478852272 -0.04621875658631 -0.01914362236857
vn -0.0000000077696 0.68288505077362 -0.73052585124969
vn 0.96741306781769 -0.25320345163345 0
vn -0.39400124549866 -0.00000007355045 0.91910988092422
vn -0.40525949001312 -0.00000004461861 0.91420167684555
vn -0.62902641296387 0.73241984844208 -0.26055124402046
vn 0 -0.71344220638275 -0.70071405172348
vn 0.70710670948029 -0.00000001370439 -0.70710682868958
vn 0.9238795042038 0.00000000747219 -0.38268345594406
vn -0.11129628866911 -0.95677417516708 -0.26869368553162
vn -0.16577987372875 -0.90129601955414 -0.40022811293602
vn 0.99942016601562 -0.0134837962687 -0.03126435354352
vn 0.38382321596146 0.83985680341721 0.3838232755661
vn 0.00000000187394 -0.95702689886093 -0.28999909758568
vn -0.00000000187379 -0.90182447433472 -0.43210259079933
vn 0.01930555142462 0.99973791837692 0.01230312604457
vn 0.01205585803837 0.99947655200958 0.03002153337002
vn 0.00754614686593 0.99978470802307 0.01932851225138
vn 0.02688499726355 0.99962377548218 -0.00542679568753
vn 0.10438820719719 -0.98923748731613 -0.1025293469429
vn 0.13867016136646 -0.98889982700348 -0.05336397886276
vn 0.26869356632233 -0.95677423477173 -0.11129635572433
vn 0.20506033301353 -0.95702689886093 -0.20506031811237
vn 0.99875569343567 -0.04987033456564 -0.0000002905881
vn 0.56994074583054 0.11500506848097 -0.81359779834747
vn -0.38267841935158 -0.00511343823746 -0.92386746406555
vn 0.00000000831075 0.31626829504967 -0.94866979122162
vn 0.35987514257431 0 -0.93300050497055
vn -0.69764626026154 -0.1630322188139 0.69764620065689
vn 0.00000004682764 0.59401398897171 -0.80445468425751
vn -0.8751494884491 0.32048088312149 -0.36249884963036
vn -0.91159325838089 0.16254284977913 -0.37759435176849
vn -0.35987514257431 0 -0.93300050497055
vn 0.70710676908493 -0 0.70710676908493
vn 0.38268342614174 0.00000001382462 0.92387956380844
vn 0.2064149081707 0.9763622879982 0.06410554051399
vn -0.68266016244888 -0.01302192918956 -0.7306199669838
vn -0.79284572601318 -0.02232408896089 -0.60901337862015
vn -0.80019497871399 -0.00965617690235 -0.59966224431992
vn 0.40307146310806 0.90656673908234 0.12518046796322
vn 0.03190164268017 0.994668841362 -0.09806197881699
vn 0.00000000093153 0.99487245082855 -0.10113767534494
vn 0.89692801237106 0.23434878885746 -0.3749677836895
vn 0.84196275472641 0.45441892743111 -0.29086452722549
vn 0 0 1
vn 0.38629075884819 0.29693335294724 -0.87327545881271
vn 0.33247616887093 0.56708204746246 -0.7535765171051
vn 0.00002125701394 0.17413955926895 -0.98472100496292
vn -0.37686681747437 0.17363485693932 -0.90984743833542
vn -0.38241520524025 0.0369433760643 -0.92325174808502
vn 0.00004214359069 0.03701077774167 -0.99931484460831
vn -0.91420179605484 0.0000000446703 0.40525925159454
vn -0.91910994052887 0.00000012762484 0.39400115609169
vn -0.87501311302185 0.30650106072426 0.37471207976341
vn 0.40526029467583 0 -0.91420131921768
vn 0 -0.14464747905731 0.98948323726654
vn -0.30635741353035 0.04830008372664 -0.9506903886795
vn -0.32657700777054 0.01758203655481 -0.94500708580017
vn -0.25330001115799 0.05269527807832 -0.96595150232315
vn -0.74665856361389 0.58354300260544 0.31934079527855
vn -0.70276582241058 0.64914089441299 -0.29109504818916
vn -0.53716319799423 0.65031611919403 -0.53716349601746
vn 0.7960177063942 -0.50758212804794 -0.32972142100334
vn -0.57952970266342 0.77879506349564 -0.24004904925823
vn 0.05418901890516 0.99419611692429 -0.09293895959854
vn 0.4450695514679 0.40341633558273 -0.79948002099991
vn 0.283462703228 0.38607862591743 -0.87783378362656
vn 0.23869840800762 0.62666153907776 -0.74183452129364
vn 0.37353229522705 0.62959706783295 -0.6812350153923
vn -0.40472987294197 0.89893770217896 -0.16764457523823
vn 0 0.63058775663376 -0.77611792087555
vn -0.0388238504529 0.99484050273895 -0.09372906386852
vn -0.07151520252228 0.99487245082855 -0.0715151950717
vn -0.14300695061684 0.98794746398926 -0.05923540890217
vn -0.25422286987305 0.96139591932297 -0.10530254244804
vn -0.29737654328346 0.62939858436584 -0.71793079376221
vn -0.25318697094917 0.93369841575623 -0.25318697094917
vn -0.13855773210526 0.96764546632767 -0.21086491644382
vn -0.11126063019037 0.98754346370697 -0.11126063764095
vn -0.21086490154266 0.96764546632767 -0.13855773210526
vn 0.00000000093154 0.98626172542572 -0.16519032418728
vn 0.00000000046732 0.9965603351593 -0.08287055045366
vn -0.70276403427124 -0.6491431593895 -0.29109424352646
vn 0.31631690263748 -0.5628250837326 -0.76365667581558
vn -0.99986934661865 -0.01616523228586 -0.00000005326056
vn -0.92375957965851 -0.01611473225057 0.38263365626335
vn 0 -0.56402915716171 -0.82575488090515
vn -0.00512124365196 -0.99949586391449 0.03133357688785
vn -0.01123476307839 -0.99956893920898 0.02712312154472
vn -0.00000009870272 -0.32136899232864 -0.94695407152176
vn 0.36250039935112 -0.32046854496002 -0.87515336275101
vn 0.37759467959404 -0.16253639757633 -0.91159427165985
vn -0.35813620686531 0.019675552845 -0.93346202373505
vn -0.92387956380844 -0.00000021042506 0.38268336653709
vn 0.22814364731312 0.03459448739886 0.97301268577576
vn 0.11179871112108 0.99373084306717 0
vn -0.67970877885818 0.73348206281662 -0.00000007524041
vn -0.81428617238998 0.05423701182008 0.57792419195175
vn -0.3528271317482 0.92420476675034 0.14614582061768
vn -0.28233769536018 0.95215994119644 0.116948120296
vn -0.37712922692299 0.16975294053555 -0.91047102212906
vn 0.37672078609467 0.17372786998749 -0.90989017486572
vn -0.92387956380844 0.00000000201908 0.38268342614174
vn 0.03465901687741 -0.99939918518066 0
vn 0.03068478219211 -0.9994637966156 -0.01142617221922
vn 0.49390032887459 0.07215385884047 0.86651962995529
vn 0.32234400510788 0.04971067607403 0.94531643390656
vn 0.55384910106659 0.11792708188295 0.82422345876694
vn 0.76365667581558 -0.5628250837326 0.31631690263748
vn 0.60240685939789 -0.75818413496017 0.24952507019043
vn 0.88861697912216 0.29651832580566 0.3499096930027
vn -1 0 0
vn -0.81498950719833 0.03490247949958 -0.57842361927032
vn 0.05349681898952 -0.98913204669952 -0.13695222139359
vn 0.00000000186666 -0.98928099870682 -0.14602445065975
vn -0.89474248886108 0.24916017055511 0.37061440944672
vn -0.01853490993381 -0.99949586391449 0.02577744051814
vn -0.02484183385968 -0.99938267469406 0.02484183385968
vn 0.36249861121178 0.32048228383064 0.87514907121658
vn 0.10498739033937 -0.37189415097237 -0.92231899499893
vn 0.96944069862366 -0.00822241045535 0.24518792331219
vn 0.30835139751434 0.05696210637689 -0.9495655298233
vn 0.49411654472351 0.07218285650015 -0.86639392375946
vn -0.38268342614174 -0.00000000201908 0.92387956380844
vn -0.01076202094555 -0.99958455562592 -0.02673843502998
vn 0.00000008749997 0.00000013777175 1
vn -0.24020740389824 -0.77846169471741 -0.57991188764572
vn -0.00000003048855 -0.77942079305649 -0.6265007853508
vn -0.28678435087204 0.95799517631531 -0.00000000279951
vn -0.26694402098656 0.96371203660965 -0.00000000186549
vn -0.2473421394825 0.9634964466095 0.10245247930288
vn -0.26571643352509 0.95774781703949 0.11006337404251
vn 0.0990147292614 0.00992422085255 -0.99503648281097
vn 0 -0.02014603465796 0.99979704618454
vn 0.96548056602478 0.00495838280767 -0.26042792201042
vn 0.95939779281616 0.01608056016266 -0.28159776329994
vn -0.38268339633942 0.00000025434269 0.92387956380844
vn -0.10245250165462 0.96349638700485 -0.24734216928482
vn -0.18875801563263 0.96371203660965 -0.18875797092915
vn -0.88367772102356 -0.30653977394104 -0.3537612259388
vn -0.87651169300079 -0.31608930230141 -0.3630630671978
vn -0.9238795042038 -0.00000004255757 -0.38268345594406
vn 0.86300069093704 0.08350522816181 -0.49825358390808
vn 0.30898359417915 0.89947664737701 -0.30898362398148
vn -0.75373131036758 -0.58360904455185 -0.30214166641235
vn -0.73926544189453 -0.59976637363434 -0.30621379613876
vn -0.07539010792971 -0.99430006742477 -0.07539010792971
vn 0.27437350153923 0.9616231918335 0.00000000187919
vn 0.143006965518 0.98794746398926 -0.0592354349792
vn 0.25422284007072 0.96139591932297 -0.10530257970095
vn -0.70710682868958 0.00000011809006 0.70710670948029
vn -0.38268342614174 0.00000025614597 0.92387956380844
vn -0.02758077904582 0.99955821037292 -0.0110777541995
vn -0.92387956380844 0.00000000143859 0.38268342614174
vn 0.19254040718079 -0.00413815258071 -0.98128032684326
vn 0.38231295347214 0.0369025208056 -0.92329573631287
vn 0.70610344409943 0.03754522651434 -0.70711266994476
vn 0.16764459013939 0.89893770217896 -0.40472987294197
vn 0.02577745169401 -0.99949586391449 -0.01853492110968
vn 0.02484185062349 -0.99938267469406 -0.02484185062349
vn 0.17012158036232 0.02588942088187 -0.985082924366
vn 0.0917584374547 0.02277999743819 -0.99552071094513
vn 0 0.00000027391295 -1
vn 0 0.39018702507019 -0.92073559761047
vn 0 -0.923888027668 -0.38266292214394
vn 0.67047387361526 -0.31666085124016 -0.67096251249313
vn 0.56878370046616 -0.5941134095192 -0.56878316402435
vn 0.70710682868958 0 0.70710670948029
vn 0.38268342614174 0.00000000201908 0.92387956380844
vn 0.9238795042038 -0.00000037531657 -0.38268345594406
vn 0.47487702965736 0.8441658616066 0.24874858558178
vn 0.25318697094917 0.93369841575623 -0.25318697094917
vn 0.21086491644382 0.96764546632767 -0.13855773210526
vn 0.11126063764095 0.98754346370697 -0.11126063764095
vn 0.13855773210526 0.96764546632767 -0.21086491644382
vn -0.9951206445694 0.04420302808285 -0.08820962160826
vn -0.99119418859482 0.08403726667166 -0.10233189165592
vn 0 0.56253558397293 -0.8267730474472
vn 0.91934335231781 0.16940173506737 0.35512092709541
vn 0.91351306438446 0.18032744526863 0.36465859413147
vn 0.75803369283676 0.57294499874115 0.31163907051086
vn -0.81290739774704 0.07946944981813 0.57694554328918
vn -0.76261824369431 0.07958463579416 0.64193433523178
vn -0.86328601837158 0.07947509735823 0.49841842055321
vn 0.89474254846573 -0.24915987253189 0.37061449885368
vn -0.00000000374876 0.83985698223114 -0.54280769824982
vn -0.20818242430687 0.83908081054688 -0.50259673595428
vn 0.19401137530804 0.9616231918335 -0.19401137530804
vn 0.99389505386353 0.1103294044733 -0.00000002290277
vn 0.91827422380447 0.10998856276274 -0.3803616464138
vn 0.9238138794899 0.01191991940141 -0.38265624642372
vn -0.70710682868958 0.00000006465645 -0.70710670948029
vn 0.76538276672363 -0.0196690056473 -0.64327472448349
vn -0.92387956380844 0 -0.38268342614174
vn 0.96010726690292 0.00339552946389 -0.27961140871048
vn 0.95643019676208 0.01239323895425 -0.29169791936874
vn 0.99992829561234 0.01197745930403 0.00000006086936
vn 0.92381370067596 0.01194002106786 -0.38265603780746
vn -0.00091168063227 0.54933881759644 -0.8355992436409
vn -0.0012133771088 0.80485934019089 -0.59346437454224
vn 0 0.9993634223938 -0.03567619994283
vn -0.00000000186524 -0.024522960186 0.99969929456711
vn -0.86576479673386 -0.02452366612852 -0.49984991550446
vn -0.91942018270493 -0.00965599622577 -0.39315807819366
vn 0.96520471572876 -0.24217984080315 -0.09863433986902
vn 0.96394246816635 -0.18817284703255 -0.18816441297531
vn 0.17462229728699 0.07958574593067 -0.98141384124756
vn 0.75966417789459 -0.65031552314758 0.00000001508446
vn 0.70276564359665 -0.64914107322693 -0.29109492897987
vn 0.9238795042038 -0.00000000201908 0.38268342614174
vn 0.70278996229172 0.11032925546169 -0.70278996229172
vn 0.70705622434616 0.01195729151368 -0.70705628395081
vn 0.37061446905136 0.24915988743305 -0.89474254846573
vn 0.27996781468391 0.68174362182617 -0.6759021282196
vn 1 -0.00000075298709 0.00000000760869
vn 0.9652054309845 -0.09863802045584 -0.2421757131815
vn 0.96741282939911 0.00000225316694 -0.25320434570312
vn 0.28233763575554 0.95215994119644 -0.11694809049368
vn -0.91123431921005 0.00992450304329 0.41176876425743
vn 0.70071405172348 -0.71344220638275 0
vn 0.64840662479401 -0.71234422922134 0.26857885718346
vn -0.01187506318092 -0.99985897541046 -0.01187506318092
vn -0.02078706584871 -0.99822264909744 -0.05585166066885
vn 0.53716242313385 -0.65031754970551 -0.53716248273849
vn 0.86613470315933 -0.05082432553172 -0.49721989035606
vn 0.4954799413681 -0.71344178915024 0.49548000097275
vn -0.92384392023087 -0.02232420258224 -0.38211783766747
vn -0.97398549318314 -0.01293108891696 -0.22624100744724
vn -0.00095914275153 0.54937386512756 0.83557611703873
vn 0.50259679555893 0.83908075094223 -0.20818240940571
vn 0.3838232755661 0.83985680341721 -0.3838232755661
vn 0.99667823314667 0.00000023379521 0.08143997192383
vn 0.70276612043381 0.64914035797119 -0.29109537601471
vn 0.40525996685028 -0.00000004467029 -0.91420149803162
vn 0.62650072574615 -0.77942079305649 0.00000000762214
vn 0.86090701818466 -0.5087623000145 0.00000000385299
vn 0.13099779188633 -0.02232404984534 0.99113130569458
vn 0.29106211662292 -0.01293078344315 0.95661675930023
vn 0.7596629858017 0.65031695365906 0.00000001508446
vn 0.09880730509758 -0.99426460266113 0.04092731699347
vn 0.99999982118607 0.00060894084163 0.00000000760869
vn 0.98535460233688 0.17051768302917 0.00000000771177
vn 0.92387944459915 0.00060703774216 -0.38268321752548
vn -0.00000000186521 -0.02937030233443 0.99956858158112
vn 0.00527985487133 0.99947249889374 0.03204417228699
vn 0.89848220348358 0.29476061463356 0.32533976435661
vn 0.91877150535584 0.23192292451859 0.31948500871658
vn 0 0.8267685174942 -0.56254231929779
vn 0 0.92073339223862 -0.39019232988358
vn 0 1 -0.00000001521734
vn -0.00030349582084 0.94365668296814 -0.33092600107193
vn -0.38252180814743 0.02905917726457 -0.92348939180374
vn 0 -0.99430006742477 -0.10661773383617
vn 0.04092731699347 -0.99426460266113 -0.09880730509758
vn 0.79279017448425 0.00106862047687 0.60949367284775
vn -0.70680630207062 0.02915026806295 -0.70680630207062
vn -0.05336393043399 -0.98889982700348 -0.13867020606995
vn 0.43210259079933 -0.90182447433472 0.00000000936896
vn -0.80429422855377 0.59423124790192 -0.00027162418701
vn -0.9486221075058 0.31641122698784 -0.00014463214029
vn 0.9652042388916 0.09864077717066 -0.2421793192625
vn 0.96394139528275 0.18817131221294 -0.18817168474197
vn 0.27238240838051 -0.00822213850915 -0.96215397119522
vn -0.92348939180374 0.02905917726457 -0.38252183794975
vn 0.64840644598007 -0.71234440803528 -0.26857879757881
vn 0.10530257225037 0.96139591932297 -0.25422286987305
vn 0.99977457523346 -0.01188647840172 0.01759310252964
vn 0.99788677692413 0.0544820651412 0.03540775924921
vn -0.20402617752552 -0.02187024615705 -0.97872108221054
vn -0.41067159175873 -0.00878670997918 -0.91174095869064
vn 0.20818242430687 0.83908075094223 -0.50259679555893
vn -0.00000012737254 -0.02728400938213 -0.99962770938873
vn -0.66959762573242 -0.32136917114258 0.66959750652313
vn -0.87515383958817 -0.32046690583229 0.36250060796738
vn -0.91159439086914 -0.16253559291363 0.37759476900101
vn 0.00000002493262 -0.31632599234581 -0.94865053892136
vn 0.00000004682727 -0.59410846233368 -0.80438494682312
vn 0.9652047753334 0.2421777844429 -0.0986392647028
vn 0.35987514257431 -0.00000000634238 -0.93300050497055
vn 0.92387956380844 -0.00000001382462 0.38268342614174
vn 0.91159325838089 0.16254311800003 -0.37759432196617
vn 0.69764536619186 0.1630390137434 -0.69764548540115
vn -0.04092732071877 -0.99426460266113 -0.09880730509758
vn 0.14614579081535 0.92420476675034 -0.35282710194588
vn -0.46023204922676 -0.75919228792191 0.46023204922676
vn -0.60240691900253 -0.75818413496017 0.24952508509159
vn -0.9238795042038 -0.0000000521269 -0.38268345594406
vn -0.02283487655222 -0.99973922967911 0
vn 0 0.22540660202503 0.97426480054855
vn -0.27238243818283 -0.00822213850915 -0.96215397119522
vn -0.94551557302475 0.09291880577803 0.3120359480381
vn -0.91910994052887 -0.00000002548103 -0.39400121569633
vn -0.86504524946213 0.04756385833025 0.4994341135025
vn 0.01741680875421 -0.70113897323608 -0.7128119468689
vn 0.670290350914 -0.53150719404221 -0.51789093017578
vn 0.18141660094261 -0.86718165874481 -0.46377149224281
vn 0.84992492198944 -0.14435943961143 -0.50674247741699
vn 0.77821642160416 -0.46311610937119 -0.42414930462837
vn 0 -0.5625382065773 -0.82677125930786
vn 0 -0.39018824696541 -0.92073512077332
vn -0.65086650848389 -0.75919222831726 0
vn 0.93964827060699 0.03495171666145 -0.34035208821297
vn -0.70705604553223 0.01197747141123 -0.70705604553223
vn -0.92381370067596 0.01194003224373 -0.38265615701675
vn -0.96466588973999 0.02119800075889 0.26262205839157
vn -0.9396350979805 0.02650964260101 0.34114971756935
vn -0.9061034321785 0.07946812361479 0.41552546620369
vn -0.38268339633942 0.00000071190732 -0.92387956380844
vn -0.04594261944294 0.99276733398438 -0.11091588437557
vn 0.9987478852272 -0.01914452947676 -0.0462188012898
vn 0.80053776502609 -0.09776894748211 -0.59125334024429
vn 0.99875569343567 -0.00000002561274 -0.04987102746964
vn 0.01595161110163 -0.40444904565811 -0.91442137956619
vn -0.04092732816935 -0.99426460266113 0.09880731254816
vn -0.86565166711807 -0.02937027439475 -0.49978449940681
vn 0.38268333673477 0.00000000037188 -0.92387956380844
vn -0.00000007608692 0.00000007389311 -1
vn 0.7479036450386 0.01743360981345 -0.66357833147049
vn 0.74994701147079 0.03138774633408 -0.66075277328491
vn -0.09312710911036 0.90656679868698 -0.41166001558304
vn -0.04769085720181 0.97636234760284 -0.21081314980984
vn -0.67152953147888 0.74097782373428 -0.00000002256688
vn -0.62147855758667 0.73993027210236 0.25742495059967
vn 0.99827581644058 -0.04153614491224 0.04147462919354
vn 0.9968878030777 -0.07883299142122 0.00032039222424
vn 0.99604475498199 -0.07737954705954 0.04367242008448
vn 0.99429684877396 -0.07541308552027 0.07540960609913
vn 0.99609303474426 -0.04335348680615 0.07693625241518
vn 0.00313313747756 0.927654504776 -0.37342646718025
vn 0.99875581264496 -0.03526208549738 0.03526152297854
vn 0.99874800443649 -0.04621701315045 0.01914258673787
vn -0.00000160080992 1 0.00000000760867
vn 0.99875581264496 -0.00000002700979 0.04986830428243
vn 0.99874800443649 -0.01914347149432 0.0462162643671
vn 0.00050736631965 -0.3842386007309 -0.92323368787766
vn 0.99875581264496 0.03526203334332 0.03526206314564
vn 0.99874800443649 0.01914347708225 0.04621635377407
vn 0.81627595424652 -0.02229803428054 -0.57723164558411
vn 0.99875569343567 0.04987016320229 -0.00000030688716
vn 0.99874800443649 0.0462168045342 0.019143268466
vn 0.94207882881165 0.33538600802422 0.00193579960614
vn 0.96908009052277 0.24674467742443 0.00088464195142
vn 0.07539010047913 -0.99430006742477 -0.07539010047913
vn -0.91420167684555 0 -0.40525954961777
vn -0.91420161724091 -0.00000004467031 -0.40525969862938
vn 0.05613338202238 -0.38208290934563 -0.92242163419724
vn 0.99931037425995 -0.03629127517343 -0.00785387679935
vn 0.70977032184601 0.02119792997837 0.70411419868469
vn -0.00000001124627 -0.83984780311584 -0.54282194375992
vn 0.20818783342838 -0.83907157182693 -0.50260990858078
vn 0.27997002005577 -0.6817375421524 -0.67590737342834
vn -0.00000005438709 -0.68287897109985 -0.73053151369095
vn 0.00000005326069 0.01197745930403 -0.99992829561234
vn -0.38265609741211 0.01194002386183 -0.92381370067596
vn 0.20448414981365 -0.02224160172045 -0.97861713171005
vn 0 0.97267711162567 -0.23216207325459
vn 0.41137129068375 -0.009730017744 -0.91141593456268
vn -0.89848357439041 0.29477140307426 0.3253261744976
vn -0.91880136728287 0.23193085193634 0.31939339637756
vn -0.20818777382374 -0.83907169103622 -0.50260972976685
vn -0.27997013926506 -0.68173712491989 -0.67590767145157
vn 0.29109501838684 -0.64914095401764 -0.70276576280594
vn 0.6695944070816 0.32138225436211 -0.66959452629089
vn 0.36249887943268 0.32048016786575 -0.87514972686768
vn 0.37759435176849 0.16254249215126 -0.91159337759018
vn 0.81549417972565 -0.01900026760995 -0.57845336198807
vn 0.00138591381256 -0.00340132298879 0.99999326467514
vn 0.05630919709802 -0.00000001521639 -0.99841338396072
vn -0.29109540581703 0.64914053678513 -0.70276594161987
vn 0.70071405172348 0.71344220638275 0
vn 0.64840650558472 0.71234434843063 -0.26857885718346
vn -0.09901449084282 -0.00971351563931 0.99503856897354
vn 0.95919233560562 0.00784315168858 -0.28264570236206
vn 0.95750707387924 0.03090108931065 -0.28674957156181
vn 0.90365791320801 0.24478271603584 -0.35140267014503
vn 0.94262099266052 0.3338580429554 0.00210663117468
vn 0.11006338894367 0.95774781703949 0.26571643352509
vn 0.10245250165462 0.96349638700485 0.24734216928482
vn 0.94551533460617 0.09292155504227 0.31203582882881
vn 0.86504513025284 0.04756616801023 0.49943405389786
vn 0.10498580336571 0.3718948662281 0.92231893539429
vn 0.099594630301 0.70359826087952 0.70358401536942
vn -0.64840638637543 0.71234440803528 -0.26857879757881
vn -0.07539009302855 -0.99430006742477 0.07539011538029
vn -0.38268333673477 0.00000013774456 -0.92387956380844
vn 0.09319587796926 0.07947148382664 -0.9924710392952
vn -1 0 -0.00000012173909
vn -0.79388159513474 0.50826054811478 0.33380118012428
vn -0.88884103298187 0.26928326487541 0.37073996663094
vn -0.99992829561234 0.01197745837271 -0.00000006086936
vn 0.33380115032196 0.50826048851013 -0.79388165473938
vn -0.19254140555859 0.00405152514577 0.9812805056572
vn 0.16577987372875 -0.90129607915878 -0.40022796392441
vn -0.25711861252785 0.07567516714334 -0.96341234445572
vn -0.31805518269539 0.05726709961891 -0.94634103775024
vn -0.00000000009459 0.99999934434891 -0.00113400351256
vn -0.00043532525888 0.99999934434891 -0.00105096807238
vn -0.67080909013748 0.31627574563026 -0.67080903053284
vn -0.56882905960083 0.59402620792389 -0.5688288807869
vn 0.82830399274826 0.18594010174274 -0.52852511405945
vn -0.00128453609068 0.80489474534988 0.59341621398926
vn 0.99931037425995 0.00785377528518 -0.0362913608551
vn -0.70710670948029 -0.00000000155628 0.70710682868958
vn -0.38268342614174 -0.00000001382462 0.92387956380844
vn 0.10498411953449 0.9223250746727 0.37188011407852
vn 0.74298870563507 0.09292014688253 0.66282242536545
vn 0.57816803455353 0.12914764881134 0.80563181638718
vn -0.00080186140258 0.99999934434891 -0.00080186151899
vn 0.49548003077507 0.71344172954559 0.49548006057739
vn 0.80931043624878 0.07833410799503 0.58213436603546
vn -0.26571646332741 0.95774775743484 -0.11006338894367
vn -0.00000000023283 0.99973928928375 0.02283268794417
vn -0.00876507814974 0.99973767995834 0.02116077020764
vn 0.00000000373268 0.95799517631531 0.28678435087204
vn 0.00000000559647 0.96371203660965 0.26694402098656
vn 0.3826562166214 0.0119198942557 -0.9238138794899
vn 0.38268342614174 -0.00000009524621 -0.9238795042038
vn -0.00000002282757 0.01195727009326 -0.99992853403091
vn 0.25742495059967 0.73993027210236 -0.62147855758667
vn 0.47484347224236 0.74097728729248 -0.47484350204468
vn -0.9238795042038 -0.00000009524621 -0.38268342614174
vn -0.9238138794899 0.0119198737666 -0.38265624642372
vn -0.70705622434616 0.01195723842829 -0.70705622434616
vn -0.70710676908493 0 -0.70710676908493
vn -0.70278990268707 0.11032926291227 -0.70278996229172
vn -0.91827422380447 0.10998852550983 -0.38036158680916
vn -0.99480599164963 -0.05351716279984 0.08658524602652
vn -0.99669373035431 -0.01447391696274 0.07995080202818
vn -0.99486398696899 -0.01014427281916 -0.10071115195751
vn -0.01615004427731 -0.99973917007446 -0.01615004613996
vn -0.02116481773555 -0.99973756074905 -0.00876891985536
vn -0.1109192147851 0.99276685714722 0.04594423249364
vn -0.41962531208992 0.11500612646341 0.90038228034973
vn -0.57816809415817 0.12914723157883 0.80563181638718
vn -0.38268342614174 0.00000009524621 -0.9238795042038
vn -0.3826562166214 0.01191988959908 -0.92381393909454
vn -0.92375957965851 -0.01611463539302 -0.38263377547264
vn -0.90982955694199 -0.17373536527157 -0.37686368823051
vn -0.00000001908564 0.1103294044733 -0.99389505386353
vn -0.38036158680916 0.10998860001564 -0.91827422380447
vn -0.92387956380844 -0.00000000201908 -0.38268342614174
vn -0.70710670948029 0 -0.70710682868958
vn -0.38268342614174 0.00000000201908 -0.9238795042038
vn 0.99939239025116 -0.03192776069045 -0.0139812072739
vn 0.00512124225497 -0.99949586391449 0.03133357316256
vn 0.01123476121575 -0.99956893920898 0.02712311595678
vn 0.38268342614174 -0.00000000201908 -0.9238795042038
vn 0.9238795042038 0.00000000201908 -0.38268342614174
vn -0.00113400351256 0.99999934434891 0
vn -0.38268357515335 0 0.9238795042038
vn -0.38268351554871 -0.00000007671471 0.9238795042038
vn -0.37130731344223 -0.00000002550766 0.92851001024246
vn -0.39400109648705 -0.00000007355045 0.91911000013351
vn -0.79704719781876 0.50568586587906 -0.3301477432251
vn -0.60954409837723 0.50686478614807 -0.60954415798187
vn -0.60240691900253 -0.75818413496017 -0.24952508509159
vn -0.76365679502487 -0.56282490491867 -0.31631696224213
vn -0.46023198962212 -0.75919228792191 -0.46023207902908
vn -0.58389687538147 -0.56402903795242 -0.58389693498611
vn 0.99957501888275 0.02915023639798 0
vn -0.00105096795596 0.99999934434891 -0.00043532514246
vn -0.08463233709335 0.99281150102615 0.08463235199451
vn -0.04594257473946 0.99276733398438 0.11091557890177
vn -0.38268342614174 0.00000000360656 0.92387956380844
vn -0.74298888444901 0.09291892498732 0.66282248497009
vn -0.62147837877274 0.73993045091629 -0.25742483139038
vn -0.38268345594406 -0.00000007671471 0.9238795042038
vn -0.33014768362045 0.50568598508835 -0.79704713821411
vn -0.00000000399905 0.50686490535736 -0.86202549934387
vn -0.24952507019043 -0.75818413496017 -0.60240685939789
vn -0.31631690263748 -0.5628250837326 -0.76365673542023
vn 0 -0.75919216871262 -0.65086650848389
vn 0.46022096276283 0.75920575857162 -0.46022096276283
vn 0.24951906502247 0.75819760560989 -0.60239237546921
vn 0.3301477432251 0.5056859254837 -0.79704719781876
vn 0.60954415798187 0.50686472654343 -0.60954415798187
vn 0 0.75920563936234 -0.65085083246231
vn 0.37672173976898 0.1737284809351 0.90988963842392
vn 0.00002132608097 0.17413911223412 0.98472106456757
vn 0.24952507019043 -0.75818413496017 -0.60240685939789
vn 0.46023201942444 -0.75919234752655 -0.46023201942444
vn -0.11006336659193 0.95774781703949 0.26571643352509
vn -0.10245247930288 0.9634964466095 0.24734212458134
vn 0.65085083246231 0.75920563936234 0
vn 0.60239243507385 0.75819754600525 -0.24951907992363
vn 0.79704719781876 0.5056859254837 -0.3301477432251
vn 0.86202555894852 0.50686484575272 0
vn -0.20278717577457 0.95799517631531 0.20278717577457
vn -0.1887579113245 0.96371203660965 0.1887579113245
vn 0.02838790789247 0.9983092546463 0.05072203651071
vn 0.04893346130848 0.99719554185867 0.05662629008293
vn 0 0.22540625929832 -0.9742648601532
vn -0.37686723470688 0.17363482713699 0.90984725952148
vn 0.9234893321991 0.02905919961631 0.38252183794975
vn 0.60240685939789 -0.75818413496017 -0.24952507019043
vn 0.65086650848389 -0.75919222831726 0
vn -0.09880727529526 -0.99426460266113 0.04092731326818
vn 0.99609273672104 -0.07694024592638 -0.04335229843855
vn -0.948650598526 -0.31632587313652 0
vn -0.80438500642776 -0.59410834312439 0
vn -0.9238795042038 0.00000002257159 0.38268345594406
vn -0.91910988092422 0.00000004491013 0.39400127530098
vn -0.92851006984711 -0.00000000003993 0.37130722403526
vn -0.92851006984711 0.00000007349756 0.37130722403526
vn -0.9238795042038 0.00000017879871 0.38268351554871
vn 0.35987517237663 0.00000000036554 0.93300044536591
vn -0.70710676908493 0.00000000436676 -0.70710682868958
vn -0.92387956380844 -0.00000000902359 -0.38268342614174
vn 0.42854678630829 -0.00640522269532 0.90349686145782
vn -0.92381370067596 0.01194002199918 0.38265615701675
vn -0.70705604553223 0.01197747047991 0.70705610513687
vn 0.96664386987686 -0.01029055099934 -0.25591737031937
vn 0.96253347396851 -0.01310852356255 -0.2708458006382
vn 0.33380112051964 0.50826066732407 0.79388153553009
vn 0.37073996663094 0.26928326487541 0.88884103298187
vn 0.6282354593277 0.45895591378212 0.62823534011841
vn 0.68595850467682 0.24273905158043 0.68595826625824
vn 0.70705610513687 0.01197747141123 0.70705598592758
vn 0.38265609741211 0.01194001920521 0.92381370067596
vn -0.00000006847803 0.01197745837271 0.99992829561234
vn -0.38265612721443 0.01194003224373 0.92381370067596
vn -0.99185061454773 -0.08049044758081 0.09876058995724
vn -1 0 0.00000003043477
vn -0.91420161724091 0 0.40525960922241
vn -0.75368469953537 0.58379501104355 0.30189859867096
vn -0.88368558883667 0.3066494166851 0.35364654660225
vn 0 -0.99973922967911 0.02283487655222
vn 0.00876676850021 -0.99973756074905 0.02116452343762
vn -0.93300050497055 -0.00000000005323 0.35987514257431
vn 0.01614705473185 -0.99973922967911 0.01614724099636
vn 0.9238795042038 0.00000009524621 -0.38268342614174
vn 0.62147867679596 0.73993009328842 -0.25742501020432
vn 0.96900194883347 0.00859475787729 -0.24690364301205
vn 0.24020738899708 -0.77846175432205 0.57991176843643
vn 0.16577988862991 -0.90129607915878 0.40022799372673
vn 0.44300299882889 -0.77942079305649 0.44300296902657
vn 0.30554270744324 -0.90182441473007 0.30554273724556
vn 0.00113400351256 0.99999934434891 -0.00000000008004
vn 0.00105096807238 0.99999934434891 -0.00043532525888
vn 0.88884109258652 0.26928317546844 0.37073996663094
vn 0.92381370067596 0.0119400350377 0.38265603780746
vn -0.9472022652626 0.03138750419021 -0.31909674406052
vn -0.35987517237663 -0.00000000005326 0.93300044536591
vn -0.00000006847824 -0.00000000855949 -1
vn -0.38268342614174 0.00000000484397 -0.9238795042038
vn 0.38036161661148 0.1099886521697 -0.91827422380447
vn -0.40525925159454 -0.00000004461861 0.91420179605484
vn 0.38268342614174 0.0006068223156 0.92387932538986
vn 0.70710670948029 0.00060889561428 0.70710664987564
vn 0.00080186151899 0.99999934434891 -0.00080186134437
vn 0.16764457523823 0.8989377617836 0.40472984313965
vn 0.44506949186325 0.40341702103615 0.79947972297668
vn 0.30898359417915 0.89947664737701 0.30898359417915
vn 0.10530254989862 0.96139591932297 0.25422284007072
vn 0.19401136040688 0.9616231918335 0.19401136040688
vn -0.91420167684555 0.0000000446703 0.40525949001312
vn -0.9238795042038 0.00000001227321 0.38268342614174
vn 0.29109445214272 -0.64914268255234 0.70276445150375
vn 0.91827422380447 0.10998871922493 0.38036158680916
vn 0.53716236352921 -0.65031784772873 0.53716224431992
vn -0.93300050497055 0.00000000005021 0.35987514257431
vn 0.26857876777649 -0.71234440803528 0.64840644598007
vn 0.05790130794048 0.99760687351227 -0.03778906911612
vn 0.66959756612778 -0.32136943936348 -0.66959744691849
vn -0.24951906502247 0.75819760560989 -0.60239237546921
vn -0.46022090315819 0.75920575857162 -0.46022102236748
vn -0.3625003695488 -0.32046830654144 0.87515342235565
vn -0.56758636236191 -0.0144738163799 0.82318663597107
vn -0.93300044536591 -0.00000000007986 0.35987517237663
vn 0.00000013178362 -0.99973922967911 -0.02283551171422
vn -0.00876891985536 -0.99973756074905 -0.0211648195982
vn 0.92384386062622 -0.02232365868986 -0.38211804628372
vn 0.97406554222107 -0.01302148494869 -0.2258909791708
vn -0.629026055336 0.7324201464653 0.26055109500885
vn 0.05613503605127 0.38208085298538 -0.92242240905762
vn -0.60239237546921 0.75819760560989 -0.24951907992363
vn 0.38268327713013 -0.00060697144363 0.92387938499451
vn 0.70710664987564 -0.00060888228472 0.70710664987564
vn 0.07274743169546 0.99407356977463 0.08078058809042
vn 0.05418900027871 0.99419611692429 0.09293892234564
vn 0.69584208726883 0.40976592898369 0.58982676267624
vn 0.589823782444 0.63727611303329 0.49597084522247
vn 0.37353211641312 0.62959742546082 0.68123483657837
vn -0.91043156385422 0.17000024020672 0.3771131336689
vn -0.92387932538986 0.00060682446929 0.38268342614174
vn 0.67590749263763 -0.68173736333847 0.27996999025345
vn 0 0.99999934434891 0.00113400351256
vn 0.00043532514246 0.99999934434891 0.00105096795596
vn 0.00080186140258 0.99999934434891 0.00080186140258
vn 0.56817770004272 -0.00640508253127 -0.82288092374802
vn 0.11129665374756 -0.95677423477173 0.26869344711304
vn -0.92324864864349 0.03694966062903 -0.38242202997208
vn -0.70662087202072 0.03706536069512 -0.70662087202072
vn -0.30620241165161 -0.59980607032776 0.73923796415329
vn -0.36306011676788 -0.31611278653145 0.87650442123413
vn 0 -0.00512945326045 0.9999868273735
vn 0.38267838954926 -0.0051134401001 0.92386746406555
vn 0.70709753036499 -0.00512947374955 0.70709747076035
vn 0.37061449885368 -0.24915996193886 -0.89474254846573
vn 0.92387956380844 0 0.38268336653709
vn -0.70578068494797 0.07567392289639 0.70437705516815
vn -0.66052836179733 0.05726646259427 0.74861389398575
vn 0.70710682868958 0.00000053244224 0.70710670948029
vn 0.38268342614174 0.00000032035274 0.92387956380844
vn 0.02116461656988 -0.99973756074905 0.0087665412575
vn 0.38268339633942 0 0.92387956380844
vn -0.00000012934778 0 1
vn 0.46022102236748 0.75920575857162 0.46022090315819
vn 0.57991188764572 -0.77846169471741 0.2402074187994
vn 0.40022796392441 -0.90129607915878 0.16577988862991
vn -0.99931281805038 0.03706533834338 0
vn 0.01302063185722 0.99815887212753 -0.05923969298601
vn 0.99675297737122 -0.00649544876069 -0.08025750517845
vn -0.35987517237663 0 -0.93300044536591
vn 0 -0.99938267469406 0.03513168171048
vn -0.74570691585541 0.00348498928361 -0.6662649512291
vn -0.58465033769608 -0.01014361344278 -0.81122195720673
vn 0.38268342614174 -0.00000002113374 -0.92387956380844
vn -0.38268342614174 0 0.92387956380844
vn -0.70710670948029 0 0.70710682868958
vn -0.81222122907639 -0.00971420574933 -0.58326858282089
vn -0.92387956380844 0 0.38268339633942
vn 0 0.9993634223938 0.03567619994283
vn -0.99672466516495 -0.00640547228977 -0.08061594516039
vn 0.79601764678955 -0.50758212804794 0.32972142100334
vn -0.00614536460489 -0.99998110532761 -0.00000569708163
vn -0.00579230161384 -0.99998027086258 -0.00243012979627
vn 0.9987478852272 0.01914450898767 -0.04621885344386
vn 0.99875569343567 0.03526394441724 -0.03526396304369
vn 0.79388171434402 0.50826036930084 0.33380118012428
vn 0.60239243507385 0.75819754600525 0.24951907992363
vn 0.79704713821411 0.50568598508835 0.33014771342278
vn -0.42887130379677 -0.00649567740038 0.90334224700928
vn 0.00004220446499 0.03701072186232 0.99931484460831
vn 0.38231438398361 0.03690427914262 0.92329508066177
vn 0.99693977832794 -0.07817277312279 -0.00029763445491
vn 0.70610439777374 0.03754698112607 0.70711153745651
vn 0.9238795042038 -0.0000001648915 0.38268348574638
vn 0 -1 -0.00000000760869
vn 0.35282710194588 0.92420476675034 0.14614580571651
vn 0.99910020828247 -0.02374405227602 0.03514331951737
vn 0.99816751480103 0.0274773389101 0.0539129935205
vn 0.70276600122452 0.64914047718048 0.29109537601471
vn 0.39400145411491 -0.00000004491012 -0.91910982131958
vn 0.40526020526886 -0.00000004467029 -0.91420137882233
vn 0.91043156385422 0.17000013589859 0.37711310386658
vn 0.92387938499451 0.00060707621742 0.38268336653709
vn 0.00051180477021 -0.3842306137085 0.92323702573776
vn 0.79588603973389 0.5078239440918 0.32966685295105
vn 0.9987478852272 0.0462186448276 -0.01914433576167
vn 0.57952964305878 0.77879512310028 0.24004906415939
vn 0.40472984313965 0.89893770217896 0.16764460504055
vn 0.25422284007072 0.96139591932297 0.10530257970095
vn 0.00043532517157 0.99999934434891 -0.00105096783955
vn -0.00434068357572 -0.99998110532761 -0.00434777094051
vn 0.92386746406555 -0.00511343730614 0.3826784491539
vn 0.99705874919891 -0.0748947635293 0.01626903191209
vn 0 -0.85009574890137 0.52662819623947
vn 0.70276594161987 -0.6491407752037 0.29109507799149
vn 0 -0.98948436975479 0.14463993906975
vn 0.91043150424957 -0.17000032961369 0.37711316347122
vn 0.92387932538986 -0.00060710898833 0.38268339633942
vn 0.11129635572433 -0.95677423477173 -0.26869356632233
vn 0.50260984897614 -0.83907163143158 0.20818783342838
vn -0.24734218418598 0.96349638700485 -0.10245251655579
vn 0.4052594602108 0.00000004461864 0.9142017364502
vn 0 0.8500782251358 -0.52665650844574
vn -0.70709753036499 -0.00512949610129 0.70709747076035
vn -0.3826784491539 -0.00511343730614 0.92386746406555
vn -0.92386746406555 -0.00511344196275 0.3826784491539
vn -0.93300050497055 -0.00000000219806 -0.35987514257431
vn 0.58465033769608 -0.01014370750636 -0.81122195720673
vn 0.74570697546005 0.00348485773429 -0.6662649512291
vn 0.01614724099636 -0.99973922967911 -0.01614705473185
vn 0.0087665412575 -0.99973756074905 -0.02116461656988
vn -0.70662093162537 0.03706536069512 0.70662087202072
vn -0.38241526484489 0.03694326430559 0.92325174808502
vn 0.94591498374939 -0.32441452145576 0.00007457244647
vn 0.79647082090378 -0.60467690229416 0.00010382538312
vn 0.87514925003052 0.32048162817955 -0.36249870061874
vn 0.30622553825378 0.59972524642944 0.73929393291473
vn 0.36306619644165 0.31606486439705 0.87651920318604
vn -0.30622383952141 0.59973120689392 0.73928982019424
vn -0.36306565999985 0.31606841087341 0.87651813030243
vn -0.73929333686829 0.59972608089447 0.30622535943985
vn -0.8765190243721 0.31606549024582 0.36306616663933
vn -0.02111667953432 0.99847638607025 0.05098017305136
vn 0.00000000052449 0.99848991632462 0.05493498966098
vn 0.87515377998352 -0.32046708464622 -0.36250060796738
vn 0.0174874458462 0.99841976165771 0.05340519174933
vn -0.0087664090097 -0.99973756074905 0.02116397954524
vn -0.56763619184494 -0.00592628261074 -0.82325822114944
vn 0.99429684877396 -0.07541309297085 -0.07540960609913
vn 0.02505108341575 0.99966144561768 -0.00703084422275
vn -0.42910742759705 -0.01447376050055 -0.90313750505447
vn 0.23869858682156 0.6266610622406 0.74183481931686
vn 0.03190164268017 0.994668841362 0.09806200116873
vn 0.00000000093153 0.99487245082855 0.10113776475191
vn 0 0.63058704137802 0.776118516922
vn -0.2973767220974 0.62939810752869 0.71793109178543
vn -0.03882387280464 0.99484044313431 0.09372911602259
vn 0.76405644416809 0.07973533123732 0.64020305871964
vn 0.9025850892067 0.24586029350758 0.35340183973312
vn -0.00043532514246 0.99999934434891 0.00105096795596
vn 0.00105096783955 0.99999934434891 0.00043532511336
vn 0.42910733819008 -0.01447377819568 -0.90313750505447
vn -0.0352299362421 -0.99937921762466 0
vn -0.27067649364471 0.00859551597387 0.96263200044632
vn -0.00032563487184 0.94366246461868 0.33090949058533
vn -0.92324864864349 0.03694965317845 0.38242202997208
vn -0.36249983310699 -0.32047325372696 -0.87515187263489
vn -0.62933337688446 0.01967558823526 0.77688628435135
vn 0.64840644598007 0.71234440803528 0.26857879757881
vn -0.0058571700938 -0.99997991323471 0.00242611882277
vn 0.92282670736313 0.03857218101621 0.38327938318253
vn 0.01187506597489 -0.99985897541046 0.01187506504357
vn 0.74862116575241 -0.58759969472885 0.30707168579102
vn 0.87983071804047 -0.30947712063789 0.36072394251823
vn 0.41948834061623 0.11527515202761 0.90041166543961
vn 0.31108149886131 0.07346497476101 0.94753956794739
vn 0.28410658240318 -0.66994976997375 0.68589413166046
vn -0.00000010553049 -0.67110514640808 0.7413621544838
vn 0.99693977832794 0.07817247509956 -0.00029605379677
vn -0.28410658240318 -0.66994971036911 0.68589413166046
vn -0.52422207593918 -0.67110532522202 0.52422219514847
vn 0.99705874919891 0.07489379495382 0.01627109572291
vn -0.685895383358 -0.66994839906693 0.28410688042641
# 3063 normals

vt 0.2641958296299 0.84625732898712 0
vt 0.2829641699791 0.84625136852264 0
vt 0.28296300768852 0.84461545944214 0
vt 0.26418659090996 0.84462511539459 0
vt 0.37772980332375 0.8037536740303 0
vt 0.39579936861992 0.8041650056839 0
vt 0.3916030228138 0.77949339151382 0
vt 0.37823179364204 0.78004282712936 0
vt 0.33904495835304 0.94245702028275 0
vt 0.35764759778976 0.94443202018738 0
vt 0.36200618743896 0.93539273738861 0
vt 0.35159215331078 0.9316873550415 0
vt 0.24549214541912 0.8447088599205 0
vt 0.24550402164459 0.84631550312042 0
vt 0.22688540816307 0.8463921546936 0
vt 0.22687880694866 0.84479463100433 0
vt 0.37565329670906 0.94475644826889 0
vt 0.37555700540543 0.93648755550385 0
vt 0.4130539894104 0.92439806461334 0
vt 0.41070902347565 0.94316071271896 0
vt 0.42120227217674 0.94365233182907 0
vt 0.42137321829796 0.92377173900604 0
vt 0.34169536828995 0.74977082014084 0
vt 0.36089825630188 0.74833464622498 0
vt 0.36052873730659 0.73418623209 0
vt 0.3413565158844 0.73390334844589 0
vt 0.42938214540482 0.94371575117111 0
vt 0.4295491874218 0.92384171485901 0
vt 0.41114288568497 0.89384704828262 0
vt 0.42163750529289 0.89308601617813 0
vt 0.24465693533421 0.78461718559265 0
vt 0.26233917474747 0.78464108705521 0
vt 0.25802156329155 0.77754867076874 0
vt 0.24470952153206 0.77485573291779 0
vt 0.26237079501152 0.79169416427612 0
vt 0.24473585188389 0.79190039634705 0
vt 0.4297958612442 0.89461100101471 0
vt 0.24532040953636 0.8223272562027 0
vt 0.22678795456886 0.82249546051025 0
vt 0.37991097569466 0.73492425680161 0
vt 0.37940329313278 0.74868309497833 0
vt 0.39361009001732 0.94476735591888 0
vt 0.39424213767052 0.9583660364151 0
vt 0.41036346554756 0.95844274759293 0
vt 0.37555092573166 0.95840841531754 0
vt 0.41512748599052 0.75215172767639 0
vt 0.42584136128426 0.75223255157471 0
vt 0.42655563354492 0.73738068342209 0
vt 0.41559821367264 0.73684293031692 0
vt 0.2639425098896 0.79581010341644 0
vt 0.26360362768173 0.79829257726669 0
vt 0.27682474255562 0.79591035842896 0
vt 0.27623304724693 0.79447662830353 0
vt 0.26282903552055 0.7973176240921 0
vt 0.26263266801834 0.94249111413956 0
vt 0.26417306065559 0.95767861604691 0
vt 0.28022775053978 0.95046252012253 0
vt 0.27665427327156 0.93986582756042 0
vt 0.35682058334351 0.95840090513229 0
vt 0.37090998888016 0.9600790143013 0
vt 0.26243361830711 0.79521811008453 0
vt 0.24469645321369 0.79574751853943 0
vt 0.24466176331043 0.79817736148834 0
vt 0.24550828337669 0.89184981584549 0
vt 0.24564379453659 0.89289039373398 0
vt 0.2644367814064 0.89309650659561 0
vt 0.26423996686935 0.89210915565491 0
vt 0.26487395167351 0.88787865638733 0
vt 0.24552771449089 0.88821995258331 0
vt 0.35061728954315 0.7678290605545 0
vt 0.35427495837212 0.76101100444794 0
vt 0.33902803063393 0.7685889005661 0
vt 0.26405915617943 0.82204985618591 0
vt 0.26405137777328 0.79114747047424 0
vt 0.2638190984726 0.78353768587112 0
vt 0.30223193764687 0.74879682064056 0
vt 0.28127458691597 0.74023401737213 0
vt 0.27743756771088 0.75086605548859 0
vt 0.28704828023911 0.75840270519257 0
vt 0.25883528590202 0.77618491649628 0
vt 0.37889641523361 0.75854235887527 0
vt 0.39199134707451 0.7600217461586 0
vt 0.39234709739685 0.75847327709198 0
vt 0.37895414233208 0.75692880153656 0
vt 0.24490739405155 0.80216699838638 0
vt 0.22670623660088 0.80250322818756 0
vt 0.40224069356918 0.76256287097931 0
vt 0.40122398734093 0.76362407207489 0
vt 0.40385869145393 0.76952993869782 0
vt 0.4052639901638 0.76956695318222 0
vt 0.40171480178833 0.77624297142029 0
vt 0.40076598525047 0.77514106035233 0
vt 0.39134266972542 0.77792406082153 0
vt 0.24474793672562 0.79937362670898 0
vt 0.22669498622417 0.79973304271698 0
vt 0.22648167610168 0.74706041812897 0
vt 0.24544253945351 0.74704426527023 0
vt 0.24548768997192 0.73258763551712 0
vt 0.22642201185226 0.73263090848923 0
vt 0.37827008962631 0.77841997146606 0
vt 0.36481663584709 0.77710264921188 0
vt 0.36448395252228 0.7786705493927 0
vt 0.35394304990768 0.77476370334625 0
vt 0.35494035482407 0.77367842197418 0
vt 0.35202273726463 0.76786231994629 0
vt 0.22648838162422 0.74869751930237 0
vt 0.24536910653114 0.74868500232697 0
vt 0.263018399477 0.74799287319183 0
vt 0.26275387406349 0.74960619211197 0
vt 0.35522425174713 0.7621431350708 0
vt 0.28530886769295 0.78786933422089 0
vt 0.28664267063141 0.78864043951035 0
vt 0.30096742510796 0.89134287834167 0
vt 0.30164778232574 0.86929965019226 0
vt 0.28290566802025 0.86919939517975 0
vt 0.28341591358185 0.88689041137695 0
vt 0.3595597743988 0.803182721138 0
vt 0.43579912185669 0.75270706415176 0
vt 0.43653783202171 0.73787641525269 0
vt 0.43487644195557 0.73779314756393 0
vt 0.43414175510406 0.75262701511383 0
vt 0.3407027721405 0.7993860244751 0
vt 0.36530819535255 0.75913536548614 0
vt 0.36505404114723 0.75755703449249 0
vt 0.26125147938728 0.96369779109955 0
vt 0.26433745026588 0.96371448040009 0
vt 0.26875919103622 0.95933508872986 0
vt 0.39863038063049 0.93212980031967 0
vt 0.3887235224247 0.93563055992126 0
vt 0.290044516325 0.77357739210129 0
vt 0.30148106813431 0.80009841918945 0
vt 0.30381187796593 0.76889353990555 0
vt 0.3987572491169 0.91840732097626 0
vt 0.4019770026207 0.92529356479645 0
vt 0.4131266772747 0.80117630958557 0
vt 0.41651725769043 0.77099448442459 0
vt 0.33697763085365 0.92368316650391 0
vt 0.34820830821991 0.92478168010712 0
vt 0.35173264145851 0.91794735193253 0
vt 0.33949357271194 0.89289164543152 0
vt 0.41033285856247 0.96457529067993 0
vt 0.42106187343597 0.96463143825531 0
vt 0.4210966527462 0.95850789546967 0
vt 0.26472860574722 0.73253071308136 0
vt 0.28569149971008 0.75914359092712 0
vt 0.2884493470192 0.77355575561523 0
vt 0.37538313865662 0.96451395750046 0
vt 0.37850669026375 0.96449625492096 0
vt 0.39422816038132 0.96451222896576 0
vt 0.39417749643326 0.98325860500336 0
vt 0.41025874018669 0.9833157658577 0
vt 0.3753390610218 0.98321920633316 0
vt 0.37847512960434 0.9832261800766 0
vt 0.41590198874474 0.73070597648621 0
vt 0.42686015367508 0.73125499486923 0
vt 0.42780658602715 0.71252357959747 0
vt 0.41688102483749 0.71195411682129 0
vt 0.31985005736351 0.94271147251129 0
vt 0.31972631812096 0.95796400308609 0
vt 0.33826860785484 0.95812058448792 0
vt 0.43612813949585 0.71290928125381 0
vt 0.43518739938736 0.73166924715042 0
vt 0.32195368409157 0.74897229671478 0
vt 0.32160401344299 0.76896846294403 0
vt 0.39777645468712 0.74960798025131 0
vt 0.30070418119431 0.94243305921555 0
vt 0.30120235681534 0.95780593156815 0
vt 0.39911997318268 0.73600804805756 0
vt 0.39942935109138 0.72985166311264 0
vt 0.38332587480545 0.72896373271942 0
vt 0.42097756266594 0.98336189985275 0
vt 0.429154753685 0.98339921236038 0
vt 0.4292403459549 0.96467506885529 0
vt 0.40045276284218 0.71106159687042 0
vt 0.38443997502327 0.71015882492065 0
vt 0.39411568641663 0.89004242420197 0
vt 0.3889288008213 0.91473454236984 0
vt 0.37726128101349 0.82319176197052 0
vt 0.35851520299912 0.82279241085052 0
vt 0.35812398791313 0.84529548883438 0
vt 0.37679797410965 0.8455958366394 0
vt 0.33969232439995 0.82244992256165 0
vt 0.33937871456146 0.84503602981567 0
vt 0.3762004673481 0.88972753286362 0
vt 0.37578612565994 0.91363716125488 0
vt 0.2266801148653 0.79606640338898 0
vt 0.22669017314911 0.79853057861328 0
vt 0.26486021280289 0.80139714479446 0
vt 0.24570159614086 0.95764744281769 0
vt 0.24571593105793 0.96371626853943 0
vt 0.22734054923058 0.95772325992584 0
vt 0.22736549377441 0.9637822508812 0
vt 0.41145715117455 0.85067093372345 0
vt 0.39540457725525 0.84753727912903 0
vt 0.39506113529205 0.87026482820511 0
vt 0.41114383935928 0.87192350625992 0
vt 0.37645369768143 0.87001872062683 0
vt 0.37677693367004 0.84721302986145 0
vt 0.26419216394424 0.86916154623032 0
vt 0.30176961421967 0.84632217884064 0
vt 0.41209813952446 0.822749376297 0
vt 0.42299172282219 0.81888461112976 0
vt 0.42367249727249 0.80245351791382 0
vt 0.41143774986267 0.84352958202362 0
vt 0.42235147953033 0.8354018330574 0
vt 0.42887848615646 0.82445693016052 0
vt 0.43140256404877 0.81354749202728 0
vt 0.43196025490761 0.80137550830841 0
vt 0.28271806240082 0.95778125524521 0
vt 0.30266481637955 0.92253220081329 0
vt 0.28931140899658 0.91762107610703 0
vt 0.28616145253181 0.93260836601257 0
vt 0.43685114383698 0.73175358772278 0
vt 0.2271520793438 0.91170132160187 0
vt 0.24564608931541 0.9117511510849 0
vt 0.24571585655212 0.90255039930344 0
vt 0.22711449861526 0.90248918533325 0
vt 0.27680975198746 0.89528638124466 0
vt 0.28629148006439 0.9025701880455 0
vt 0.25970867276192 0.90962171554565 0
vt 0.26448914408684 0.90277230739594 0
vt 0.24578748643398 0.89561957120895 0
vt 0.26460248231888 0.89584970474243 0
vt 0.33935737609863 0.84666562080383 0
vt 0.32057544589043 0.8464612364769 0
vt 0.32038480043411 0.8694144487381 0
vt 0.33910688757896 0.86959636211395 0
vt 0.22708587348461 0.89554530382156 0
vt 0.32022807002068 0.89062333106995 0
vt 0.42927539348602 0.95855969190598 0
vt 0.37865504622459 0.72820287942886 0
vt 0.38008171319962 0.72876155376434 0
vt 0.38126850128174 0.70998328924179 0
vt 0.37964367866516 0.70989567041397 0
vt 0.32222753763199 0.73354583978653 0
vt 0.37518367171288 0.73300749063492 0
vt 0.37445199489594 0.73165303468704 0
vt 0.36040690541267 0.73254960775375 0
vt 0.30311778187752 0.73324030637741 0
vt 0.32107949256897 0.80117058753967 0
vt 0.3413842022419 0.73225021362305 0
vt 0.28402456641197 0.73278540372849 0
vt 0.26953560113907 0.73087525367737 0
vt 0.27671131491661 0.75228750705719 0
vt 0.32225623726845 0.7318896651268 0
vt 0.42493477463722 0.77204591035843 0
vt 0.43320170044899 0.77241063117981 0
vt 0.22666409611702 0.7921234369278 0
vt 0.26378145813942 0.7944883108139 0
vt 0.22707070410252 0.891810297966 0
vt 0.22707483172417 0.89282685518265 0
vt 0.30315056443214 0.73159223794937 0
vt 0.28421863913536 0.73116439580917 0
vt 0.28296339511871 0.82197165489197 0
vt 0.27033695578575 0.72956931591034 0
vt 0.26128509640694 0.9822062253952 0
vt 0.26438415050507 0.98219883441925 0
vt 0.30189737677574 0.82202154397964 0
vt 0.30177599191666 0.84468519687653 0
vt 0.2835176885128 0.80434608459473 0
vt 0.24562232196331 0.94342917203903 0
vt 0.22728197276592 0.94351881742477 0
vt 0.22744239866734 0.98230612277985 0
vt 0.24576763808727 0.98224025964737 0
vt 0.26633235812187 0.70744162797928 0
vt 0.26469597220421 0.70744341611862 0
vt 0.26489782333374 0.72635781764984 0
vt 0.26635780930519 0.72588008642197 0
vt 0.2616408765316 0.72637844085693 0
vt 0.2266336530447 0.78467535972595 0
vt 0.22659303247929 0.7747517824173 0
vt 0.42779684066772 0.71052932739258 0
vt 0.43609222769737 0.71121281385422 0
vt 0.41684427857399 0.7099689245224 0
vt 0.39592561125755 0.82367235422134 0
vt 0.39535123109818 0.84595370292664 0
vt 0.42181357741356 0.87639945745468 0
vt 0.42205414175987 0.85951626300812 0
vt 0.42991778254509 0.88228118419647 0
vt 0.42801031470299 0.87105488777161 0
vt 0.24554578959942 0.86910510063171 0
vt 0.22697815299034 0.8691371679306 0
vt 0.22705680131912 0.88841104507446 0
vt 0.24481616914272 0.77313643693924 0
vt 0.22658601403236 0.77301692962646 0
vt 0.32000052928925 0.92284607887268 0
vt 0.26438561081886 0.7058077454567 0
vt 0.261235922575 0.70575273036957 0
vt 0.26150032877922 0.70745366811752 0
vt 0.22631850838661 0.70761907100677 0
vt 0.24539165198803 0.70753538608551 0
vt 0.24529418349266 0.70555734634399 0
vt 0.22631032764912 0.70564550161362 0
vt 0.22639672458172 0.72648131847382 0
vt 0.24547706544399 0.72642093896866 0
vt 0.43779301643372 0.71299266815186 0
vt 0.32081606984138 0.82220613956451 0
vt 0.3205897808075 0.84483122825623 0
vt 0.43485209345818 0.77248597145081 0
vt 0.36221614480019 0.91446077823639 0
vt 0.35820931196213 0.88965076208115 0
vt 0.35780307650566 0.8697874546051 0
vt 0.35809761285782 0.84691917896271 0
vt 0.43361300230026 0.80145037174225 0
vt 0.43303066492081 0.81379026174545 0
vt 0.43037980794907 0.82510626316071 0
vt 0.42348432540894 0.83654195070267 0
vt 0.41193822026253 0.84500777721405 0
vt 0.4005871117115 0.70909637212753 0
vt 0.38478997349739 0.70848697423935 0
vt 0.3816619515419 0.70837599039078 0
vt 0.18957515060902 0.84656155109406 0
vt 0.18957096338272 0.84492892026901 0
vt 0.17079488933086 0.84507238864899 0
vt 0.17080698907375 0.84670805931091 0
vt 0.07570577412844 0.80497407913208 0
vt 0.07501561194658 0.78127062320709 0
vt 0.06164309382439 0.78082668781281 0
vt 0.05764164403081 0.80552792549133 0
vt 0.11550433933735 0.94337475299835 0
vt 0.10286691784859 0.93270576000214 0
vt 0.09248116612434 0.93649637699127 0
vt 0.09691404551268 0.94550144672394 0
vt 0.208266466856 0.8464674949646 0
vt 0.20826549828053 0.84486031532288 0
vt 0.07890694588423 0.94597172737122 0
vt 0.07893688976765 0.93770062923431 0
vt 0.04133563116193 0.92590755224228 0
vt 0.03300939127803 0.9253471493721 0
vt 0.03333781659603 0.94523108005524 0
vt 0.04382977634668 0.944655418396 0
vt 0.11130292713642 0.75071310997009 0
vt 0.11151310056448 0.73484599590302 0
vt 0.09234840422869 0.73528343439102 0
vt 0.09209280461073 0.74943113327026 0
vt 0.02515612542629 0.94535917043686 0
vt 0.02483283542097 0.92548173666 0
vt 0.04300402849913 0.89533591270447 0
vt 0.03250164538622 0.89465826749802 0
vt 0.20861051976681 0.78476452827454 0
vt 0.20847781002522 0.77500408887863 0
vt 0.1951887011528 0.77780544757843 0
vt 0.19092902541161 0.78493249416351 0
vt 0.19095502793789 0.79198551177979 0
vt 0.20859102904797 0.79204821586609 0
vt 0.02435422502458 0.8962482213974 0
vt 0.2082547545433 0.82247817516327 0
vt 0.0729785785079 0.73617732524872 0
vt 0.07359571754932 0.74992728233337 0
vt 0.04429698735476 0.95993930101395 0
vt 0.06042243912816 0.95973414182663 0
vt 0.06094560027122 0.94612669944763 0
vt 0.07911956310272 0.95962697267532 0
vt 0.03791004791856 0.75367653369904 0
vt 0.03731945157051 0.73837643861771 0
vt 0.02637020498514 0.73900008201599 0
vt 0.02719994261861 0.75384074449539 0
vt 0.18941722810268 0.79611468315125 0
vt 0.17711704969406 0.79488182067871 0
vt 0.17653699219227 0.79632031917572 0
vt 0.18977648019791 0.79859411716461 0
vt 0.19054302573204 0.79761278629303 0
vt 0.19192345440388 0.94278275966644 0
vt 0.17787984013557 0.94027328491211 0
vt 0.17439365386963 0.95089966058731 0
vt 0.19050864875317 0.95798373222351 0
vt 0.08377557247877 0.96126037836075 0
vt 0.0978551581502 0.95946729183197 0
vt 0.20871643722057 0.79832446575165 0
vt 0.20866194367409 0.79589486122131 0
vt 0.1909211575985 0.7955105304718 0
vt 0.2086339443922 0.89200067520142 0
vt 0.18990503251553 0.89241319894791 0
vt 0.18971613049507 0.89340233802795 0
vt 0.20850697159767 0.89304214715958 0
vt 0.18923614919186 0.88818740844727 0
vt 0.20858462154865 0.88837170600891 0
vt 0.1025280430913 0.76883864402771 0
vt 0.11412116140127 0.76950562000275 0
vt 0.09881605952978 0.76205164194107 0
vt 0.18951439857483 0.82235372066498 0
vt 0.18927013874054 0.79145288467407 0
vt 0.18944031000137 0.78384160995483 0
vt 0.15075062215328 0.74941915273666 0
vt 0.16601069271564 0.75890016555786 0
vt 0.17555914819241 0.75128567218781 0
vt 0.17163532972336 0.74068665504456 0
vt 0.19436387717724 0.7764481306076 0
vt 0.07418098300695 0.75977998971939 0
vt 0.07411059737206 0.75816756486893 0
vt 0.06073315814137 0.75981724262238 0
vt 0.06110125035048 0.7613627910614 0
vt 0.20850311219692 0.80231589078903 0
vt 0.05087464675307 0.76398342847824 0
vt 0.05189905315638 0.76503670215607 0
vt 0.04790709167719 0.77100908756256 0
vt 0.04931161925197 0.77096140384674 0
vt 0.05150768905878 0.77765619754791 0
vt 0.05244759470224 0.77654701471329 0
vt 0.06189073249698 0.7792557477951 0
vt 0.20864011347294 0.79952108860016 0
vt 0.20735655725002 0.73274517059326 0
vt 0.20752094686031 0.7472009062767 0
vt 0.07496454566717 0.77964782714844 0
vt 0.08875015377998 0.77978909015656 0
vt 0.08840497583151 0.77822458744049 0
vt 0.09925811737776 0.77579832077026 0
vt 0.09825242310762 0.77472180128098 0
vt 0.10112281888723 0.76888310909271 0
vt 0.20760807394981 0.74884158372879 0
vt 0.18995393812656 0.74829465150833 0
vt 0.19023165106773 0.7499053478241 0
vt 0.09787637740374 0.7631910443306 0
vt 0.16798873245716 0.78834915161133 0
vt 0.16666080057621 0.78913033008575 0
vt 0.15316997468472 0.89194619655609 0
vt 0.1706859767437 0.88735061883926 0
vt 0.17105214297771 0.8696551322937 0
vt 0.15231050550938 0.86990761756897 0
vt 0.0938693806529 0.8042585849762 0
vt 0.01724918745458 0.75439220666885 0
vt 0.01890520751476 0.75429916381836 0
vt 0.01805603690445 0.73947685956955 0
vt 0.01639576256275 0.73957312107086 0
vt 0.11269383132458 0.80031180381775 0
vt 0.08801148831844 0.75868481397629 0
vt 0.08777019381523 0.76026475429535 0
vt 0.19347999989986 0.96397817134857 0
vt 0.18593621253967 0.95967757701874 0
vt 0.1903939396143 0.96402043104172 0
vt 0.05582362040877 0.93352657556534 0
vt 0.06576094031334 0.93694895505905 0
vt 0.1631376594305 0.77409684658051 0
vt 0.14933374524117 0.7695255279541 0
vt 0.15191726386547 0.80070793628693 0
vt 0.05242159590125 0.92671513557434 0
vt 0.05558687075973 0.91980183124542 0
vt 0.04029286280274 0.80267542600632 0
vt 0.0366677083075 0.77252441644669 0
vt 0.11741838604212 0.92458146810532 0
vt 0.11465396732092 0.89380645751953 0
vt 0.10261531919241 0.91896396875381 0
vt 0.1061949506402 0.92577075958252 0
vt 0.03356105834246 0.96008974313736 0
vt 0.0336445979774 0.96621459722519 0
vt 0.04437658935785 0.96607357263565 0
vt 0.18811644613743 0.73284727334976 0
vt 0.16737297177315 0.75962996482849 0
vt 0.1647325605154 0.7740626335144 0
vt 0.07621154934168 0.96574068069458 0
vt 0.07933692634106 0.96573305130005 0
vt 0.04459945484996 0.98481899499893 0
vt 0.06068517267704 0.98463451862335 0
vt 0.06048549339175 0.96588182449341 0
vt 0.07953010499477 0.98444384336472 0
vt 0.07639238983393 0.98447644710541 0
vt 0.03696767613292 0.73224365711212 0
vt 0.03584174439311 0.713507771492 0
vt 0.02492485009134 0.71416240930557 0
vt 0.02601807564497 0.73287886381149 0
vt 0.11640855669975 0.95903569459915 0
vt 0.13495209813118 0.95872592926025 0
vt 0.13470371067524 0.94347244501114 0
vt 0.01661075651646 0.71461313962936 0
vt 0.017697583884 0.73335802555084 0
vt 0.13154503703117 0.76974475383759 0
vt 0.13103376328945 0.74975526332855 0
vt 0.05523549392819 0.75099742412567 0
vt 0.15384913980961 0.94303768873215 0
vt 0.15347790718079 0.95841616392136 0
vt 0.06951772421598 0.73024642467499 0
vt 0.05342761799693 0.73126077651978 0
vt 0.05378540232778 0.73741263151169 0
vt 0.03387746214867 0.98495048284531 0
vt 0.02546405047178 0.96632343530655 0
vt 0.02569753862917 0.98505282402039 0
vt 0.05225656554103 0.71248596906662 0
vt 0.06825542449951 0.71145743131638 0
vt 0.06538822501898 0.91604942083359 0
vt 0.06000321358442 0.89139533042908 0
vt 0.07632814347744 0.82440692186356 0
vt 0.07696880400181 0.84680688381195 0
vt 0.09564112126827 0.84635800123215 0
vt 0.0950697734952 0.82385820150375 0
vt 0.11388927698135 0.8233659863472 0
vt 0.11438366025686 0.84594851732254 0
vt 0.07791797071695 0.89093714952469 0
vt 0.07852410525084 0.91484689712524 0
vt 0.18854524195194 0.80170863866806 0
vt 0.20901535451412 0.96386849880218 0
vt 0.20897945761681 0.95779913663864 0
vt 0.04234734922647 0.8521568775177 0
vt 0.04282903671265 0.8734090924263 0
vt 0.0588999800384 0.87162268161774 0
vt 0.0583764873445 0.84889543056488 0
vt 0.07750722765923 0.87122857570648 0
vt 0.0770024433732 0.848424077034 0
vt 0.1897648870945 0.86946523189545 0
vt 0.15200252830982 0.84693080186844 0
vt 0.02975819818676 0.80403447151184 0
vt 0.03056652285159 0.82045900821686 0
vt 0.04148981720209 0.8242381811142 0
vt 0.04231258109212 0.84501266479492 0
vt 0.03133532032371 0.83697038888931 0
vt 0.02472332865 0.82607662677765 0
vt 0.02211503684521 0.81518709659576 0
vt 0.02146341092885 0.80302059650421 0
vt 0.1719631254673 0.95823919773102 0
vt 0.15172579884529 0.92315125465393 0
vt 0.16831286251545 0.9330929517746 0
vt 0.1650400608778 0.91813039779663 0
vt 0.01603543572128 0.73345494270325 0
vt 0.20851390063763 0.90270268917084 0
vt 0.20865857601166 0.91190284490585 0
vt 0.16793785989285 0.90305471420288 0
vt 0.17736066877842 0.89569318294525 0
vt 0.19457957148552 0.90988832712173 0
vt 0.18974293768406 0.90307772159576 0
vt 0.20838575065136 0.89577275514603 0
vt 0.18957297503948 0.8961569070816 0
vt 0.1144176274538 0.84757763147354 0
vt 0.11485297977924 0.87050700187683 0
vt 0.13357424736023 0.87017381191254 0
vt 0.13319820165634 0.84722292423248 0
vt 0.1339018791914 0.8913825750351 0
vt 0.02538006193936 0.96020603179932 0
vt 0.07418075948954 0.72944843769073 0
vt 0.07304803282022 0.71115612983704 0
vt 0.07142438739538 0.71125656366348 0
vt 0.0727588608861 0.73001772165298 0
vt 0.13063456118107 0.73433369398117 0
vt 0.07768937200308 0.73422318696976 0
vt 0.07840975373983 0.73286354541779 0
vt 0.09245730191469 0.73364675045013 0
vt 0.14973808825016 0.73387259244919 0
vt 0.13232913613319 0.8019380569458 0
vt 0.11147218197584 0.73319429159164 0
vt 0.18329617381096 0.7312313914299 0
vt 0.1688239723444 0.7332609295845 0
vt 0.17629684507847 0.75270164012909 0
vt 0.13059221208096 0.73267871141434 0
vt 0.02825973927975 0.77364158630371 0
vt 0.01999780535698 0.7740706205368 0
vt 0.18956772983074 0.79479151964188 0
vt 0.14969159662724 0.73222440481186 0
vt 0.16861692070961 0.73164236545563 0
vt 0.17061074078083 0.82242965698242 0
vt 0.1824839413166 0.72993242740631 0
vt 0.19360001385212 0.98248696327209 0
vt 0.19050051271915 0.98250472545624 0
vt 0.15167747437954 0.82263278961182 0
vt 0.15198288857937 0.84529381990433 0
vt 0.16991370916367 0.80480974912643 0
vt 0.20894093811512 0.9435800909996 0
vt 0.20911693572998 0.98239195346832 0
vt 0.18630500137806 0.70777314901352 0
vt 0.18643203377724 0.72621041536331 0
vt 0.18789595365524 0.72667664289474 0
vt 0.1879416257143 0.70776152610779 0
vt 0.19115313887596 0.72667002677917 0
vt 0.02491928637028 0.71216887235641 0
vt 0.0166331268847 0.7129173874855 0
vt 0.0358635224402 0.71152263879776 0
vt 0.05766852200031 0.8250344991684 0
vt 0.05841769650578 0.84731078147888 0
vt 0.03181878849864 0.86108672618866 0
vt 0.03219332173467 0.87797069549561 0
vt 0.02413434535265 0.88391745090485 0
vt 0.02595308609307 0.87267446517944 0
vt 0.20841045677662 0.86925685405731 0
vt 0.20835749804974 0.77328509092331 0
vt 0.1343911588192 0.92360579967499 0
vt 0.18823798000813 0.70612275600433 0
vt 0.19113646447659 0.70774495601654 0
vt 0.19138756394386 0.70604175329208 0
vt 0.20732662081718 0.70571529865265 0
vt 0.20724521577358 0.70769292116165 0
vt 0.20731596648693 0.72657853364944 0
vt 0.01494715828449 0.71470946073532 0
vt 0.13317079842091 0.8455924987793 0
vt 0.13276189565659 0.82297050952911 0
vt 0.01834872551262 0.77415800094604 0
vt 0.0959105938673 0.89071655273438 0
vt 0.09210240840912 0.91556161642075 0
vt 0.09567990899086 0.84798145294189 0
vt 0.09615752100945 0.87084805965424 0
vt 0.01981108635664 0.80310827493668 0
vt 0.02048868127167 0.81544268131256 0
vt 0.02322728559375 0.82673716545105 0
vt 0.03021095134318 0.8381187915802 0
vt 0.04182345047593 0.8464949131012 0
vt 0.05210631713271 0.71052235364914 0
vt 0.07101814448833 0.70965349674225 0
vt 0.06789248436689 0.70978772640228 0
vt 0.22563141584396 0.63191252946854 0
vt 0.2404620796442 0.65444207191467 0
vt 0.28126072883606 0.61332857608795 0
vt 0.25902351737022 0.59844350814819 0
vt 0.65754854679108 0.58880215883255 0
vt 0.65799766778946 0.58970254659653 0
vt 0.65970700979233 0.58867067098618 0
vt 0.65966832637787 0.58740931749344 0
vt 0.68468391895294 0.12106120586395 0
vt 0.68461161851883 0.08101558685303 0
vt 0.6288166642189 0.08110892772675 0
vt 0.62887918949127 0.1211553812027 0
vt 0.46964630484581 0.80474936962128 0
vt 0.47334644198418 0.80033099651337 0
vt 0.47118625044823 0.79664844274521 0
vt 0.46838608384132 0.79890155792236 0
vt 0.65383303165436 0.67774474620819 0
vt 0.65418344736099 0.67892265319824 0
vt 0.6529375910759 0.67896747589111 0
vt 0.6525257229805 0.67801481485367 0
vt 0.32951244711876 0.24858164787292 0
vt 0.33998265862465 0.24855530261993 0
vt 0.33997640013695 0.24619090557098 0
vt 0.32950881123543 0.24621653556824 0
vt 0.55882745981216 0.35083830356598 0
vt 0.54955112934113 0.3509773015976 0
vt 0.54957896471024 0.35325694084167 0
vt 0.55889844894409 0.35308825969696 0
vt 0.55807191133499 0.96507734060287 0
vt 0.56152087450027 0.96160894632339 0
vt 0.56104838848114 0.96091818809509 0
vt 0.55737090110779 0.96461880207062 0
vt 0.65835124254227 0.5906897187233 0
vt 0.65906703472137 0.59145575761795 0
vt 0.66076695919037 0.59040802717209 0
vt 0.66005772352219 0.58964866399765 0
vt 0.49964559078217 0.96246802806854 0
vt 0.4996429681778 0.96466308832169 0
vt 0.49682712554932 0.96465915441513 0
vt 0.49683001637459 0.96246415376663 0
vt 0.56600379943848 0.95965105295181 0
vt 0.56583058834076 0.95883172750473 0
vt 0.12019395083189 0.24843454360962 0
vt 0.13068710267544 0.24845433235168 0
vt 0.13069115579128 0.24608469009399 0
vt 0.12020017206669 0.24606490135193 0
vt 0.35977450013161 0.50622791051865 0
vt 0.35939145088196 0.55308258533478 0
vt 0.38121661543846 0.54899561405182 0
vt 0.38143354654312 0.51074999570847 0
vt 0.41419020295143 0.57229596376419 0
vt 0.43693551421165 0.55736082792282 0
vt 0.42996245622635 0.53975665569305 0
vt 0.4033165872097 0.54482394456863 0
vt 0.14024640619755 0.24846196174622 0
vt 0.14025031030178 0.24609267711639 0
vt 0.46769845485687 0.80899852514267 0
vt 0.4676950275898 0.8142991065979 0
vt 0.46782073378563 0.81429886817932 0
vt 0.46782246232033 0.8090358376503 0
vt 0.46769523620605 0.81959933042526 0
vt 0.4678190946579 0.81956219673157 0
vt 0.47013953328133 0.81956267356873 0
vt 0.47014099359512 0.8142996430397 0
vt 0.47014251351357 0.80903702974319 0
vt 0.47379672527313 0.79965156316757 0
vt 0.4716192483902 0.79610371589661 0
vt 0.47599691152573 0.75470662117004 0
vt 0.47198760509491 0.75344699621201 0
vt 0.47210693359375 0.75405645370483 0
vt 0.47601237893105 0.75546026229858 0
vt 0.64348483085632 0.29856109619141 0
vt 0.62261956930161 0.29880321025848 0
vt 0.62264597415924 0.30056285858154 0
vt 0.6436739563942 0.30034720897675 0
vt 0.47006461024284 0.79171180725098 0
vt 0.4697003364563 0.79173493385315 0
vt 0.63504719734192 0.85098397731781 0
vt 0.63502150774002 0.85613989830017 0
vt 0.63557654619217 0.85614478588104 0
vt 0.63560318946838 0.85098385810852 0
vt 0.63495886325836 0.86129641532898 0
vt 0.63551479578018 0.86130571365356 0
vt 0.52849626541138 0.84113985300064 0
vt 0.5340188741684 0.84219360351562 0
vt 0.53401893377304 0.84138989448547 0
vt 0.52880501747131 0.84039509296417 0
vt 0.49984607100487 0.96874678134918 0
vt 0.49663051962852 0.96874356269836 0
vt 0.4966344833374 0.96598774194717 0
vt 0.49984857439995 0.96599161624908 0
vt 0.53954154253006 0.84114122390747 0
vt 0.53923308849335 0.84039628505707 0
vt 0.50624758005142 0.96569621562958 0
vt 0.50627678632736 0.96599733829498 0
vt 0.50306326150894 0.96599471569061 0
vt 0.5030905008316 0.96569406986237 0
vt 0.50630658864975 0.96569639444351 0
vt 0.50946319103241 0.9656982421875 0
vt 0.50949078798294 0.96599888801575 0
vt 0.53845238685608 0.81329536437988 0
vt 0.53851741552353 0.81423628330231 0
vt 0.53900706768036 0.8142215013504 0
vt 0.53921854496002 0.81356525421143 0
vt 0.12015191465616 0.26502096652985 0
vt 0.12017587572336 0.2555445432663 0
vt 0.10967177152634 0.25551021099091 0
vt 0.10963191092014 0.2649861574173 0
vt 0.62978219985962 0.86120754480362 0
vt 0.62984800338745 0.85609543323517 0
vt 0.62939524650574 0.85609132051468 0
vt 0.62933027744293 0.86119937896729 0
vt 0.62987095117569 0.85098361968994 0
vt 0.62941879034042 0.85098326206207 0
vt 0.66393887996674 0.6345688700676 0
vt 0.66380387544632 0.63425844907761 0
vt 0.66990214586258 0.63008671998978 0
vt 0.67119145393372 0.63304370641708 0
vt 0.66761392354965 0.62781310081482 0
vt 0.66356313228607 0.63401991128922 0
vt 0.66705042123795 0.67276275157928 0
vt 0.66808861494064 0.67276322841644 0
vt 0.66808706521988 0.67487591505051 0
vt 0.66704952716827 0.67487496137619 0
vt 0.48058298230171 0.96565341949463 0
vt 0.48076364398003 0.9646252989769 0
vt 0.48358243703842 0.9646332859993 0
vt 0.48374357819557 0.96566200256348 0
vt 0.69380742311478 0.50453650951386 0
vt 0.69369703531265 0.50773698091507 0
vt 0.69041520357132 0.50763350725174 0
vt 0.69052624702454 0.50441235303879 0
vt 0.69032347202301 0.51085537672043 0
vt 0.69360572099686 0.51093798875809 0
vt 0.6638160943985 0.63522171974182 0
vt 0.66394019126892 0.63490706682205 0
vt 0.67120206356049 0.63626956939697 0
vt 0.67002356052399 0.63927215337753 0
vt 0.65401315689087 0.5366877913475 0
vt 0.65404969453812 0.53991341590881 0
vt 0.65771359205246 0.53986746072769 0
vt 0.65767675638199 0.53665119409561 0
vt 0.57142019271851 0.21439480781555 0
vt 0.57300144433975 0.19161462783813 0
vt 0.51720297336578 0.19154214859009 0
vt 0.51860237121582 0.21432673931122 0
vt 0.69353556632996 0.51414012908936 0
vt 0.69025278091431 0.51407790184021 0
vt 0.69020116329193 0.51730054616928 0
vt 0.69348448514938 0.5173419713974 0
vt 0.53928768634796 0.35106873512268 0
vt 0.53930574655533 0.35334885120392 0
vt 0.50509494543076 0.33494246006012 0
vt 0.50175356864929 0.33623695373535 0
vt 0.50598031282425 0.34519791603088 0
vt 0.50759315490723 0.34500479698181 0
vt 0.63410019874573 0.81880557537079 0
vt 0.63420307636261 0.81925773620605 0
vt 0.63476061820984 0.81914156675339 0
vt 0.63459545373917 0.81871831417084 0
vt 0.29561215639114 0.33577799797058 0
vt 0.28354290127754 0.32704377174377 0
vt 0.28123503923416 0.32785296440125 0
vt 0.29226249456406 0.33705401420593 0
vt 0.70527893304825 0.92533886432648 0
vt 0.70527994632721 0.92683279514313 0
vt 0.7073922753334 0.92683160305023 0
vt 0.7073912024498 0.92533695697784 0
vt 0.51970332860947 0.35514605045319 0
vt 0.52905565500259 0.3551687002182 0
vt 0.52903211116791 0.35342288017273 0
vt 0.51970952749252 0.3534038066864 0
vt 0.55849969387054 0.26376032829285 0
vt 0.55853664875031 0.25451076030731 0
vt 0.54899609088898 0.25460505485535 0
vt 0.54908663034439 0.26405251026154 0
vt 0.62905484437943 0.88185077905655 0
vt 0.62931561470032 0.87654900550842 0
vt 0.62886106967926 0.87652641534805 0
vt 0.62844729423523 0.88166320323944 0
vt 0.53931999206543 0.35509300231934 0
vt 0.29491797089577 0.26624774932861 0
vt 0.29156422615051 0.26510667800903 0
vt 0.28082299232483 0.27457106113434 0
vt 0.28314140439034 0.27538239955902 0
vt 0.6295166015625 0.87143194675446 0
vt 0.62906366586685 0.8714160323143 0
vt 0.09641309082508 0.3002598285675 0
vt 0.0779844224453 0.30027890205383 0
vt 0.07804878056049 0.30205869674683 0
vt 0.09652193635702 0.30204391479492 0
vt 0.6276963353157 0.76444983482361 0
vt 0.62658023834229 0.76421546936035 0
vt 0.62655252218246 0.76934206485748 0
vt 0.62767070531845 0.76913058757782 0
vt 0.05706224218011 0.30209648609161 0
vt 0.05705382674932 0.30030286312103 0
vt 0.63496029376984 0.84067046642303 0
vt 0.63484734296799 0.83551228046417 0
vt 0.63373357057571 0.83554065227509 0
vt 0.63384532928467 0.84068918228149 0
vt 0.62936592102051 0.77349841594696 0
vt 0.62841016054153 0.77412462234497 0
vt 0.05886843428016 0.28375971317291 0
vt 0.03612658381462 0.28587639331818 0
vt 0.03607450425625 0.30027592182159 0
vt 0.50288331508636 0.94590091705322 0
vt 0.50094932317734 0.94590258598328 0
vt 0.50094890594482 0.945616543293 0
vt 0.50288331508636 0.94561439752579 0
vt 0.50923162698746 0.34960389137268 0
vt 0.50830870866776 0.35120046138763 0
vt 0.67143195867538 0.83067727088928 0
vt 0.66929686069489 0.83125710487366 0
vt 0.67021411657333 0.83475285768509 0
vt 0.67235118150711 0.83423411846161 0
vt 0.01526496838778 0.28575897216797 0
vt 0.01514158584177 0.30015993118286 0
vt 0.53743457794189 0.81001389026642 0
vt 0.5368880033493 0.8100563287735 0
vt 0.53806006908417 0.8135644197464 0
vt 0.65885543823242 0.43764388561249 0
vt 0.6588054895401 0.4346489906311 0
vt 0.6595573425293 0.43463551998138 0
vt 0.65960770845413 0.43763530254364 0
vt 0.91875284910202 0.01804947853088 0
vt 0.8613349199295 0.01791214942932 0
vt 0.86131888628006 0.02496981620789 0
vt 0.91873449087143 0.02511692047119 0
vt 0.4677942097187 0.75242781639099 0
vt 0.4719902575016 0.74976247549057 0
vt 0.46793141961098 0.7495973110199 0
vt 0.53887462615967 0.29932153224945 0
vt 0.52834320068359 0.29941737651825 0
vt 0.52842086553574 0.30118870735168 0
vt 0.53888833522797 0.30110049247742 0
vt 0.66509222984314 0.58657729625702 0
vt 0.66679918766022 0.58553564548492 0
vt 0.66608291864395 0.58477008342743 0
vt 0.6643825173378 0.5858182311058 0
vt 0.47605153918266 0.74999034404755 0
vt 0.67294281721115 0.86662817001343 0
vt 0.67264699935913 0.86660778522491 0
vt 0.67235666513443 0.87015581130981 0
vt 0.67264753580093 0.87018501758575 0
vt 0.67193901538849 0.87368488311768 0
vt 0.67139106988907 0.87719750404358 0
vt 0.67167872190475 0.8772474527359 0
vt 0.6722292304039 0.87372469902039 0
vt 0.63469725847244 0.83035218715668 0
vt 0.63358074426651 0.83039104938507 0
vt 0.50627559423447 0.96875178813934 0
vt 0.50306051969528 0.96875017881393 0
vt 0.66382622718811 0.58294701576233 0
vt 0.66400212049484 0.58222019672394 0
vt 0.66239184141159 0.58208483457565 0
vt 0.66188549995422 0.58308678865433 0
vt 0.36416509747505 0.26612091064453 0
vt 0.36751365661621 0.26496779918671 0
vt 0.36391314864159 0.25553584098816 0
vt 0.36222314834595 0.25554752349854 0
vt 0.63409680128098 0.88315445184708 0
vt 0.63406401872635 0.883345246315 0
vt 0.63450026512146 0.88336849212646 0
vt 0.63459146022797 0.88324177265167 0
vt 0.21341897547245 0.61336100101471 0
vt 0.17760449647903 0.62760674953461 0
vt 0.18168838322163 0.64935308694839 0
vt 0.35288602113724 0.28261709213257 0
vt 0.34011867642403 0.28368830680847 0
vt 0.34014871716499 0.30032420158386 0
vt 0.35321536660194 0.30029928684235 0
vt 0.63133674860001 0.92579853534698 0
vt 0.63142365217209 0.92563307285309 0
vt 0.63133096694946 0.92552983760834 0
vt 0.63123494386673 0.92578220367432 0
vt 0.14346830546856 0.28264451026917 0
vt 0.13970606029034 0.27371680736542 0
vt 0.13066831231117 0.2745099067688 0
vt 0.13067044317722 0.28366219997406 0
vt 0.47013491392136 0.85188770294189 0
vt 0.47013425827026 0.85414242744446 0
vt 0.47683116793633 0.85414278507233 0
vt 0.47683110833168 0.85188829898834 0
vt 0.12660202383995 0.08132839202881 0
vt 0.07079572230577 0.08128786087036 0
vt 0.07076279073954 0.12134146690369 0
vt 0.12657779455185 0.12138199806213 0
vt 0.01498975697905 0.08123600482941 0
vt 0.01494715828449 0.12128937244415 0
vt 0.51910078525543 0.96145129203796 0
vt 0.51594483852386 0.96145129203796 0
vt 0.51591747999191 0.96115076541901 0
vt 0.51913011074066 0.96115070581436 0
vt 0.59320551156998 0.77920365333557 0
vt 0.59268480539322 0.77463328838348 0
vt 0.58740365505219 0.77517062425613 0
vt 0.58808100223541 0.77980506420136 0
vt 0.54180419445038 0.81142842769623 0
vt 0.54057937860489 0.80972254276276 0
vt 0.4869812130928 0.9687277674675 0
vt 0.48376378417015 0.96872079372406 0
vt 0.48377040028572 0.96596318483353 0
vt 0.48698708415031 0.96597075462341 0
vt 0.09261778742075 0.42986381053925 0
vt 0.13656070828438 0.41242122650146 0
vt 0.13167855143547 0.38611078262329 0
vt 0.07778580486774 0.40733468532562 0
vt 0.18361546099186 0.41287660598755 0
vt 0.18914179503918 0.38684010505676 0
vt 0.5127347111702 0.96145087480545 0
vt 0.51270538568497 0.96115010976791 0
vt 0.51589047908783 0.96145129203796 0
vt 0.16526484489441 0.5402125120163 0
vt 0.16640251874924 0.53639417886734 0
vt 0.16182692348957 0.5349902510643 0
vt 0.16130802035332 0.53974831104279 0
vt 0.6227730512619 0.31472039222717 0
vt 0.64377617835999 0.3145534992218 0
vt 0.51170402765274 0.75643306970596 0
vt 0.51130294799805 0.76101565361023 0
vt 0.51177972555161 0.76089614629745 0
vt 0.51247102022171 0.75727164745331 0
vt 0.50628286600113 0.95817476511002 0
vt 0.50949466228485 0.95817708969116 0
vt 0.5094947218895 0.9583957195282 0
vt 0.50628268718719 0.95839333534241 0
vt 0.5127061009407 0.95817887783051 0
vt 0.51270592212677 0.95839720964432 0
vt 0.10483118891716 0.44841408729553 0
vt 0.11886928230524 0.46973764896393 0
vt 0.1453847438097 0.45917975902557 0
vt 0.14064548909664 0.43416714668274 0
vt 0.16788046061993 0.53269892930984 0
vt 0.16281600296497 0.53165066242218 0
vt 0.66849887371063 0.59169346094131 0
vt 0.66788256168365 0.59305489063263 0
vt 0.66956830024719 0.5933490395546 0
vt 0.67120206356049 0.59020239114761 0
vt 0.67962950468063 0.30357706546783 0
vt 0.68112361431122 0.30356657505035 0
vt 0.68110877275467 0.30145442485809 0
vt 0.67961454391479 0.30146479606628 0
vt 0.80406540632248 0.01779866218567 0
vt 0.80405080318451 0.02483487129211 0
vt 0.56209790706635 0.3182190656662 0
vt 0.56236851215363 0.30092883110046 0
vt 0.54935622215271 0.30102300643921 0
vt 0.54944032430649 0.31721651554108 0
vt 0.17389158904552 0.45928633213043 0
vt 0.17908316850662 0.43441951274872 0
vt 0.1591257750988 0.53088730573654 0
vt 0.1583679318428 0.53457885980606 0
vt 0.53901642560959 0.31727242469788 0
vt 0.44942834973335 0.52484554052353 0
vt 0.45702582597733 0.52642005681992 0
vt 0.46026533842087 0.51888638734818 0
vt 0.45386153459549 0.51454401016235 0
vt 0.48975822329521 0.76096677780151 0
vt 0.49094140529633 0.76080846786499 0
vt 0.49107757210732 0.75594061613083 0
vt 0.48938059806824 0.75638556480408 0
vt 0.47683447599411 0.81956434249878 0
vt 0.47683584690094 0.8143013715744 0
vt 0.48352935910225 0.81956511735916 0
vt 0.48353064060211 0.81430274248123 0
vt 0.4835316836834 0.80904066562653 0
vt 0.47683745622635 0.80903875827789 0
vt 0.79619008302689 0.19202947616577 0
vt 0.85198658704758 0.19216394424438 0
vt 0.85208743810654 0.15211713314056 0
vt 0.79628175497055 0.15198242664337 0
vt 0.55628335475922 0.97451841831207 0
vt 0.55627584457397 0.96962743997574 0
vt 0.55545377731323 0.96947157382965 0
vt 0.55546289682388 0.97468918561935 0
vt 0.51540887355804 0.30130040645599 0
vt 0.51528227329254 0.29952120780945 0
vt 0.4930302798748 0.75496202707291 0
vt 0.49220553040504 0.75069630146027 0
vt 0.13959795236588 0.35439479351044 0
vt 0.13025629520416 0.35446667671204 0
vt 0.13024260103703 0.35621654987335 0
vt 0.13961337506771 0.35613679885864 0
vt 0.30962193012238 0.26494145393372 0
vt 0.31904515624046 0.26514208316803 0
vt 0.31904479861259 0.25568640232086 0
vt 0.30949485301971 0.25568509101868 0
vt 0.47623065114021 0.73657965660095 0
vt 0.47217121720314 0.73652499914169 0
vt 0.63469517230988 0.8716117143631 0
vt 0.63484507799149 0.86645328998566 0
vt 0.63373190164566 0.8664243221283 0
vt 0.63357883691788 0.87157225608826 0
vt 0.63065439462662 0.83049249649048 0
vt 0.63080811500549 0.83561635017395 0
vt 0.09674786031246 0.28253376483917 0
vt 0.08997298032045 0.27435171604156 0
vt 0.08055577427149 0.27750408649445 0
vt 0.0786177739501 0.28432285785675 0
vt 0.46769082546234 0.87975066900253 0
vt 0.46781486272812 0.87971341609955 0
vt 0.46781381964684 0.87444740533829 0
vt 0.46768853068352 0.87444710731506 0
vt 0.56113660335541 0.96708256006241 0
vt 0.5598623752594 0.97030645608902 0
vt 0.56065845489502 0.9704577922821 0
vt 0.56181770563126 0.96752804517746 0
vt 0.55986720323563 0.97377073764801 0
vt 0.56066250801086 0.97360491752625 0
vt 0.48700529336929 0.95836120843887 0
vt 0.49021905660629 0.9583688378334 0
vt 0.49021300673485 0.96112376451492 0
vt 0.48699855804443 0.96111637353897 0
vt 0.49342721700668 0.96113020181656 0
vt 0.49343252182007 0.95837581157684 0
vt 0.53846806287766 0.24760711193085 0
vt 0.52800673246384 0.24768137931824 0
vt 0.52805137634277 0.25476908683777 0
vt 0.53852355480194 0.25469541549683 0
vt 0.79768669605255 0.21481442451477 0
vt 0.85050278902054 0.21494197845459 0
vt 0.5184742808342 0.24773800373077 0
vt 0.51850974559784 0.25482487678528 0
vt 0.55060905218124 0.8209468126297 0
vt 0.5506044626236 0.81873941421509 0
vt 0.54685759544373 0.81498956680298 0
vt 0.54622167348862 0.81562459468842 0
vt 0.42999476194382 0.52082717418671 0
vt 0.40341290831566 0.5153204202652 0
vt 0.67071241140366 0.88069677352905 0
vt 0.66918253898621 0.87669950723648 0
vt 0.66848939657211 0.88023239374161 0
vt 0.49664530158043 0.95838171243668 0
vt 0.49664101004601 0.96113574504852 0
vt 0.63067197799683 0.81943309307098 0
vt 0.63305002450943 0.8191887140274 0
vt 0.63297480344772 0.81856191158295 0
vt 0.63121491670609 0.81759232282639 0
vt 0.57545101642609 0.96140593290329 0
vt 0.57892864942551 0.96484923362732 0
vt 0.57962101697922 0.96437507867813 0
vt 0.57590740919113 0.96070349216461 0
vt 0.4535248875618 0.54645419120789 0
vt 0.44939595460892 0.53604990243912 0
vt 0.46606507897377 0.51308983564377 0
vt 0.46179181337357 0.50661391019821 0
vt 0.49985429644585 0.96114027500153 0
vt 0.49985799193382 0.95838642120361 0
vt 0.49981933832169 0.96569067239761 0
vt 0.49666199088097 0.9656867980957 0
vt 0.62951731681824 0.83053159713745 0
vt 0.63045710325241 0.82537114620209 0
vt 0.62931728363037 0.82541257143021 0
vt 0.48720249533653 0.96244579553604 0
vt 0.48702734708786 0.96141743659973 0
vt 0.49018532037735 0.96142446994782 0
vt 0.49001932144165 0.9624519944191 0
vt 0.54151743650436 0.84591525793076 0
vt 0.54309284687042 0.84438169002533 0
vt 0.54088515043259 0.84438753128052 0
vt 0.53931909799576 0.8459438085556 0
vt 0.15891019999981 0.33807921409607 0
vt 0.16950185596943 0.32931685447693 0
vt 0.16852626204491 0.32785964012146 0
vt 0.15748958289623 0.33707630634308 0
vt 0.53859752416611 0.26414430141449 0
vt 0.53867202997208 0.27358984947205 0
vt 0.54918158054352 0.27349650859833 0
vt 0.18455389142036 0.3209456205368 0
vt 0.1850778311491 0.32263779640198 0
vt 0.48928192257881 0.76084363460541 0
vt 0.48930516839027 0.76161915063858 0
vt 0.48975372314453 0.76176744699478 0
vt 0.47013464570045 0.86918169260025 0
vt 0.47013530135155 0.87444698810577 0
vt 0.47683358192444 0.87444579601288 0
vt 0.47683256864548 0.86918091773987 0
vt 0.36375492811203 0.3356271982193 0
vt 0.35940170288086 0.32738077640533 0
vt 0.35478919744492 0.33034884929657 0
vt 0.35628885030746 0.33720517158508 0
vt 0.58087730407715 0.96933776140213 0
vt 0.58169770240784 0.96916669607162 0
vt 0.66970264911652 0.87337791919708 0
vt 0.47013637423515 0.87971287965775 0
vt 0.47683480381966 0.87971132993698 0
vt 0.48698112368584 0.96894657611847 0
vt 0.48376306891441 0.96893966197968 0
vt 0.63160234689713 0.92544877529144 0
vt 0.63151413202286 0.92532956600189 0
vt 0.62938737869263 0.92215186357498 0
vt 0.62939202785492 0.92517846822739 0
vt 0.62973242998123 0.925177693367 0
vt 0.62974059581757 0.92215442657471 0
vt 0.5734555721283 0.96447539329529 0
vt 0.57301235198975 0.96515661478043 0
vt 0.57524693012238 0.96736770868301 0
vt 0.57591485977173 0.9669104218483 0
vt 0.50442010164261 0.34591865539551 0
vt 0.5072917342186 0.35227608680725 0
vt 0.66715055704117 0.59561234712601 0
vt 0.66642355918884 0.59442055225372 0
vt 0.09689707309008 0.31938028335571 0
vt 0.10958219319582 0.31829857826233 0
vt 0.10956995934248 0.30206251144409 0
vt 0.48395389318466 0.54047191143036 0
vt 0.48464533686638 0.54151093959808 0
vt 0.48827156424522 0.53787809610367 0
vt 0.48723858594894 0.53717821836472 0
vt 0.63393259048462 0.85098373889923 0
vt 0.63390868902206 0.84583693742752 0
vt 0.63098412752151 0.84586197137833 0
vt 0.63100707530975 0.85098361968994 0
vt 0.22489845752716 0.31658720970154 0
vt 0.245825111866 0.31658959388733 0
vt 0.24580934643745 0.30245292186737 0
vt 0.2248997092247 0.30246186256409 0
vt 0.30626291036606 0.28270649909973 0
vt 0.29946899414062 0.27456986904144 0
vt 0.29008439183235 0.27775478363037 0
vt 0.2881785929203 0.28456771373749 0
vt 0.49030461907387 0.53316551446915 0
vt 0.48908361792564 0.53290712833405 0
vt 0.65498661994934 0.6364511847496 0
vt 0.65497571229935 0.63322538137436 0
vt 0.66223758459091 0.63458782434464 0
vt 0.66223925352097 0.63492614030838 0
vt 0.54308623075485 0.91054064035416 0
vt 0.54086947441101 0.91052544116974 0
vt 0.53931307792664 0.91210341453552 0
vt 0.54151123762131 0.91207468509674 0
vt 0.48318502306938 0.80588436126709 0
vt 0.47687909007072 0.80574917793274 0
vt 0.47683793306351 0.80678498744965 0
vt 0.48353224992752 0.80678713321686 0
vt 0.63384395837784 0.86127710342407 0
vt 0.49649700522423 0.74992519617081 0
vt 0.49652940034866 0.73678684234619 0
vt 0.49246954917908 0.73677492141724 0
vt 0.4701432287693 0.80678337812424 0
vt 0.47712364792824 0.8025980591774 0
vt 0.4771713912487 0.80201494693756 0
vt 0.48354107141495 0.89700388908386 0
vt 0.47684237360954 0.89700895547867 0
vt 0.4768839776516 0.89804512262344 0
vt 0.48319426178932 0.89790737628937 0
vt 0.48110213875771 0.80353009700775 0
vt 0.48076730966568 0.80307799577713 0
vt 0.18112520873547 0.31864428520203 0
vt 0.16621567308903 0.32704997062683 0
vt 0.15413446724415 0.33580076694489 0
vt 0.47415897250175 0.95809757709503 0
vt 0.47736150026321 0.95811182260513 0
vt 0.47736066579819 0.95833021402359 0
vt 0.4741433262825 0.95831632614136 0
vt 0.48057681322098 0.95812344551086 0
vt 0.48057609796524 0.95834231376648 0
vt 0.12657465040684 0.15134131908417 0
vt 0.12659227848053 0.19139361381531 0
vt 0.18239566683769 0.19137489795685 0
vt 0.18238762021065 0.15132331848145 0
vt 0.46816891431808 0.79175245761871 0
vt 0.15732879936695 0.5396448969841 0
vt 0.48684731125832 0.75599372386932 0
vt 0.48659878969193 0.75685214996338 0
vt 0.48860868811607 0.7572181224823 0
vt 0.23819902539253 0.19136989116669 0
vt 0.23820027709007 0.15131866931915 0
vt 0.46964448690414 0.89904808998108 0
vt 0.46781957149506 0.89926838874817 0
vt 0.46782055497169 0.90453708171844 0
vt 0.46838468313217 0.90490305423737 0
vt 0.12815207242966 0.21417725086212 0
vt 0.18097423017025 0.21416068077087 0
vt 0.46769580245018 0.89923125505447 0
vt 0.4676950275898 0.90453726053238 0
vt 0.23664885759354 0.21415400505066 0
vt 0.18382783234119 0.21415936946869 0
vt 0.68927174806595 0.72139954566956 0
vt 0.6879335641861 0.72230631113052 0
vt 0.68898701667786 0.72269439697266 0
vt 0.68995302915573 0.72240900993347 0
vt 0.68754833936691 0.72146636247635 0
vt 0.68858760595322 0.72039276361465 0
vt 0.49321764707565 0.96245819330215 0
vt 0.49040099978447 0.96245300769806 0
vt 0.49023965001106 0.96142494678497 0
vt 0.49339717626572 0.96143090724945 0
vt 0.65463590621948 0.68008422851562 0
vt 0.65367096662521 0.67970162630081 0
vt 0.26846945285797 0.28408885002136 0
vt 0.24577407538891 0.28630387783051 0
vt 0.24580723047256 0.3006865978241 0
vt 0.2667336165905 0.30060768127441 0
vt 0.52063417434692 0.82067513465881 0
vt 0.5212527513504 0.82138669490814 0
vt 0.52140206098557 0.8213033080101 0
vt 0.52110254764557 0.82058918476105 0
vt 0.50698208808899 0.38611078262329 0
vt 0.50174570083618 0.41238284111023 0
vt 0.54529994726181 0.43067693710327 0
vt 0.56046116352081 0.40831983089447 0
vt 0.50053721666336 0.75811988115311 0
vt 0.50054919719696 0.75310385227203 0
vt 0.49649700522423 0.75375437736511 0
vt 0.49649214744568 0.75891542434692 0
vt 0.57841122150421 0.46437108516693 0
vt 0.60088115930557 0.44978606700897 0
vt 0.62729966640472 0.98438566923141 0
vt 0.6274009346962 0.98486572504044 0
vt 0.63215923309326 0.98279440402985 0
vt 0.63188284635544 0.98238956928253 0
vt 0.51744782924652 0.83688473701477 0
vt 0.52119785547256 0.8406298160553 0
vt 0.52183318138123 0.83999449014664 0
vt 0.51744079589844 0.83467727899551 0
vt 0.48840990662575 0.73673152923584 0
vt 0.48807039856911 0.75031632184982 0
vt 0.52494418621063 0.84437906742096 0
vt 0.52715224027634 0.84438562393188 0
vt 0.49363207817078 0.96245908737183 0
vt 0.49644854664803 0.96246361732483 0
vt 0.49644532799721 0.96465891599655 0
vt 0.49362885951996 0.96465450525284 0
vt 0.14011368155479 0.26484394073486 0
vt 0.13067157566547 0.26503765583038 0
vt 0.49514463543892 0.94589877128601 0
vt 0.49320992827415 0.94589698314667 0
vt 0.4932105243206 0.94561129808426 0
vt 0.49514517188072 0.94561237096786 0
vt 0.66237384080887 0.63523638248444 0
vt 0.65627574920654 0.63940781354904 0
vt 0.48353269696236 0.87970912456512 0
vt 0.4835316836834 0.87444400787354 0
vt 0.51270318031311 0.96897280216217 0
vt 0.50948935747147 0.9689719080925 0
vt 0.50948947668076 0.96875315904617 0
vt 0.51270282268524 0.96875423192978 0
vt 0.16520068049431 0.50130677223206 0
vt 0.15343832969666 0.50128924846649 0
vt 0.15694297850132 0.52202606201172 0
vt 0.16092185676098 0.52212971448898 0
vt 0.66948062181473 0.58763962984085 0
vt 0.66860347986221 0.58792984485626 0
vt 0.66846811771393 0.5895402431488 0
vt 0.66911387443542 0.58969616889954 0
vt 0.14250880479813 0.50564604997635 0
vt 0.15298645198345 0.5215625166893 0
vt 0.12006605416536 0.30207967758179 0
vt 0.12003211677074 0.31829285621643 0
vt 0.57729303836823 0.97008591890335 0
vt 0.57649767398834 0.9702513217926 0
vt 0.6775826215744 0.30359125137329 0
vt 0.67870527505875 0.30358350276947 0
vt 0.67869085073471 0.30147111415863 0
vt 0.67756760120392 0.30147898197174 0
vt 0.14360512793064 0.30214750766754 0
vt 0.13056093454361 0.3021080493927 0
vt 0.1304807215929 0.31834149360657 0
vt 0.14315804839134 0.31947410106659 0
vt 0.6340679526329 0.81861436367035 0
vt 0.632956802845 0.81829404830933 0
vt 0.32954254746437 0.26513135433197 0
vt 0.32952547073364 0.25567519664764 0
vt 0.56170850992203 0.98245042562485 0
vt 0.55823171138763 0.97900694608688 0
vt 0.55753868818283 0.97948122024536 0
vt 0.56125241518021 0.98315304517746 0
vt 0.66291040182114 0.63389766216278 0
vt 0.66259986162186 0.63403260707855 0
vt 0.65842860937119 0.62793403863907 0
vt 0.66138535737991 0.62664437294006 0
vt 0.15484470129013 0.26616430282593 0
vt 0.15294533967972 0.25555968284607 0
vt 0.14790004491806 0.25556564331055 0
vt 0.14735324680805 0.26424729824066 0
vt 0.13955062627792 0.3521386384964 0
vt 0.13025185465813 0.35218143463135 0
vt 0.1199649348855 0.35216999053955 0
vt 0.11996075510979 0.35445404052734 0
vt 0.55058264732361 0.88489693403244 0
vt 0.54683297872543 0.88115066289902 0
vt 0.54617118835449 0.88181227445602 0
vt 0.55056691169739 0.88711392879486 0
vt 0.39066603779793 0.28385138511658 0
vt 0.41334801912308 0.28597390651703 0
vt 0.41334238648415 0.28392004966736 0
vt 0.39407628774643 0.28154754638672 0
vt 0.47013741731644 0.8842231631279 0
vt 0.47013866901398 0.88948965072632 0
vt 0.4768385887146 0.88948678970337 0
vt 0.47683620452881 0.88422119617462 0
vt 0.11995685100555 0.35620224475861 0
vt 0.57733029127121 0.01762020587921 0
vt 0.57733237743378 0.0245395898819 0
vt 0.63363993167877 0.02455759048462 0
vt 0.63364362716675 0.0176112651825 0
vt 0.63121235370636 0.88436782360077 0
vt 0.62987154722214 0.8838906288147 0
vt 0.62847101688385 0.88750594854355 0
vt 0.62885874509811 0.8878755569458 0
vt 0.65566897392273 0.58858650922775 0
vt 0.6565465927124 0.58829629421234 0
vt 0.65668213367462 0.58668559789658 0
vt 0.65603649616241 0.58652931451797 0
vt 0.54308652877808 0.87740075588226 0
vt 0.54086965322495 0.87741637229919 0
vt 0.68999344110489 0.45783090591431 0
vt 0.68999248743057 0.46295428276062 0
vt 0.69408863782883 0.46295416355133 0
vt 0.69408905506134 0.45783090591431 0
vt 0.63502210378647 0.84582757949829 0
vt 0.65762835741043 0.53021717071533 0
vt 0.65761655569077 0.52700060606003 0
vt 0.65395206212997 0.52701020240784 0
vt 0.65396428108215 0.53023606538773 0
vt 0.63204967975616 0.92531740665436 0
vt 0.63221144676208 0.92542231082916 0
vt 0.63232588768005 0.92534363269806 0
vt 0.63208442926407 0.92521035671234 0
vt 0.63237857818604 0.92561632394791 0
vt 0.63250058889389 0.92554295063019 0
vt 0.29873591661453 0.35205745697021 0
vt 0.29644080996513 0.34604108333588 0
vt 0.29487571120262 0.34675359725952 0
vt 0.29771226644516 0.35312712192535 0
vt 0.2646986246109 0.32263779640198 0
vt 0.28026047348976 0.32930958271027 0
vt 0.26522198319435 0.32094693183899 0
vt 0.29084086418152 0.33805930614471 0
vt 0.67552655935287 0.30360555648804 0
vt 0.67657536268234 0.30359828472137 0
vt 0.67656111717224 0.30148613452911 0
vt 0.6755119562149 0.30149340629578 0
vt 0.4343433380127 0.31814575195312 0
vt 0.41344147920609 0.31825649738312 0
vt 0.41358828544617 0.32002031803131 0
vt 0.4343523979187 0.31990611553192 0
vt 0.5391594171524 0.33519840240479 0
vt 0.53923237323761 0.34426689147949 0
vt 0.54949253797531 0.3441971540451 0
vt 0.5494647026062 0.33514761924744 0
vt 0.7071418762207 0.98488616943359 0
vt 0.70798170566559 0.9845010638237 0
vt 0.70707565546036 0.98316299915314 0
vt 0.70606881380081 0.98384737968445 0
vt 0.4837951362133 0.75600874423981 0
vt 0.48372808098793 0.75690996646881 0
vt 0.50400829315186 0.26546561717987 0
vt 0.51146918535233 0.26351630687714 0
vt 0.51087909936905 0.25486052036285 0
vt 0.50584870576859 0.25488042831421 0
vt 0.29966893792152 0.35046541690826 0
vt 0.29805535078049 0.34585702419281 0
vt 0.6907194852829 0.30349957942963 0
vt 0.68967026472092 0.30350708961487 0
vt 0.68945342302322 0.30470514297485 0
vt 0.69097435474396 0.30469512939453 0
vt 0.68867188692093 0.30363404750824 0
vt 0.68786352872849 0.30441331863403 0
vt 0.49344909191132 0.96568208932877 0
vt 0.49660742282867 0.9656867980957 0
vt 0.6940878033638 0.46807754039764 0
vt 0.68999218940735 0.46807742118835 0
vt 0.48052376508713 0.96565318107605 0
vt 0.48055300116539 0.96595454216003 0
vt 0.47733348608017 0.96594524383545 0
vt 0.47736203670502 0.96564376354218 0
vt 0.23821353912354 0.08137023448944 0
vt 0.18240781128407 0.08135545253754 0
vt 0.18239185214043 0.12140798568726 0
vt 0.23820719122887 0.12142312526703 0
vt 0.90789669752121 0.12054026126862 0
vt 0.90778321027756 0.0804957151413 0
vt 0.8519914150238 0.08064711093903 0
vt 0.8520959019661 0.12069129943848 0
vt 0.5144819021225 0.75691670179367 0
vt 0.51423782110214 0.75605565309525 0
vt 0.51728922128677 0.75608825683594 0
vt 0.51735180616379 0.75698947906494 0
vt 0.5584614276886 0.2474250793457 0
vt 0.55843955278397 0.24506318569183 0
vt 0.54890948534012 0.2451548576355 0
vt 0.54892975091934 0.2475174665451 0
vt 0.65615463256836 0.63022249937057 0
vt 0.6623615026474 0.63427305221558 0
vt 0.90617096424103 0.21508824825287 0
vt 0.90778249502182 0.19231081008911 0
vt 0.85335618257523 0.21494925022125 0
vt 0.79619908332825 0.08078467845917 0
vt 0.79629200696945 0.1208291053772 0
vt 0.70977461338043 0.97042679786682 0
vt 0.70977413654327 0.96950256824493 0
vt 0.7076615691185 0.96950435638428 0
vt 0.7076621055603 0.97042834758759 0
vt 0.48353433609009 0.88421845436096 0
vt 0.48353710770607 0.8894836306572 0
vt 0.48585879802704 0.88948237895966 0
vt 0.4858558177948 0.88421720266342 0
vt 0.22667986154556 0.43146252632141 0
vt 0.24164545536041 0.40955448150635 0
vt 0.58220255374908 0.88169324398041 0
vt 0.58213585615158 0.88681900501251 0
vt 0.59640496969223 0.88701921701431 0
vt 0.59647244215012 0.88186419010162 0
vt 0.58205908536911 0.89194476604462 0
vt 0.59632796049118 0.89217305183411 0
vt 0.62885999679565 0.81408250331879 0
vt 0.62847226858139 0.81445270776749 0
vt 0.62987321615219 0.8180690407753 0
vt 0.66888272762299 0.58426481485367 0
vt 0.66955590248108 0.58614701032639 0
vt 0.67118936777115 0.5866567492485 0
vt 0.67007458209991 0.58353787660599 0
vt 0.23666709661484 0.05858445167542 0
vt 0.18384370207787 0.05857002735138 0
vt 0.1281656473875 0.0585435628891 0
vt 0.18098947405815 0.05856847763062 0
vt 0.63540941476822 0.97884827852249 0
vt 0.63581931591034 0.97911673784256 0
vt 0.6377244591713 0.97429049015045 0
vt 0.63724273443222 0.9741997718811 0
vt 0.35273361206055 0.31937515735626 0
vt 0.34893062710762 0.32797431945801 0
vt 0.59652888774872 0.87670993804932 0
vt 0.58225870132446 0.87656736373901 0
vt 0.70739358663559 0.92883116006851 0
vt 0.70528125762939 0.92883265018463 0
vt 0.39459535479546 0.32235610485077 0
vt 0.39406469464302 0.32066905498505 0
vt 0.50155413150787 0.51474702358246 0
vt 0.50568288564682 0.52515083551407 0
vt 0.5251168012619 0.52144420146942 0
vt 0.51814359426498 0.5038406252861 0
vt 0.50565057992935 0.53635549545288 0
vt 0.52508449554443 0.54037392139435 0
vt 0.48585423827171 0.87970834970474 0
vt 0.48585280776024 0.87444341182709 0
vt 0.46659180521965 0.5378845334053 0
vt 0.47015789151192 0.54148507118225 0
vt 0.47084873914719 0.54046684503555 0
vt 0.46762755513191 0.53721076250076 0
vt 0.69055789709091 0.01496613025665 0
vt 0.69019812345505 0.01764285564423 0
vt 0.74700462818146 0.01770663261414 0
vt 0.74667924642563 0.01502966880798 0
vt 0.47482243180275 0.5434662103653 0
vt 0.47506564855576 0.54225474596024 0
vt 0.52506071329117 0.75010800361633 0
vt 0.5291228890419 0.74989891052246 0
vt 0.52900665998459 0.73666226863861 0
vt 0.524946808815 0.736696600914 0
vt 0.04104648903012 0.50673460960388 0
vt 0.05922751128674 0.4633332490921 0
vt 0.03698921203613 0.44844996929169 0
vt 0.01494715828449 0.50151968002319 0
vt 0.35976457595825 0.35033011436462 0
vt 0.36135691404343 0.34571552276611 0
vt 0.35656434297562 0.34543442726135 0
vt 0.35642763972282 0.3518853187561 0
vt 0.48054537177086 0.96871292591095 0
vt 0.47732582688332 0.96870452165604 0
vt 0.68784880638123 0.30533719062805 0
vt 0.68923181295395 0.30590260028839 0
vt 0.70677429437637 0.97865706682205 0
vt 0.705850481987 0.9786365032196 0
vt 0.70527613162994 0.98001575469971 0
vt 0.70647269487381 0.98024475574493 0
vt 0.69122970104218 0.30589079856873 0
vt 0.49343314766884 0.95815712213516 0
vt 0.49664586782455 0.958163022995 0
vt 0.70766121149063 0.96838092803955 0
vt 0.70977300405502 0.96837985515594 0
vt 0.53318214416504 0.74975383281708 0
vt 0.53306573629379 0.73662626743317 0
vt 0.70738995075226 0.92329025268555 0
vt 0.70738881826401 0.92228358983994 0
vt 0.70527678728104 0.92228478193283 0
vt 0.70527750253677 0.92329216003418 0
vt 0.52509254217148 0.75482350587845 0
vt 0.52099865674973 0.75026017427444 0
vt 0.52105736732483 0.75566172599792 0
vt 0.59997761249542 0.31700551509857 0
vt 0.60171037912369 0.30074501037598 0
vt 0.63390839099884 0.85613030195236 0
vt 0.26674789190292 0.30239832401276 0
vt 0.28768607974052 0.30226743221283 0
vt 0.28761553764343 0.30049216747284 0
vt 0.70647311210632 0.98176616430283 0
vt 0.7080854177475 0.98248183727264 0
vt 0.70767027139664 0.98151868581772 0
vt 0.67100298404694 0.88075643777847 0
vt 0.15162916481495 0.25029957294464 0
vt 0.14789190888405 0.24846076965332 0
vt 0.7052755355835 0.98201388120651 0
vt 0.1001894697547 0.26474463939667 0
vt 0.10010164231062 0.25546789169312 0
vt 0.09244698286057 0.25542593002319 0
vt 0.09295081347227 0.26411294937134 0
vt 0.05889869481325 0.31839656829834 0
vt 0.07379394024611 0.32687270641327 0
vt 0.08075705170631 0.32443559169769 0
vt 0.07876484841108 0.31774282455444 0
vt 0.70754832029343 0.9794699549675 0
vt 0.70766961574554 0.98046946525574 0
vt 0.65394806861877 0.58602344989777 0
vt 0.65665119886398 0.58453232049942 0
vt 0.53844994306564 0.24524390697479 0
vt 0.48338282108307 0.50242483615875 0
vt 0.48182785511017 0.51001310348511 0
vt 0.48932960629463 0.51321411132812 0
vt 0.49366196990013 0.50682598352432 0
vt 0.49985817074776 0.95816785097122 0
vt 0.51910054683685 0.96570014953613 0
vt 0.51913052797318 0.96600079536438 0
vt 0.51591724157333 0.96600067615509 0
vt 0.51594430208206 0.96569979190826 0
vt 0.49507886171341 0.51899951696396 0
vt 0.46768936514854 0.86470973491669 0
vt 0.46772614121437 0.86692690849304 0
vt 0.46781408786774 0.86692702770233 0
vt 0.46781316399574 0.8646724820137 0
vt 0.46769082546234 0.83906751871109 0
vt 0.46768856048584 0.84436881542206 0
vt 0.46781399846077 0.84436899423599 0
vt 0.4678148329258 0.83910477161407 0
vt 0.48678779602051 0.96244478225708 0
vt 0.48678264021873 0.96464097499847 0
vt 0.48396477103233 0.96463406085968 0
vt 0.48397022485733 0.96243745088577 0
vt 0.65626728534698 0.591961145401 0
vt 0.65559440851212 0.59007865190506 0
vt 0.65396052598953 0.58956903219223 0
vt 0.6550754904747 0.59268826246262 0
vt 0.66187083721161 0.5910193324089 0
vt 0.6596622467041 0.59226715564728 0
vt 0.43419101834297 0.28589284420013 0
vt 0.43418118357658 0.28383719921112 0
vt 0.49299669265747 0.76018685102463 0
vt 0.48555880784988 0.90112888813019 0
vt 0.48591563105583 0.89798778295517 0
vt 0.48557579517364 0.89794945716858 0
vt 0.48387748003006 0.90058690309525 0
vt 0.51892292499542 0.96247863769531 0
vt 0.51610839366913 0.96247839927673 0
vt 0.46768996119499 0.84967052936554 0
vt 0.46781399846077 0.84963363409042 0
vt 0.51836055517197 0.94587737321854 0
vt 0.51642662286758 0.94587796926498 0
vt 0.51642632484436 0.94558882713318 0
vt 0.5184029340744 0.94559055566788 0
vt 0.51291227340698 0.96247792243958 0
vt 0.51572662591934 0.96247839927673 0
vt 0.47013464570045 0.84963363409042 0
vt 0.47013488411903 0.84436941146851 0
vt 0.47013548016548 0.8391056060791 0
vt 0.48059567809105 0.9613995552063 0
vt 0.4805668592453 0.96109807491302 0
vt 0.48378306627274 0.9611080288887 0
vt 0.48375505208969 0.96140873432159 0
vt 0.52871787548065 0.84594225883484 0
vt 0.53401851654053 0.84593999385834 0
vt 0.53401851654053 0.84504115581512 0
vt 0.26504719257355 0.28179609775543 0
vt 0.22490398585796 0.28630995750427 0
vt 0.20402939617634 0.28628551959991 0
vt 0.20398710668087 0.30067610740662 0
vt 0.22489942610264 0.30069851875305 0
vt 0.18131767213345 0.28405129909515 0
vt 0.18304558098316 0.30058836936951 0
vt 0.51595264673233 0.31858491897583 0
vt 0.49785447120666 0.31712770462036 0
vt 0.49990487098694 0.32378160953522 0
vt 0.50936478376389 0.32665407657623 0
vt 0.51587957143784 0.88867020606995 0
vt 0.51745814085007 0.88711386919022 0
vt 0.51744276285172 0.88489711284637 0
vt 0.51590901613235 0.88647210597992 0
vt 0.70405423641205 0.72198474407196 0
vt 0.70293128490448 0.72198563814163 0
vt 0.70293259620666 0.72409802675247 0
vt 0.70405554771423 0.72409683465958 0
vt 0.49901437759399 0.94590139389038 0
vt 0.49901401996613 0.94561487436295 0
vt 0.51000827550888 0.75598216056824 0
vt 0.5101203918457 0.7608528137207 0
vt 0.63337153196335 0.87671190500259 0
vt 0.63448220491409 0.87676894664764 0
vt 0.46782320737839 0.80452966690063 0
vt 0.4678241610527 0.80678260326386 0
vt 0.1592678129673 0.32458865642548 0
vt 0.14980588853359 0.32752192020416 0
vt 0.46769922971725 0.80456691980362 0
vt 0.46773585677147 0.80678248405457 0
vt 0.65856409072876 0.64168167114258 0
vt 0.66261446475983 0.63547474145889 0
vt 0.70200806856155 0.72409868240356 0
vt 0.7020069360733 0.72198629379272 0
vt 0.60396593809128 0.32095146179199 0
vt 0.62294501066208 0.31850373744965 0
vt 0.62279278039932 0.31674516201019 0
vt 0.60342508554459 0.31926822662354 0
vt 0.67264688014984 0.85239672660828 0
vt 0.67038267850876 0.85255110263824 0
vt 0.67058682441711 0.8561429977417 0
vt 0.67284047603607 0.85595071315765 0
vt 0.64377188682556 0.3165944814682 0
vt 0.64359664916992 0.31836211681366 0
vt 0.58518123626709 0.32554745674133 0
vt 0.58749538660049 0.32633233070374 0
vt 0.39063075184822 0.3183867931366 0
vt 0.37578076124191 0.3268426656723 0
vt 0.37809193134308 0.32764220237732 0
vt 0.4859781563282 0.87974584102631 0
vt 0.48597857356071 0.8744432926178 0
vt 0.25961652398109 0.46473324298859 0
vt 0.28175568580627 0.45015847682953 0
vt 0.03605893626809 0.30204117298126 0
vt 0.67222952842712 0.84527921676636 0
vt 0.67193967103958 0.84531891345978 0
vt 0.67235690355301 0.84884858131409 0
vt 0.67264747619629 0.84881937503815 0
vt 0.57602375745773 0.97677433490753 0
vt 0.57534241676331 0.97632819414139 0
vt 0.57311940193176 0.97856432199478 0
vt 0.57357752323151 0.97923439741135 0
vt 0.65965396165848 0.59338986873627 0
vt 0.66114813089371 0.59400594234467 0
vt 0.66132414340973 0.59327882528305 0
vt 0.485975086689 0.86914139986038 0
vt 0.48585093021393 0.86917865276337 0
vt 0.66415882110596 0.58157420158386 0
vt 0.66549587249756 0.58283627033234 0
vt 0.666155397892 0.58218884468079 0
vt 0.20004199445248 0.47057020664215 0
vt 0.21429906785488 0.44962179660797 0
vt 0.67143177986145 0.88832253217697 0
vt 0.6723507642746 0.88476717472076 0
vt 0.67021423578262 0.88424843549728 0
vt 0.66929763555527 0.88774341344833 0
vt 0.67314958572388 0.88120293617249 0
vt 0.65652930736542 0.41952741146088 0
vt 0.65668207406998 0.42253291606903 0
vt 0.65590393543243 0.42256617546082 0
vt 0.6557748913765 0.4194450378418 0
vt 0.67500150203705 0.96823561191559 0
vt 0.67516702413559 0.96406614780426 0
vt 0.66889762878418 0.96385252475739 0
vt 0.66873544454575 0.96795070171356 0
vt 0.66901570558548 0.95975238084793 0
vt 0.67528635263443 0.95989513397217 0
vt 0.13418592512608 0.51396322250366 0
vt 0.15184849500656 0.52538001537323 0
vt 0.12955272197723 0.52477395534515 0
vt 0.15037089586258 0.52907556295395 0
vt 0.67294281721115 0.85237646102905 0
vt 0.57302057743073 0.08118736743927 0
vt 0.51722282171249 0.08125197887421 0
vt 0.51726442575455 0.1213002204895 0
vt 0.57307225465775 0.12123513221741 0
vt 0.80371201038361 0.01510894298553 0
vt 0.74733793735504 0.01501858234406 0
vt 0.6627579331398 0.59414166212082 0
vt 0.66326427459717 0.59313917160034 0
vt 0.67535638809204 0.95572310686111 0
vt 0.66908437013626 0.95565211772919 0
vt 0.63557720184326 0.84582269191742 0
vt 0.63551664352417 0.84066092967987 0
vt 0.58230531215668 0.87144088745117 0
vt 0.59657549858093 0.87155532836914 0
vt 0.66993218660355 0.88417661190033 0
vt 0.66902315616608 0.88761007785797 0
vt 0.66910827159882 0.95155102014542 0
vt 0.67538118362427 0.95155042409897 0
vt 0.50121706724167 0.54665684700012 0
vt 0.51758712530136 0.55775773525238 0
vt 0.66416466236114 0.59269088506699 0
vt 0.6631321310997 0.59098076820374 0
vt 0.70739060640335 0.92441320419312 0
vt 0.70527821779251 0.92441487312317 0
vt 0.49328696727753 0.55458736419678 0
vt 0.50421065092087 0.57115513086319 0
vt 0.47118929028511 0.9071581363678 0
vt 0.47335028648376 0.90346992015839 0
vt 0.46816927194595 0.91206359863281 0
vt 0.46970397233963 0.91208016872406 0
vt 0.5732017159462 0.26492166519165 0
vt 0.57654100656509 0.26374912261963 0
vt 0.57288545370102 0.25434637069702 0
vt 0.57119649648666 0.25436854362488 0
vt 0.66292923688889 0.63559859991074 0
vt 0.66156715154648 0.64286029338837 0
vt 0.51869189739227 0.26407253742218 0
vt 0.52810913324356 0.26421689987183 0
vt 0.50307017564774 0.95839023590088 0
vt 0.50306791067123 0.96114385128021 0
vt 0.51697117090225 0.75035524368286 0
vt 0.50628042221069 0.96114659309387 0
vt 0.6831226348877 0.30355262756348 0
vt 0.68512231111526 0.30353844165802 0
vt 0.68510729074478 0.30142664909363 0
vt 0.68310862779617 0.30144011974335 0
vt 0.30656561255455 0.31947338581085 0
vt 0.29993006587029 0.32751035690308 0
vt 0.30455705523491 0.33045768737793 0
vt 0.31040558218956 0.32805788516998 0
vt 0.47990965843201 0.54344296455383 0
vt 0.47966748476028 0.54222726821899 0
vt 0.30308768153191 0.33732163906097 0
vt 0.31014385819435 0.33658587932587 0
vt 0.31017506122589 0.3520747423172 0
vt 0.30301317572594 0.35200464725494 0
vt 0.30296355485916 0.35406076908112 0
vt 0.31012684106827 0.35432541370392 0
vt 0.26864787936211 0.31864809989929 0
vt 0.67452830076218 0.92653524875641 0
vt 0.67421984672546 0.92237401008606 0
vt 0.66796696186066 0.92287254333496 0
vt 0.66827046871185 0.92696231603622 0
vt 0.50627499818802 0.96897035837173 0
vt 0.09868954867125 0.48992037773132 0
vt 0.0875196158886 0.51614665985107 0
vt 0.43426671624184 0.30202257633209 0
vt 0.41338020563126 0.3021057844162 0
vt 0.41342806816101 0.31622898578644 0
vt 0.43433392047882 0.31612992286682 0
vt 0.54419308900833 0.83798253536224 0
vt 0.5436247587204 0.83741390705109 0
vt 0.62978303432465 0.8407586812973 0
vt 0.62933069467545 0.8407666683197 0
vt 0.6293957233429 0.8458753824234 0
vt 0.62984830141068 0.84587168693542 0
vt 0.34923017024994 0.33650040626526 0
vt 0.5340124964714 0.91116541624069 0
vt 0.53401231765747 0.91210097074509 0
vt 0.63091903924942 0.84073972702026 0
vt 0.13391980528831 0.54748040437698 0
vt 0.14223609864712 0.55581337213516 0
vt 0.15363040566444 0.53816026449203 0
vt 0.14981578290462 0.53701615333557 0
vt 0.46768927574158 0.86914467811584 0
vt 0.46781322360039 0.86918169260025 0
vt 0.15305076539516 0.56046783924103 0
vt 0.34925672411919 0.34531271457672 0
vt 0.1402480751276 0.25556874275208 0
vt 0.48353984951973 0.89474904537201 0
vt 0.48586136102676 0.89474815130234 0
vt 0.65775805711746 0.54308390617371 0
vt 0.65409404039383 0.5431392788887 0
vt 0.55843412876129 0.65311640501022 0
vt 0.54375493526459 0.63099002838135 0
vt 0.5003667473793 0.64868229627609 0
vt 0.50554531812668 0.6748114824295 0
vt 0.65726721286774 0.58317089080811 0
vt 0.65558165311813 0.58287698030472 0
vt 0.65706032514572 0.43168294429779 0
vt 0.65630477666855 0.43170666694641 0
vt 0.65620231628418 0.42869079113007 0
vt 0.65696048736572 0.42866015434265 0
vt 0.55818498134613 0.27261233329773 0
vt 0.65682870149612 0.42560887336731 0
vt 0.65605735778809 0.42564654350281 0
vt 0.51257574558258 0.33644473552704 0
vt 0.51400607824326 0.32957541942596 0
vt 0.51962524652481 0.33566951751709 0
vt 0.51983904838562 0.32714331150055 0
vt 0.12955357134342 0.53654772043228 0
vt 0.15027184784412 0.53305965662003 0
vt 0.48598524928093 0.89478516578674 0
vt 0.48598408699036 0.88948261737823 0
vt 0.48597994446754 0.88417959213257 0
vt 0.66751706600189 0.58280515670776 0
vt 0.66781109571457 0.58111935853958 0
vt 0.66466420888901 0.57948577404022 0
vt 0.70739609003067 0.93232434988022 0
vt 0.70739507675171 0.93082970380783 0
vt 0.70528274774551 0.93083137273788 0
vt 0.70528382062912 0.93232578039169 0
vt 0.52178817987442 0.88890737295151 0
vt 0.5168177485466 0.89397084712982 0
vt 0.52082222700119 0.8939705491066 0
vt 0.69070476293564 0.30138742923737 0
vt 0.68965536355972 0.30139470100403 0
vt 0.35964664816856 0.27445638179779 0
vt 0.36903876066208 0.27760529518127 0
vt 0.37596982717514 0.27520751953125 0
vt 0.51270377635956 0.966000020504 0
vt 0.51591640710831 0.96875464916229 0
vt 0.66324901580811 0.63389611244202 0
vt 0.66461116075516 0.62663424015045 0
vt 0.31904336810112 0.27459359169006 0
vt 0.32956030964851 0.27458477020264 0
vt 0.31002336740494 0.27379775047302 0
vt 0.37907168269157 0.32909274101257 0
vt 0.5127335190773 0.9656994342804 0
vt 0.51588952541351 0.96569979190826 0
vt 0.64948344230652 0.76033639907837 0
vt 0.65119338035584 0.76469361782074 0
vt 0.65231245756149 0.76448333263397 0
vt 0.65044069290161 0.75971210002899 0
vt 0.66548120975494 0.58881670236588 0
vt 0.66544234752655 0.58755546808243 0
vt 0.66518849134445 0.58770459890366 0
vt 0.66515451669693 0.58873784542084 0
vt 0.66327863931656 0.58520698547363 0
vt 0.6631994843483 0.58553349971771 0
vt 0.66413396596909 0.5859757065773 0
vt 0.66326785087585 0.63559693098068 0
vt 0.66357809305191 0.63546222448349 0
vt 0.66774982213974 0.6415604352951 0
vt 0.66479307413101 0.64284986257553 0
vt 0.693454682827 0.52054440975189 0
vt 0.69017165899277 0.52052366733551 0
vt 0.55893206596375 0.35482954978943 0
vt 0.5664381980896 0.35431885719299 0
vt 0.56605523824692 0.35274839401245 0
vt 0.57089495658875 0.95962661504745 0
vt 0.57104808092117 0.95880371332169 0
vt 0.15464040637016 0.25555515289307 0
vt 0.15293790400028 0.24845778942108 0
vt 0.24118383228779 0.01806509494781 0
vt 0.18487656116486 0.01811957359314 0
vt 0.18488271534443 0.02506232261658 0
vt 0.24119247496128 0.02498614788055 0
vt 0.57025933265686 0.35070192813873 0
vt 0.57129377126694 0.35176062583923 0
vt 0.68459606170654 0.19179713726044 0
vt 0.74039334058762 0.19190728664398 0
vt 0.74047601222992 0.15186047554016 0
vt 0.68467092514038 0.15175020694733 0
vt 0.18303042650223 0.30238032341003 0
vt 0.20398363471031 0.30244290828705 0
vt 0.70739769935608 0.93437206745148 0
vt 0.70739674568176 0.93324863910675 0
vt 0.70528435707092 0.93324983119965 0
vt 0.70528537034988 0.93437331914902 0
vt 0.12838016450405 0.01815140247345 0
vt 0.12838345766068 0.02511489391327 0
vt 0.5997998714447 0.28247666358948 0
vt 0.60319322347641 0.28015279769897 0
vt 0.58736342191696 0.27309596538544 0
vt 0.58505570888519 0.27393019199371 0
vt 0.59114748239517 0.73329216241837 0
vt 0.59104943275452 0.73789066076279 0
vt 0.594611287117 0.73776209354401 0
vt 0.59470063447952 0.7335906624794 0
vt 0.59101498126984 0.74249017238617 0
vt 0.59457463026047 0.74229490756989 0
vt 0.59460610151291 0.73812276124954 0
vt 0.65394806861877 0.52378422021866 0
vt 0.65761226415634 0.52378398180008 0
vt 0.50713342428207 0.24962890148163 0
vt 0.51085150241852 0.24777519702911 0
vt 0.51083648204803 0.24541413784027 0
vt 0.50582104921341 0.24779880046844 0
vt 0.50607192516327 0.96247434616089 0
vt 0.50325697660446 0.96247214078903 0
vt 0.50309455394745 0.96144467592239 0
vt 0.50625061988831 0.9614474773407 0
vt 0.51845985651016 0.24537539482117 0
vt 0.5191302895546 0.96875506639481 0
vt 0.52468520402908 0.88464367389679 0
vt 0.52185410261154 0.88181257247925 0
vt 0.31903678178787 0.28372943401337 0
vt 0.48352992534637 0.86917948722839 0
vt 0.48352932929993 0.86467051506042 0
vt 0.48585006594658 0.86467063426971 0
vt 0.48584938049316 0.85940587520599 0
vt 0.48352843523026 0.85940647125244 0
vt 0.36853465437889 0.33788740634918 0
vt 0.36710965633392 0.3368889093399 0
vt 0.3295778632164 0.28371381759644 0
vt 0.52894884347916 0.88174653053284 0
vt 0.52715539932251 0.87741684913635 0
vt 0.16213929653168 0.30046582221985 0
vt 0.16206786036491 0.30224323272705 0
vt 0.70739924907684 0.93642824888229 0
vt 0.70739859342575 0.93537926673889 0
vt 0.70528614521027 0.93538093566895 0
vt 0.70528692007065 0.93642944097519 0
vt 0.36883467435837 0.32441461086273 0
vt 0.37082076072693 0.31773924827576 0
vt 0.66082292795181 0.67487066984177 0
vt 0.65978467464447 0.67487043142319 0
vt 0.6597865819931 0.67275750637054 0
vt 0.66082376241684 0.67275810241699 0
vt 0.50676333904266 0.95543277263641 0
vt 0.50676387548447 0.95572036504745 0
vt 0.50482565164566 0.95572054386139 0
vt 0.50482583045959 0.95543450117111 0
vt 0.49321377277374 0.9646537899971 0
vt 0.49338963627815 0.96568202972412 0
vt 0.49023124575615 0.96567642688751 0
vt 0.4903966486454 0.96464860439301 0
vt 0.6648405790329 0.58673071861267 0
vt 0.66103935241699 0.58559572696686 0
vt 0.66119295358658 0.58584725856781 0
vt 0.66216689348221 0.58549910783768 0
vt 0.6620180606842 0.58524507284164 0
vt 0.31904244422913 0.24859249591827 0
vt 0.50006031990051 0.96246862411499 0
vt 0.49988368153572 0.96144086122513 0
vt 0.50304043292999 0.96144443750381 0
vt 0.50287526845932 0.96247154474258 0
vt 0.30950218439102 0.24859213829041 0
vt 0.5265194773674 0.8459130525589 0
vt 0.50675243139267 0.94589793682098 0
vt 0.50481802225113 0.94590044021606 0
vt 0.50481814146042 0.94561487436295 0
vt 0.50675219297409 0.94561153650284 0
vt 0.51682716608047 0.73676288127899 0
vt 0.51276731491089 0.73679023981094 0
vt 0.51304113864899 0.7503759264946 0
vt 0.65229773521423 0.76960867643356 0
vt 0.65117967128754 0.76937437057495 0
vt 0.50890457630157 0.75073623657227 0
vt 0.50870728492737 0.7368141412735 0
vt 0.15027920901775 0.27449667453766 0
vt 0.15967661142349 0.27769410610199 0
vt 0.16663208603859 0.27532351016998 0
vt 0.61764669418335 0.98258298635483 0
vt 0.61409687995911 0.97906702756882 0
vt 0.61369293928146 0.97934406995773 0
vt 0.61737900972366 0.98299396038055 0
vt 0.59320491552353 0.70577996969223 0
vt 0.59268456697464 0.71035015583038 0
vt 0.59620410203934 0.71052896976471 0
vt 0.59665721654892 0.70638161897659 0
vt 0.59222024679184 0.71492719650269 0
vt 0.59577351808548 0.71504032611847 0
vt 0.59616708755493 0.71088671684265 0
vt 0.51254630088806 0.35317933559418 0
vt 0.51218914985657 0.35475671291351 0
vt 0.67452871799469 0.976567029953 0
vt 0.67478799819946 0.97240263223648 0
vt 0.66852509975433 0.97204637527466 0
vt 0.66827046871185 0.97613996267319 0
vt 0.566166639328 0.25442790985107 0
vt 0.56571179628372 0.2630900144577 0
vt 0.56982839107513 0.24913811683655 0
vt 0.56608378887177 0.2473441362381 0
vt 0.46142342686653 0.0813022851944 0
vt 0.4614545404911 0.1213515996933 0
vt 0.39532279968262 0.58465403318405 0
vt 0.485974162817 0.86470758914948 0
vt 0.48597520589828 0.85940611362457 0
vt 0.48740521073341 0.94589138031006 0
vt 0.48736301064491 0.94560474157333 0
vt 0.48933956027031 0.94560104608536 0
vt 0.48933973908424 0.94589066505432 0
vt 0.68610334396362 0.2145824432373 0
vt 0.73891878128052 0.21468663215637 0
vt 0.79458832740784 0.21480798721313 0
vt 0.74177277088165 0.21469235420227 0
vt 0.51974439620972 0.35115277767181 0
vt 0.51258319616318 0.35112404823303 0
vt 0.66289812326431 0.67487245798111 0
vt 0.66186034679413 0.67487174272537 0
vt 0.66186159849167 0.67275881767273 0
vt 0.66289955377579 0.67275941371918 0
vt 0.56931048631668 0.34912025928497 0
vt 0.57087433338165 0.3444983959198 0
vt 0.56608146429062 0.3442450761795 0
vt 0.56598389148712 0.35069394111633 0
vt 0.67512506246567 0.85222834348679 0
vt 0.67482131719589 0.84859979152679 0
vt 0.52902227640152 0.35114216804504 0
vt 0.54311501979828 0.81123560667038 0
vt 0.3571894466877 0.25557589530945 0
vt 0.35668134689331 0.26424169540405 0
vt 0.48597267270088 0.85410451889038 0
vt 0.48584866523743 0.85414201021194 0
vt 0.36088621616364 0.25030529499054 0
vt 0.35714945197105 0.24848663806915 0
vt 0.67313188314438 0.86306434869766 0
vt 0.67284017801285 0.86305373907089 0
vt 0.48352792859077 0.85414230823517 0
vt 0.47734990715981 0.96108710765839 0
vt 0.54736179113388 0.82228863239288 0
vt 0.54841130971909 0.82781219482422 0
vt 0.55125921964645 0.82781422138214 0
vt 0.32964786887169 0.31829333305359 0
vt 0.32966747879982 0.32712256908417 0
vt 0.34003785252571 0.32713615894318 0
vt 0.34007605910301 0.31829798221588 0
vt 0.14372174441814 0.30036342144012 0
vt 0.37666788697243 0.5968291759491 0
vt 0.33320012688637 0.55793899297714 0
vt 0.35419869422913 0.6114137172699 0
vt 0.35334622859955 0.02479159832001 0
vt 0.29733371734619 0.02489185333252 0
vt 0.29766181111336 0.02753031253815 0
vt 0.35299971699715 0.02743208408356 0
vt 0.24154904484749 0.02762997150421 0
vt 0.29701465368271 0.02753698825836 0
vt 0.33378794789314 0.50077676773071 0
vt 0.39246073365211 0.30214023590088 0
vt 0.64327538013458 0.2842081785202 0
vt 0.62248194217682 0.28444981575012 0
vt 0.46000009775162 0.54220199584961 0
vt 0.46473127603531 0.53315007686615 0
vt 0.45698773860931 0.53460848331451 0
vt 0.10950938612223 0.30028581619263 0
vt 0.10954387485981 0.28361332416534 0
vt 0.2397475540638 0.21415400505066 0
vt 0.29256787896156 0.21416199207306 0
vt 0.29400050640106 0.19137811660767 0
vt 0.34824225306511 0.21418261528015 0
vt 0.34980249404907 0.19139957427979 0
vt 0.29542201757431 0.21416282653809 0
vt 0.63221257925034 0.92635703086853 0
vt 0.6319854259491 0.92645424604416 0
vt 0.63204848766327 0.92657387256622 0
vt 0.63228923082352 0.92647272348404 0
vt 0.63180297613144 0.92647832632065 0
vt 0.63178390264511 0.92657679319382 0
vt 0.63723105192184 0.96920299530029 0
vt 0.63771116733551 0.96910226345062 0
vt 0.63563412427902 0.96434706449509 0
vt 0.63523024320602 0.96462416648865 0
vt 0.61209607124329 0.9744884967804 0
vt 0.61161553859711 0.97458910942078 0
vt 0.69066834449768 0.72079682350159 0
vt 0.69091594219208 0.72199404239655 0
vt 0.59568816423416 0.50811856985092 0
vt 0.62187999486923 0.5032622218132 0
vt 0.59530502557755 0.55497390031815 0
vt 0.62129163742065 0.5604253411293 0
vt 0.46781915426254 0.94835203886032 0
vt 0.4691044986248 0.94541823863983 0
vt 0.47159549593925 0.9471275806427 0
vt 0.47078439593315 0.94897973537445 0
vt 0.47303158044815 0.94570422172546 0
vt 0.47137862443924 0.94316363334656 0
vt 0.63191670179367 0.92590737342834 0
vt 0.63208538293838 0.92616361379623 0
vt 0.63230812549591 0.92599093914032 0
vt 0.63217711448669 0.92573869228363 0
vt 0.63239198923111 0.9261879324913 0
vt 0.63248598575592 0.92602968215942 0
vt 0.632468521595 0.92584753036499 0
vt 0.34982046484947 0.08136177062988 0
vt 0.34826484322548 0.05857729911804 0
vt 0.29544273018837 0.05858659744263 0
vt 0.29401844739914 0.08137249946594 0
vt 0.63168048858643 0.96110743284225 0
vt 0.63194751739502 0.96069645881653 0
vt 0.23976519703865 0.05858445167542 0
vt 0.29258915781975 0.05858671665192 0
vt 0.15988330543041 0.52719616889954 0
vt 0.15642407536507 0.52678430080414 0
vt 0.15543493628502 0.53012335300446 0
vt 0.349460542202 0.26486802101135 0
vt 0.34909173846245 0.27372455596924 0
vt 0.35504052042961 0.27132761478424 0
vt 0.51317691802979 0.27058243751526 0
vt 0.51914495229721 0.27291929721832 0
vt 0.47805416584015 0.31796658039093 0
vt 0.47464308142662 0.32028222084045 0
vt 0.49068164825439 0.32709872722626 0
vt 0.49298322200775 0.32627809047699 0
vt 0.6899938583374 0.43733894824982 0
vt 0.68999373912811 0.44246137142181 0
vt 0.69408947229385 0.44246160984039 0
vt 0.69408941268921 0.43733894824982 0
vt 0.65872675180435 0.58180493116379 0
vt 0.66060894727707 0.58113211393356 0
vt 0.66111862659454 0.5794991850853 0
vt 0.65799993276596 0.58061337471008 0
vt 0.47013929486275 0.82181656360626 0
vt 0.46781969070435 0.82181590795517 0
vt 0.16158095002174 0.28451800346375 0
vt 0.69360572099686 0.53655564785004 0
vt 0.69369697570801 0.5397572517395 0
vt 0.69041496515274 0.53986001014709 0
vt 0.69032311439514 0.53663861751556 0
vt 0.45524570345879 0.31805682182312 0
vt 0.45523980259895 0.3160285949707 0
vt 0.48556518554688 0.80584132671356 0
vt 0.48386660218239 0.80320662260056 0
vt 0.46773135662079 0.82181602716446 0
vt 0.49127534031868 0.94589352607727 0
vt 0.49127611517906 0.94560712575912 0
vt 0.47077569365501 0.95100182294846 0
vt 0.4678048491478 0.95155471563339 0
vt 0.46781542897224 0.88422358036041 0
vt 0.46781685948372 0.88949036598206 0
vt 0.57039880752563 0.98062205314636 0
vt 0.57023018598557 0.97982579469681 0
vt 0.46769151091576 0.88418626785278 0
vt 0.46769136190414 0.88949030637741 0
vt 0.6677411198616 0.58936411142349 0
vt 0.66672867536545 0.59102547168732 0
vt 0.66785144805908 0.59103405475616 0
vt 0.51588183641434 0.89397096633911 0
vt 0.5473547577858 0.83333390951157 0
vt 0.55059999227524 0.83468037843704 0
vt 0.55215698480606 0.83311522006989 0
vt 0.55215781927109 0.82781493663788 0
vt 0.69851279258728 0.72198837995529 0
vt 0.69651371240616 0.72198987007141 0
vt 0.69651508331299 0.72410213947296 0
vt 0.69851404428482 0.72410053014755 0
vt 0.47411435842514 0.96593517065048 0
vt 0.47410547733307 0.96869456768036 0
vt 0.46811193227768 0.73646932840347 0
vt 0.50306063890457 0.96896862983704 0
vt 0.49984577298164 0.9689656496048 0
vt 0.49809122085571 0.52659273147583 0
vt 0.49805298447609 0.53478145599365 0
vt 0.34926789999008 0.35198652744293 0
vt 0.55216431617737 0.82251411676407 0
vt 0.50860345363617 0.27375328540802 0
vt 0.69042128324509 0.71960014104843 0
vt 0.49341911077499 0.96598291397095 0
vt 0.16843539476395 0.52475863695145 0
vt 0.18433140218258 0.51429414749146 0
vt 0.17601539194584 0.50596141815186 0
vt 0.16462104022503 0.52361351251602 0
vt 0.66210156679153 0.58120739459991 0
vt 0.65568494796753 0.43768966197968 0
vt 0.65563052892685 0.43471884727478 0
vt 0.65639418363571 0.43470013141632 0
vt 0.65644484758377 0.4376767873764 0
vt 0.66009789705276 0.44360494613647 0
vt 0.66008216142654 0.44658935070038 0
vt 0.65962553024292 0.44658720493317 0
vt 0.65964162349701 0.44360506534576 0
vt 0.57321161031723 0.33439934253693 0
vt 0.57822316884995 0.32316052913666 0
vt 0.56881093978882 0.32618165016174 0
vt 0.67315018177032 0.83779942989349 0
vt 0.67100310325623 0.83824592828751 0
vt 0.58016872406006 0.31647610664368 0
vt 0.65979510545731 0.42548584938049 0
vt 0.65988332033157 0.42856335639954 0
vt 0.65941500663757 0.42857706546783 0
vt 0.65932071208954 0.4255028963089 0
vt 0.67290562391281 0.85950243473053 0
vt 0.67319786548614 0.85950255393982 0
vt 0.0858540982008 0.33567357063293 0
vt 0.08826247602701 0.34578323364258 0
vt 0.09306533634663 0.34549856185913 0
vt 0.09333775937557 0.33725106716156 0
vt 0.69297188520432 0.72199243307114 0
vt 0.6919652223587 0.72199332714081 0
vt 0.6919664144516 0.72410506010056 0
vt 0.69297343492508 0.72410482168198 0
vt 0.36297214031219 0.34589242935181 0
vt 0.36453938484192 0.34659767150879 0
vt 0.48590442538261 0.80580317974091 0
vt 0.48554673790932 0.80266427993774 0
vt 0.48275312781334 0.9455714225769 0
vt 0.48391902446747 0.94855463504791 0
vt 0.48094856739044 0.94910758733749 0
vt 0.48021265864372 0.94722443819046 0
vt 0.65513509511948 0.6774759888649 0
vt 0.65368807315826 0.67652505636215 0
vt 0.65486586093903 0.67617398500443 0
vt 0.07758755981922 0.47567999362946 0
vt 0.48093971610069 0.95112973451614 0
vt 0.48390489816666 0.95175760984421 0
vt 0.48077008128166 0.96242839097977 0
vt 0.4835886657238 0.96243649721146 0
vt 0.47013446688652 0.86467188596725 0
vt 0.47013491392136 0.8669268488884 0
vt 0.06262565404177 0.51108711957932 0
vt 0.69348472356796 0.53015148639679 0
vt 0.69353556632996 0.53335386514664 0
vt 0.69025266170502 0.53341597318649 0
vt 0.69020146131516 0.53019285202026 0
vt 0.62905657291412 0.82010972499847 0
vt 0.62844908237457 0.82029736042023 0
vt 0.62886238098145 0.82543563842773 0
vt 0.46769511699677 0.89479476213455 0
vt 0.4678185582161 0.89475756883621 0
vt 0.07360780239105 0.27509737014771 0
vt 0.47014090418816 0.89475655555725 0
vt 0.52178847789764 0.89903426170349 0
vt 0.51745826005936 0.90082776546478 0
vt 0.52185368537903 0.90612936019897 0
vt 0.5246856212616 0.90329766273499 0
vt 0.63286328315735 0.75683432817459 0
vt 0.63721865415573 0.75512135028839 0
vt 0.6370096206665 0.75400054454803 0
vt 0.63223999738693 0.75587642192841 0
vt 0.46769374608994 0.82403254508972 0
vt 0.46781799197197 0.82406967878342 0
vt 0.64213407039642 0.75402265787125 0
vt 0.64189827442169 0.7551406621933 0
vt 0.48380917310715 0.96140891313553 0
vt 0.48696810007095 0.96141707897186 0
vt 0.62906473875046 0.83054757118225 0
vt 0.62955504655838 0.76015329360962 0
vt 0.62861627340317 0.75950974225998 0
vt 0.69017159938812 0.52696979045868 0
vt 0.69345450401306 0.52694952487946 0
vt 0.36218294501305 0.24846148490906 0
vt 0.35714191198349 0.24612331390381 0
vt 0.65553653240204 0.43173229694366 0
vt 0.1306290179491 0.30033195018768 0
vt 0.13956859707832 0.34545004367828 0
vt 0.13026197254658 0.34538590908051 0
vt 0.47013866901398 0.82407015562058 0
vt 0.13957768678665 0.33661830425262 0
vt 0.13032512366772 0.3363151550293 0
vt 0.67071205377579 0.83830600976944 0
vt 0.67139095067978 0.84180557727814 0
vt 0.67167890071869 0.84175586700439 0
vt 0.15102487802505 0.3521226644516 0
vt 0.14677876234055 0.35413146018982 0
vt 0.14714302122593 0.35569906234741 0
vt 0.15203966200352 0.35318171977997 0
vt 0.66304874420166 0.59501844644547 0
vt 0.66099154949188 0.59465163946152 0
vt 0.65996754169464 0.43160820007324 0
vt 0.65950411558151 0.43161857128143 0
vt 0.58088481426239 0.9742289185524 0
vt 0.581707239151 0.97438460588455 0
vt 0.57908922433853 0.97877931594849 0
vt 0.57978975772858 0.97923785448074 0
vt 0.57657128572464 0.33564019203186 0
vt 0.66902256011963 0.83139002323151 0
vt 0.66685521602631 0.83201599121094 0
vt 0.6677114367485 0.83525568246841 0
vt 0.66993165016174 0.83482444286346 0
vt 0.57800215482712 0.33662974834442 0
vt 0.58848434686661 0.32777750492096 0
vt 0.67538118362427 0.85950219631195 0
vt 0.67531448602676 0.85586333274841 0
vt 0.67313206195831 0.85594069957733 0
vt 0.18521209061146 0.02771532535553 0
vt 0.24084340035915 0.02763998508453 0
vt 0.36070474982262 0.35191786289215 0
vt 0.35648703575134 0.35394012928009 0
vt 0.35686010122299 0.35551333427429 0
vt 0.36173287034035 0.35298359394073 0
vt 0.55056709051132 0.90082788467407 0
vt 0.55214565992355 0.89927130937576 0
vt 0.55214321613312 0.8939705491066 0
vt 0.55120730400085 0.89397060871124 0
vt 0.66048586368561 0.59673994779587 0
vt 0.65899419784546 0.59403723478317 0
vt 0.51543968915939 0.28184401988983 0
vt 0.51945382356644 0.81728142499924 0
vt 0.51903581619263 0.81763529777527 0
vt 0.4998784661293 0.96569091081619 0
vt 0.5000576376915 0.96466344594955 0
vt 0.50287300348282 0.96466624736786 0
vt 0.50303560495377 0.96569401025772 0
vt 0.12874011695385 0.02777755260468 0
vt 0.18455897271633 0.02772486209869 0
vt 0.55214565992355 0.88867026567459 0
vt 0.47606837749481 0.30174136161804 0
vt 0.45515248179436 0.30190622806549 0
vt 0.69501918554306 0.72199088335037 0
vt 0.69409430027008 0.72199159860611 0
vt 0.69409614801407 0.7241039276123 0
vt 0.69502079486847 0.72410345077515 0
vt 0.31922000646591 0.31834208965302 0
vt 0.31914058327675 0.30213892459869 0
vt 0.3061192035675 0.3021764755249 0
vt 0.63146764039993 0.92621052265167 0
vt 0.63136458396912 0.92598539590836 0
vt 0.63124561309814 0.9260488152504 0
vt 0.63135278224945 0.92629015445709 0
vt 0.12006984651089 0.30029654502869 0
vt 0.68999344110489 0.44758486747742 0
vt 0.68999308347702 0.45270776748657 0
vt 0.69408905506134 0.45270800590515 0
vt 0.69408887624741 0.447585105896 0
vt 0.16128514707088 0.31791090965271 0
vt 0.46477416157722 0.52803564071655 0
vt 0.48414054512978 0.75027698278427 0
vt 0.4801133275032 0.75016248226166 0
vt 0.48002842068672 0.75556468963623 0
vt 0.49733805656433 0.43421900272369 0
vt 0.53272253274918 0.44922506809235 0
vt 0.65774405002594 0.67693722248077 0
vt 0.65774345397949 0.67797487974167 0
vt 0.65658134222031 0.67842727899551 0
vt 0.65643680095673 0.67720717191696 0
vt 0.55975610017776 0.47654628753662 0
vt 0.14567691087723 0.27134132385254 0
vt 0.6525262594223 0.67697715759277 0
vt 0.70837032794952 0.98344773054123 0
vt 0.48701792955399 0.96566963195801 0
vt 0.48719769716263 0.96464169025421 0
vt 0.49001485109329 0.96464782953262 0
vt 0.49017670750618 0.96567636728287 0
vt 0.48737686872482 0.48297762870789 0
vt 0.50477176904678 0.49044227600098 0
vt 0.52003186941147 0.46793925762177 0
vt 0.49283763766289 0.4563193321228 0
vt 0.54088860750198 0.48890447616577 0
vt 0.52894920110703 0.90619540214539 0
vt 0.52715557813644 0.91052532196045 0
vt 0.53401207923889 0.90716087818146 0
vt 0.46768733859062 0.7526239156723 0
vt 0.48361614346504 0.8027235865593 0
vt 0.18454886972904 0.01545763015747 0
vt 0.12873274087906 0.01548838615417 0
vt 0.24082843959332 0.01541197299957 0
vt 0.18519899249077 0.01546597480774 0
vt 0.65874826908112 0.67275679111481 0
vt 0.65874725580215 0.67486935853958 0
vt 0.45503118634224 0.28577768802643 0
vt 0.45501756668091 0.28372430801392 0
vt 0.62230122089386 0.98440444469452 0
vt 0.62272316217422 0.98214226961136 0
vt 0.61890518665314 0.98064941167831 0
vt 0.22012591362 0.4907306432724 0
vt 0.24129164218903 0.47679662704468 0
vt 0.47768792510033 0.28344130516052 0
vt 0.47425618767738 0.28116941452026 0
vt 0.6684884428978 0.8387702703476 0
vt 0.6313134431839 0.88506412506104 0
vt 0.63295382261276 0.88366514444351 0
vt 0.63297146558762 0.88339793682098 0
vt 0.13067872822285 0.2555627822876 0
vt 0.48901304602623 0.54811143875122 0
vt 0.48141971230507 0.55117642879486 0
vt 0.48001471161842 0.75642281770706 0
vt 0.34952142834663 0.24852085113525 0
vt 0.34951394796371 0.24615693092346 0
vt 0.5660617351532 0.2449826002121 0
vt 0.57111251354218 0.24728858470917 0
vt 0.50805938243866 0.75499737262726 0
vt 0.50461649894714 0.74994474649429 0
vt 0.50459808111191 0.75377345085144 0
vt 0.65567374229431 0.68008482456207 0
vt 0.65540391206741 0.67877805233002 0
vt 0.6639376282692 0.6727602481842 0
vt 0.66393584012985 0.67487305402756 0
vt 0.68660199642181 0.30141580104828 0
vt 0.68661624193192 0.30352830886841 0
vt 0.50055688619614 0.74983942508698 0
vt 0.66497355699539 0.67487400770187 0
vt 0.66497546434402 0.67276108264923 0
vt 0.66601198911667 0.67487412691116 0
vt 0.66601288318634 0.67276167869568 0
vt 0.60170727968216 0.29895770549774 0
vt 0.56575745344162 0.33602035045624 0
vt 0.48008984327316 0.97985327243805 0
vt 0.48084366321564 0.97797250747681 0
vt 0.48381513357162 0.97855162620544 0
vt 0.48262169957161 0.98153066635132 0
vt 0.47013613581657 0.8368513584137 0
vt 0.47013622522354 0.83459728956223 0
vt 0.46781569719315 0.83459705114365 0
vt 0.46781629323959 0.83685088157654 0
vt 0.11999591439962 0.3362625837326 0
vt 0.11997805535793 0.34535217285156 0
vt 0.49513623118401 0.95543420314789 0
vt 0.49707400798798 0.95543509721756 0
vt 0.49707412719727 0.955721616745 0
vt 0.49513646960258 0.95572197437286 0
vt 0.664870262146 0.58992052078247 0
vt 0.66591840982437 0.59162092208862 0
vt 0.65459716320038 0.6727546453476 0
vt 0.65563440322876 0.67275559902191 0
vt 0.65563380718231 0.67486757040024 0
vt 0.65459603071213 0.67486721277237 0
vt 0.65997803211212 0.54304981231689 0
vt 0.65993362665176 0.53983938694 0
vt 0.45333185791969 0.64881789684296 0
vt 0.44809517264366 0.67508888244629 0
vt 0.46769145131111 0.83463436365128 0
vt 0.46772792935371 0.83685088157654 0
vt 0.4805446267128 0.96893185377121 0
vt 0.66027992963791 0.5863054394722 0
vt 0.6592316031456 0.58460527658463 0
vt 0.65842097997665 0.58520042896271 0
vt 0.49901217222214 0.95543700456619 0
vt 0.49901205301285 0.9557238817215 0
vt 0.55869716405869 0.33535802364349 0
vt 0.55877679586411 0.34416651725769 0
vt 0.65999811887741 0.58388870954514 0
vt 0.47436168789864 0.94199776649475 0
vt 0.47491469979286 0.94496834278107 0
vt 0.65667313337326 0.67275559902191 0
vt 0.65771061182022 0.67275631427765 0
vt 0.65770906209946 0.67486900091171 0
vt 0.65667176246643 0.67486828565598 0
vt 0.55834800004959 0.32683718204498 0
vt 0.54945302009583 0.32605171203613 0
vt 0.74040561914444 0.08090734481812 0
vt 0.74048864841461 0.12095248699188 0
vt 0.32968646287918 0.33622658252716 0
vt 0.31937783956528 0.33628153800964 0
vt 0.31944334506989 0.34533393383026 0
vt 0.32970687747002 0.34529733657837 0
vt 0.66912525892258 0.67487639188766 0
vt 0.66912615299225 0.67276382446289 0
vt 0.49126043915749 0.95543032884598 0
vt 0.49319842457771 0.95543223619461 0
vt 0.49319812655449 0.95571875572205 0
vt 0.49126008152962 0.95571756362915 0
vt 0.53907614946365 0.90619564056396 0
vt 0.54617118835449 0.90612930059433 0
vt 0.54333943128586 0.9032975435257 0
vt 0.54085457324982 0.81450927257538 0
vt 0.54420650005341 0.8176361322403 0
vt 0.14435912668705 0.60248744487762 0
vt 0.11820957064629 0.59120410680771 0
vt 0.47869223356247 0.95440536737442 0
vt 0.4801279604435 0.95298182964325 0
vt 0.48262000083923 0.9546914100647 0
vt 0.48034462332726 0.95694625377655 0
vt 0.1001391261816 0.24835920333862 0
vt 0.10970060527325 0.24840080738068 0
vt 0.10970883071423 0.24603056907654 0
vt 0.10014859586954 0.24598968029022 0
vt 0.65662622451782 0.67967355251312 0
vt 0.65736109018326 0.67894005775452 0
vt 0.10038016736507 0.35206162929535 0
vt 0.10967824608088 0.35214138031006 0
vt 0.10969442129135 0.3453460931778 0
vt 0.10038831084967 0.34537398815155 0
vt 0.48362669348717 0.90107089281082 0
vt 0.48557287454605 0.90167421102524 0
vt 0.65714114904404 0.43468308448792 0
vt 0.48738422989845 0.95541685819626 0
vt 0.48932132124901 0.95542627573013 0
vt 0.48932078480721 0.95571649074554 0
vt 0.48733684420586 0.95570337772369 0
vt 0.47014167904854 0.89701223373413 0
vt 0.14689314365387 0.34560120105743 0
vt 0.14664824306965 0.33735263347626 0
vt 0.09812603890896 0.57104444503784 0
vt 0.48593652248383 0.82181918621063 0
vt 0.48597359657288 0.81960308551788 0
vt 0.48584964871407 0.81956601142883 0
vt 0.48584830760956 0.82181930541992 0
vt 0.47683244943619 0.86692631244659 0
vt 0.48111087083817 0.90026450157166 0
vt 0.48077595233917 0.9007169008255 0
vt 0.13931277394295 0.32807493209839 0
vt 0.13040545582771 0.32719743251801 0
vt 0.4835290312767 0.82181894779205 0
vt 0.48695823550224 0.96566963195801 0
vt 0.48379853367805 0.96566206216812 0
vt 0.32961070537567 0.30033242702484 0
vt 0.48352867364883 0.82407253980637 0
vt 0.48584920167923 0.82407236099243 0
vt 0.66760122776031 0.58742338418961 0
vt 0.51968789100647 0.34448039531708 0
vt 0.52897197008133 0.34436190128326 0
vt 0.52885502576828 0.3353123664856 0
vt 0.1200136244297 0.32714092731476 0
vt 0.48597317934036 0.82403516769409 0
vt 0.48700618743896 0.95814275741577 0
vt 0.49021980166435 0.95815032720566 0
vt 0.56370532512665 0.97938144207001 0
vt 0.56626486778259 0.98422986268997 0
vt 0.56693202257156 0.98064172267914 0
vt 0.65874248743057 0.43163669109344 0
vt 0.65865135192871 0.4286003112793 0
vt 0.37097033858299 0.28440701961517 0
vt 0.34007725119591 0.2745543718338 0
vt 0.66006606817245 0.44958007335663 0
vt 0.65960770845413 0.44957530498505 0
vt 0.48352912068367 0.86692488193512 0
vt 0.50648713111877 0.9624747633934 0
vt 0.509301841259 0.96247643232346 0
vt 0.50930041074753 0.96467077732086 0
vt 0.50648498535156 0.96466910839081 0
vt 0.55058294534683 0.90304464101791 0
vt 0.55211693048477 0.90146994590759 0
vt 0.33999571204185 0.33623600006104 0
vt 0.51249778270721 0.96247792243958 0
vt 0.51249724626541 0.96467190980911 0
vt 0.50968205928802 0.96467077732086 0
vt 0.50968289375305 0.96247667074203 0
vt 0.48593902587891 0.80678695440292 0
vt 0.48585104942322 0.80678808689117 0
vt 0.45511603355408 0.31982147693634 0
vt 0.47412839531898 0.32197451591492 0
vt 0.70828413963318 0.92409574985504 0
vt 0.70920825004578 0.92411637306213 0
vt 0.70978194475174 0.92273730039597 0
vt 0.70858579874039 0.92250788211823 0
vt 0.65940392017364 0.4191335439682 0
vt 0.65966260433197 0.42235743999481 0
vt 0.65917801856995 0.42238855361938 0
vt 0.65892124176025 0.41922199726105 0
vt 0.70751011371613 0.92328274250031 0
vt 0.48585179448128 0.8090409040451 0
vt 0.33997023105621 0.34528851509094 0
vt 0.48597556352615 0.80900359153748 0
vt 0.52859395742416 0.31738197803497 0
vt 0.52872121334076 0.326216340065 0
vt 0.53908693790436 0.32609832286835 0
vt 0.51572662591934 0.96467268466949 0
vt 0.51291161775589 0.96467196941376 0
vt 0.07172574847937 0.02514052391052 0
vt 0.07205374538898 0.02780985832214 0
vt 0.12802928686142 0.02778542041779 0
vt 0.01494831871241 0.02515017986298 0
vt 0.01530447602272 0.02782595157623 0
vt 0.07139822840691 0.02781569957733 0
vt 0.51892304420471 0.96467274427414 0
vt 0.51610857248306 0.96467250585556 0
vt 0.47325098514557 0.55118787288666 0
vt 0.46768733859062 0.97861838340759 0
vt 0.46770113706589 0.97541129589081 0
vt 0.47067138552666 0.97599071264267 0
vt 0.47066235542297 0.97801566123962 0
vt 0.08544711768627 0.26599252223969 0
vt 0.08740090578794 0.25539469718933 0
vt 0.08570633083582 0.25538146495819 0
vt 0.08209121227264 0.26483488082886 0
vt 0.51130324602127 0.76181745529175 0
vt 0.51175266504288 0.76167142391205 0
vt 0.63450419902802 0.81859076023102 0
vt 0.69344425201416 0.52374678850174 0
vt 0.69016063213348 0.52374678850174 0
vt 0.74699276685715 0.02471435070038 0
vt 0.53835272789001 0.81428217887878 0
vt 0.50457835197449 0.75893449783325 0
vt 0.57248967885971 0.34466445446014 0
vt 0.66970264911652 0.84562599658966 0
vt 0.67009747028351 0.84896433353424 0
vt 0.57406103610992 0.34536004066467 0
vt 0.69019031524658 0.024618268013 0
vt 0.70766699314117 0.97741597890854 0
vt 0.70766776800156 0.97833979129791 0
vt 0.70978027582169 0.97833847999573 0
vt 0.70977944135666 0.97741413116455 0
vt 0.50806772708893 0.76022231578827 0
vt 0.41132351756096 0.43021142482758 0
vt 0.45471101999283 0.41251826286316 0
vt 0.44953155517578 0.38638889789581 0
vt 0.39664328098297 0.40808570384979 0
vt 0.7097806930542 0.97946172952652 0
vt 0.70766890048981 0.97946268320084 0
vt 0.59457463026047 0.7426865696907 0
vt 0.59104949235916 0.74709010124207 0
vt 0.59460639953613 0.74685853719711 0
vt 0.70858514308929 0.92098701000214 0
vt 0.70798248052597 0.91959029436111 0
vt 0.70697277784348 0.9202709197998 0
vt 0.70738798379898 0.92123401165009 0
vt 0.70668786764145 0.91930562257767 0
vt 0.70707607269287 0.91825222969055 0
vt 0.31904029846191 0.24622821807861 0
vt 0.59114801883698 0.75168919563293 0
vt 0.59470093250275 0.7513906955719 0
vt 0.59461182355881 0.74721890687942 0
vt 0.49229595065117 0.27466082572937 0
vt 0.48997583985329 0.27386295795441 0
vt 0.65729820728302 0.58519244194031 0
vt 0.63042205572128 0.96304136514664 0
vt 0.63333374261856 0.96592462062836 0
vt 0.53153961896896 0.61254149675369 0
vt 0.49608880281448 0.62689352035522 0
vt 0.49698832631111 0.30149626731873 0
vt 0.42353844642639 0.44866013526916 0
vt 0.4589895606041 0.43430721759796 0
vt 0.79459708929062 0.05800700187683 0
vt 0.74178463220596 0.05812406539917 0
vt 0.47478690743446 0.95513218641281 0
vt 0.47680875658989 0.9551414847374 0
vt 0.67439436912537 0.84498292207718 0
vt 0.67383378744125 0.84138190746307 0
vt 0.20396558940411 0.31658673286438 0
vt 0.20396886765957 0.31861734390259 0
vt 0.22489802539349 0.31860482692719 0
vt 0.5006502866745 0.26434481143951 0
vt 0.48971524834633 0.32855951786041 0
vt 0.50033807754517 0.33724856376648 0
vt 0.53401219844818 0.88078033924103 0
vt 0.53401267528534 0.87677621841431 0
vt 0.54958337545395 0.35500347614288 0
vt 0.62221091985703 0.98488616943359 0
vt 0.68611931800842 0.05823194980621 0
vt 0.73893243074417 0.05812895298004 0
vt 0.20410786569118 0.32038390636444 0
vt 0.45086821913719 0.49004638195038 0
vt 0.46844294667244 0.48301219940186 0
vt 0.46329081058502 0.45638263225555 0
vt 0.43591696023941 0.46738803386688 0
vt 0.65740931034088 0.58686202764511 0
vt 0.46770200133324 0.57822382450104 0
vt 0.47169575095177 0.55877614021301 0
vt 0.46141704916954 0.55437552928925 0
vt 0.45030680298805 0.57075780630112 0
vt 0.66771274805069 0.88374584913254 0
vt 0.66685652732849 0.88698470592499 0
vt 0.53907644748688 0.88174629211426 0
vt 0.47413221001625 0.96107423305511 0
vt 0.65989685058594 0.53662866353989 0
vt 0.65986907482147 0.53341764211655 0
vt 0.65764856338501 0.53343397378922 0
vt 0.58078849315643 0.30083322525024 0
vt 0.22489807009697 0.32036769390106 0
vt 0.66411089897156 0.59062999486923 0
vt 0.66515231132507 0.59233695268631 0
vt 0.50415951013565 0.25488424301147 0
vt 0.55059194564819 0.83688819408417 0
vt 0.55212718248367 0.83531385660172 0
vt 0.49924701452255 0.27699041366577 0
vt 0.49738150835037 0.28380823135376 0
vt 0.34932589530945 0.35423731803894 0
vt 0.34000357985497 0.35435020923614 0
vt 0.33999767899513 0.35609722137451 0
vt 0.34934934973717 0.35597920417786 0
vt 0.63200175762177 0.92550826072693 0
vt 0.63174211978912 0.92564868927002 0
vt 0.59577459096909 0.76994240283966 0
vt 0.59222060441971 0.77005624771118 0
vt 0.59616816043854 0.77409708499908 0
vt 0.32973119616508 0.35612726211548 0
vt 0.32972741127014 0.35438239574432 0
vt 0.70791572332382 0.91786730289459 0
vt 0.70898967981338 0.91890543699265 0
vt 0.59665822982788 0.7786026597023 0
vt 0.59620499610901 0.77445423603058 0
vt 0.69409018754959 0.3040064573288 0
vt 0.69369941949844 0.3031690120697 0
vt 0.69236731529236 0.30408382415771 0
vt 0.69305860996246 0.30508673191071 0
vt 0.07147762179375 0.32767450809479 0
vt 0.08249264955521 0.3369392156601 0
vt 0.67500215768814 0.93486630916595 0
vt 0.67478793859482 0.93069970607758 0
vt 0.66852533817291 0.93105566501617 0
vt 0.66873586177826 0.93515133857727 0
vt 0.5641148686409 0.27018165588379 0
vt 0.05545485392213 0.3206878900528 0
vt 0.51267433166504 0.96569919586182 0
vt 0.50951766967773 0.9656982421875 0
vt 0.56203013658524 0.28147673606873 0
vt 0.56873762607574 0.2732800245285 0
vt 0.08985997736454 0.35040700435638 0
vt 0.08664370328188 0.34596121311188 0
vt 0.08891905099154 0.3519983291626 0
vt 0.67531406879425 0.86314153671265 0
vt 0.57650202512741 0.97339862585068 0
vt 0.57729828357697 0.97355002164841 0
vt 0.65398448705673 0.53346180915833 0
vt 0.67512500286102 0.86677652597427 0
vt 0.08874391019344 0.25013911724091 0
vt 0.09249198436737 0.24831867218018 0
vt 0.09250078350306 0.24594962596893 0
vt 0.08744562417269 0.24829006195068 0
vt 0.03601067513227 0.3182760477066 0
vt 0.03586874529719 0.32004106044769 0
vt 0.05492274463177 0.32238018512726 0
vt 0.01515030302107 0.32002437114716 0
vt 0.01496317144483 0.31825172901154 0
vt 0.58238732814789 0.8509361743927 0
vt 0.58238178491592 0.85606265068054 0
vt 0.59665250778198 0.85609126091003 0
vt 0.59665822982788 0.85093629360199 0
vt 0.58236688375473 0.86118847131729 0
vt 0.59663736820221 0.86124587059021 0
vt 0.65781188011169 0.5463017821312 0
vt 0.66003215312958 0.54626005887985 0
vt 0.65414649248123 0.5463650226593 0
vt 0.689832508564 0.02728366851807 0
vt 0.63396424055099 0.02722299098969 0
vt 0.32972213625908 0.35210299491882 0
vt 0.31945458054543 0.35211646556854 0
vt 0.65787440538406 0.54952448606491 0
vt 0.65420496463776 0.54959148168564 0
vt 0.66009789705276 0.54946798086166 0
vt 0.57768416404724 0.0271931886673 0
vt 0.63331472873688 0.02721118927002 0
vt 0.3296149969101 0.30211210250854 0
vt 0.63695877790451 0.77868008613586 0
vt 0.63266551494598 0.77681773900986 0
vt 0.63202387094498 0.77775955200195 0
vt 0.63672584295273 0.77979862689972 0
vt 0.57451844215393 0.21439909934998 0
vt 0.62733542919159 0.21448040008545 0
vt 0.62879902124405 0.19169998168945 0
vt 0.5462059378624 0.83999705314636 0
vt 0.68300426006317 0.2145768404007 0
vt 0.63018888235092 0.21448469161987 0
vt 0.61435270309448 0.97401356697083 0
vt 0.6143427491188 0.96991819143295 0
vt 0.61208319664001 0.9694916009903 0
vt 0.69380742311478 0.54295772314072 0
vt 0.69052624702454 0.54308193922043 0
vt 0.40977826714516 0.63052272796631 0
vt 0.3946173787117 0.65287983417511 0
vt 0.61391597986221 0.96484267711639 0
vt 0.61584627628326 0.96610605716705 0
vt 0.49666759371758 0.96143633127213 0
vt 0.49982437491417 0.96144104003906 0
vt 0.50094997882843 0.95543611049652 0
vt 0.50094997882843 0.95572203397751 0
vt 0.31945151090622 0.35439670085907 0
vt 0.31946432590485 0.35614371299744 0
vt 0.63184309005737 0.92533767223358 0
vt 0.6304132938385 0.8211966753006 0
vt 0.62967163324356 0.83564567565918 0
vt 0.01494715828449 0.01816189289093 0
vt 0.0717241242528 0.01815950870514 0
vt 0.07139625400305 0.01548337936401 0
vt 0.01530229207128 0.01548552513123 0
vt 0.09021431207657 0.32740581035614 0
vt 0.12802457809448 0.01548111438751 0
vt 0.07205128669739 0.01548981666565 0
vt 0.52871203422546 0.91210341453552 0
vt 0.09314692020416 0.35402286052704 0
vt 0.09320462495089 0.35196244716644 0
vt 0.47122550010681 0.95681232213974 0
vt 0.47293445467949 0.95432096719742 0
vt 0.46897074580193 0.95453780889511 0
vt 0.47151190042496 0.95288497209549 0
vt 0.6267774105072 0.80993688106537 0
vt 0.62655252218246 0.80997908115387 0
vt 0.62758409976959 0.815165579319 0
vt 0.6278680562973 0.81497979164124 0
vt 0.485935151577 0.83685290813446 0
vt 0.48597195744514 0.8346363902092 0
vt 0.48584821820259 0.83459919691086 0
vt 0.4858470261097 0.8368524312973 0
vt 0.70765924453735 0.96632504463196 0
vt 0.70766025781631 0.96737414598465 0
vt 0.70977252721786 0.96737265586853 0
vt 0.70977175235748 0.96632373332977 0
vt 0.54154229164124 0.80969941616058 0
vt 0.90789306163788 0.15226399898529 0
vt 0.35310646891594 0.30208051204681 0
vt 0.34008848667145 0.30209636688232 0
vt 0.66548782587051 0.58395898342133 0
vt 0.62886506319046 0.15165293216705 0
vt 0.5730584859848 0.15156710147858 0
vt 0.66471272706985 0.58967185020447 0
vt 0.68171525001526 0.3561954498291 0
vt 0.68577301502228 0.35621654987335 0
vt 0.68559777736664 0.35527002811432 0
vt 0.68191605806351 0.35525035858154 0
vt 0.47414472699165 0.96563327312469 0
vt 0.47730737924576 0.96564376354218 0
vt 0.66395735740662 0.59037816524506 0
vt 0.48352754116058 0.83459854125977 0
vt 0.48352736234665 0.8368524312973 0
vt 0.57563954591751 0.98224782943726 0
vt 0.57611227035522 0.98293846845627 0
vt 0.50288772583008 0.95543569326401 0
vt 0.50288796424866 0.95572346448898 0
vt 0.5086874961853 0.9458966255188 0
vt 0.50870108604431 0.9554300904274 0
vt 0.23070567846298 0.51714766025543 0
vt 0.25558307766914 0.51233214139938 0
vt 0.6576332449913 0.59342086315155 0
vt 0.65733873844147 0.59510642290115 0
vt 0.230732396245 0.54562771320343 0
vt 0.25562679767609 0.55068922042847 0
vt 0.51587957143784 0.82251274585724 0
vt 0.51588469743729 0.82781231403351 0
vt 0.51678305864334 0.82781183719635 0
vt 0.51694369316101 0.82172226905823 0
vt 0.95086425542831 1.97582840919495 0
vt 0.17574283480644 0.55612856149673 0
vt 0.16481246054173 0.56048572063446 0
vt 0.1728658080101 0.6025955080986 0
vt 0.19938167929649 0.59203743934631 0
vt 0.12506680190563 0.0585412979126 0
vt 0.07224165648222 0.05850291252136 0
vt 0.01656352169812 0.05845177173615 0
vt 0.06938783824444 0.05850040912628 0
vt 0.68902778625488 0.35393273830414 0
vt 0.68955397605896 0.35474228858948 0
vt 0.37828385829926 0.27438819408417 0
vt 0.58234089612961 0.86631500720978 0
vt 0.5966112613678 0.86640071868896 0
vt 0.4858540892601 0.88196271657944 0
vt 0.48353353142738 0.8819637298584 0
vt 0.49341464042664 0.96873909235001 0
vt 0.48594224452972 0.88196271657944 0
vt 0.51062214374542 0.9458920955658 0
vt 0.51063895225525 0.95542752742767 0
vt 0.48379164934158 0.95813345909119 0
vt 0.48379093408585 0.95835214853287 0
vt 0.30600386857986 0.3003956079483 0
vt 0.43425849080086 0.30026054382324 0
vt 0.41337487101555 0.30034148693085 0
vt 0.51449143886566 0.94588297605515 0
vt 0.51645368337631 0.95541369915009 0
vt 0.51451480388641 0.95541912317276 0
vt 0.10032353550196 0.35431671142578 0
vt 0.09277404844761 0.35559988021851 0
vt 0.10030078887939 0.35606253147125 0
vt 0.52821010351181 0.28279089927673 0
vt 0.08788954466581 0.35306632518768 0
vt 0.54363721609116 0.8182036280632 0
vt 0.54661720991135 0.82259649038315 0
vt 0.48586133122444 0.89700204133987 0
vt 0.48594969511032 0.89700293540955 0
vt 0.51839077472687 0.95540171861649 0
vt 0.59154635667801 0.76088070869446 0
vt 0.59131526947021 0.75628650188446 0
vt 0.58571356534958 0.7565290927887 0
vt 0.58594816923141 0.76120471954346 0
vt 0.48352742195129 0.839106798172 0
vt 0.48584812879562 0.83910620212555 0
vt 0.70978152751923 0.98046767711639 0
vt 0.15008571743965 0.35052418708801 0
vt 0.15169624984264 0.34589958190918 0
vt 0.14673072099686 0.35206949710846 0
vt 0.48597198724747 0.83906900882721 0
vt 0.70978194475174 0.98151749372482 0
vt 0.91836732625961 0.02782142162323 0
vt 0.86164343357086 0.02767562866211 0
vt 0.65984863042831 0.53020632266998 0
vt 0.80440431833267 0.02753365039825 0
vt 0.8609813451767 0.02766788005829 0
vt 0.57144176959991 0.05840659141541 0
vt 0.51862561702728 0.05846774578094 0
vt 0.37819355726242 0.46323192119598 0
vt 0.35624048113823 0.44834518432617 0
vt 0.54049235582352 0.81521642208099 0
vt 0.63429933786392 0.82098913192749 0
vt 0.63448488712311 0.82519346475601 0
vt 0.63504284620285 0.82514178752899 0
vt 0.63485687971115 0.82088124752045 0
vt 0.39650791883469 0.47565054893494 0
vt 0.63525521755219 0.83033263683319 0
vt 0.54760754108429 0.82781171798706 0
vt 0.54661023616791 0.83302509784698 0
vt 0.43749177455902 0.50344336032867 0
vt 0.41507503390312 0.48824262619019 0
vt 0.63540291786194 0.8354983329773 0
vt 0.6315199136734 0.92583054304123 0
vt 0.63166069984436 0.92607796192169 0
vt 0.80442953109741 0.01510071754456 0
vt 0.8610092997551 0.01521253585815 0
vt 0.66001737117767 0.45258176326752 0
vt 0.65955728292465 0.45257425308228 0
vt 0.69409018754959 0.54935705661774 0
vt 0.69081038236618 0.54952222108841 0
vt 0.69065850973129 0.54630279541016 0
vt 0.69393914937973 0.54615765810013 0
vt 0.65996748209 0.45560264587402 0
vt 0.65950399637222 0.45559203624725 0
vt 0.52871197462082 0.87583827972412 0
vt 0.53401231765747 0.87584054470062 0
vt 0.52554368972778 0.96897733211517 0
vt 0.52234333753586 0.96897423267364 0
vt 0.52234363555908 0.96875584125519 0
vt 0.52555805444717 0.9687585234642 0
vt 0.15331436693668 0.34608125686646 0
vt 0.14789623022079 0.24609208106995 0
vt 0.67064934968948 0.85950237512588 0
vt 0.57115656137466 0.98420536518097 0
vt 0.57132977247238 0.98502480983734 0
vt 0.33998957276344 0.35206985473633 0
vt 0.47365897893906 0.51002442836761 0
vt 0.47218921780586 0.50243818759918 0
vt 0.59471219778061 0.7517819404602 0
vt 0.59486424922943 0.75595211982727 0
vt 0.59574043750763 0.76955354213715 0
vt 0.59541034698486 0.76539397239685 0
vt 0.59184670448303 0.76547086238861 0
vt 0.65854275226593 0.42553341388702 0
vt 0.65839052200317 0.42243981361389 0
vt 0.51590889692307 0.90146952867508 0
vt 0.52119195461273 0.9067907333374 0
vt 0.63317674398422 0.88092720508575 0
vt 0.63045543432236 0.87659120559692 0
vt 0.63041120767593 0.88076424598694 0
vt 0.65962570905685 0.44062256813049 0
vt 0.65887928009033 0.44062721729279 0
vt 0.48556205630302 0.8021194934845 0
vt 0.65817362070084 0.41941726207733 0
vt 0.52799034118652 0.24531900882721 0
vt 0.18406546115875 0.54781198501587 0
vt 0.18869905173779 0.53700023889542 0
vt 0.49020326137543 0.96597743034363 0
vt 0.53931331634521 0.87583810091019 0
vt 0.54151171445847 0.87586706876755 0
vt 0.50307041406631 0.95817166566849 0
vt 0.66918277740479 0.84230363368988 0
vt 0.56421780586243 0.32917559146881 0
vt 0.63337373733521 0.82525056600571 0
vt 0.63317966461182 0.82103395462036 0
vt 0.5468327999115 0.90679109096527 0
vt 0.63065350055695 0.87147116661072 0
vt 0.27715665102005 0.5081382393837 0
vt 0.30319717526436 0.50305289030075 0
vt 0.2772062420845 0.55504202842712 0
vt 0.30330580472946 0.5602576136589 0
vt 0.47043323516846 0.51969033479691 0
vt 0.47112500667572 0.52072912454605 0
vt 0.47541120648384 0.51897388696671 0
vt 0.47516921162605 0.51775830984116 0
vt 0.10962172597647 0.32715618610382 0
vt 0.12012887001038 0.27449381351471 0
vt 0.29682326316833 0.25566470623016 0
vt 0.29513263702393 0.25565850734711 0
vt 0.63080728054047 0.86634826660156 0
vt 0.59511166810989 0.76087057590485 0
vt 0.59538447856903 0.76503443717957 0
vt 0.46595025062561 0.53292495012283 0
vt 0.4659948348999 0.52829337120056 0
vt 0.46781316399574 0.85414218902588 0
vt 0.46781307458878 0.85940688848495 0
vt 0.47013401985168 0.85940706729889 0
vt 0.45774054527283 0.62698209285736 0
vt 0.46768927574158 0.85410487651825 0
vt 0.46768733859062 0.85940700769424 0
vt 0.6349732875824 0.96967732906342 0
vt 0.51916092634201 0.59381294250488 0
vt 0.48663607239723 0.57818824052811 0
vt 0.49178808927536 0.6048179268837 0
vt 0.63091856241226 0.86122733354568 0
vt 0.62967103719711 0.86631894111633 0
vt 0.5468407869339 0.84063291549683 0
vt 0.63098394870758 0.85610520839691 0
vt 0.50607013702393 0.96466904878616 0
vt 0.50325518846512 0.96466672420502 0
vt 0.10070930421352 0.32799816131592 0
vt 0.5862540602684 0.76587498188019 0
vt 0.58670848608017 0.77053481340408 0
vt 0.42235621809959 0.61197531223297 0
vt 0.52493852376938 0.91054052114487 0
vt 0.5265137553215 0.91207468509674 0
vt 0.10041166096926 0.33654260635376 0
vt 0.10966591536999 0.33627474308014 0
vt 0.70766448974609 0.97392219305038 0
vt 0.70766603946686 0.97592145204544 0
vt 0.70977818965912 0.97591972351074 0
vt 0.70977681875229 0.97392076253891 0
vt 0.67120057344437 0.67487806081772 0
vt 0.6701632142067 0.67487686872482 0
vt 0.67016446590424 0.67276442050934 0
vt 0.67120206356049 0.67276519536972 0
vt 0.31011128425598 0.35606741905212 0
vt 0.46782025694847 0.89701288938522 0
vt 0.46773192286491 0.89701300859451 0
vt 0.65719252824783 0.43766605854034 0
vt 0.52120739221573 0.01766192913055 0
vt 0.52121323347092 0.02456176280975 0
vt 0.07049502432346 0.3291300535202 0
vt 0.63183814287186 0.92629933357239 0
vt 0.63164293766022 0.92638802528381 0
vt 0.58011603355408 0.28315544128418 0
vt 0.5781444311142 0.27636778354645 0
vt 0.68302249908447 0.05823683738708 0
vt 0.63020753860474 0.05832517147064 0
vt 0.62677788734436 0.89202016592026 0
vt 0.62786680459976 0.88697850704193 0
vt 0.62758278846741 0.88679283857346 0
vt 0.62655299901962 0.89197796583176 0
vt 0.08106470108032 0.33794093132019 0
vt 0.50949257612228 0.96114879846573 0
vt 0.4743264913559 0.96460455656052 0
vt 0.47714695334435 0.96461427211761 0
vt 0.46224117279053 0.60488063097 0
vt 0.65983271598816 0.52378404140472 0
vt 0.65983730554581 0.52057230472565 0
vt 0.65761655569077 0.52056676149368 0
vt 0.3495537340641 0.25561273097992 0
vt 0.69408988952637 0.43221569061279 0
vt 0.68999373912811 0.43221604824066 0
vt 0.29814079403877 0.25041675567627 0
vt 0.29683780670166 0.24857747554779 0
vt 0.62867987155914 0.92215377092361 0
vt 0.6287134885788 0.92518305778503 0
vt 0.6290528178215 0.92517989873886 0
vt 0.62903374433517 0.92215168476105 0
vt 0.51012492179871 0.76170837879181 0
vt 0.50806713104248 0.7611231803894 0
vt 0.57454019784927 0.05840301513672 0
vt 0.62735503911972 0.05832827091217 0
vt 0.48034879565239 0.964624106884 0
vt 0.47752925753593 0.96461546421051 0
vt 0.55213701725006 0.82031559944153 0
vt 0.1201077029109 0.28364288806915 0
vt 0.53874373435974 0.28271269798279 0
vt 0.54927712678909 0.28262495994568 0
vt 0.66298341751099 0.59072661399841 0
vt 0.66195034980774 0.59069269895554 0
vt 0.46556082367897 0.01509034633636 0
vt 0.46521317958832 0.01772916316986 0
vt 0.52088093757629 0.01502346992493 0
vt 0.65889197587967 0.44360530376434 0
vt 0.65723472833633 0.44360518455505 0
vt 0.65722763538361 0.44063794612885 0
vt 0.65984904766083 0.51736110448837 0
vt 0.65762859582901 0.51734977960587 0
vt 0.18656922876835 0.67566305398941 0
vt 0.52552974224091 0.96570092439651 0
vt 0.525559425354 0.96600252389908 0
vt 0.52234447002411 0.96600133180618 0
vt 0.52237123250961 0.96570062637329 0
vt 0.46522191166878 0.02461743354797 0
vt 0.6610159277916 0.59025013446808 0
vt 0.66030937433243 0.58949512243271 0
vt 0.4828896522522 0.55876296758652 0
vt 0.31929633021355 0.32718122005463 0
vt 0.51257687807083 0.95542281866074 0
vt 0.51257747411728 0.95570933818817 0
vt 0.51063942909241 0.95571446418762 0
vt 0.16322280466557 0.52819013595581 0
vt 0.16797907650471 0.52871465682983 0
vt 0.57697665691376 0.01497554779053 0
vt 0.52153027057648 0.01501679420471 0
vt 0.47713023424149 0.90119886398315 0
vt 0.66006630659103 0.43762981891632 0
vt 0.66008186340332 0.4406201839447 0
vt 0.51451510190964 0.95570653676987 0
vt 0.54940664768219 0.29925084114075 0
vt 0.56246650218964 0.29914855957031 0
vt 0.4909320473671 0.76166319847107 0
vt 0.70978194475174 0.92073947191238 0
vt 0.57698112726212 0.02718460559845 0
vt 0.52153813838959 0.02720582485199 0
vt 0.13463464379311 0.64889615774155 0
vt 0.12910807132721 0.67493152618408 0
vt 0.46557542681694 0.02725601196289 0
vt 0.52089267969131 0.02720046043396 0
vt 0.61599284410477 0.97776639461517 0
vt 0.46144214272499 0.15143203735352 0
vt 0.46140348911285 0.19148099422455 0
vt 0.51725095510483 0.15149354934692 0
vt 0.65497320890427 0.41944682598114 0
vt 0.65510630607605 0.42260265350342 0
vt 0.51588416099548 0.83311235904694 0
vt 0.08507260680199 0.34666883945465 0
vt 0.70051223039627 0.72198730707169 0
vt 0.70051342248917 0.72409981489182 0
vt 0.50053519010544 0.75900661945343 0
vt 0.50457555055618 0.75983381271362 0
vt 0.49690768122673 0.29972243309021 0
vt 0.6688979268074 0.93924969434738 0
vt 0.6751669049263 0.93903535604477 0
vt 0.63347923755646 0.97758460044861 0
vt 0.63058590888977 0.98048967123032 0
vt 0.67528629302979 0.94320672750473 0
vt 0.66901534795761 0.9433491230011 0
vt 0.18869797885418 0.52522677183151 0
vt 0.13916729390621 0.62735390663147 0
vt 0.51915979385376 0.96570026874542 0
vt 0.52231675386429 0.96570026874542 0
vt 0.48593583703041 0.85188770294189 0
vt 0.48584744334221 0.85188770294189 0
vt 0.65996134281158 0.58852142095566 0
vt 0.65999531745911 0.58748799562454 0
vt 0.09483902156353 0.33037865161896 0
vt 0.66908442974091 0.94744944572449 0
vt 0.67535650730133 0.94737792015076 0
vt 0.50870108604431 0.9557158946991 0
vt 0.43504697084427 0.59326112270355 0
vt 0.47604447603226 0.29995250701904 0
vt 0.69218957424164 0.72079586982727 0
vt 0.6924192905426 0.71960014104843 0
vt 0.45514062047005 0.30014276504517 0
vt 0.5193378329277 0.96467292308807 0
vt 0.52215367555618 0.96467274427414 0
vt 0.49341452121735 0.96895778179169 0
vt 0.49019798636436 0.96895271539688 0
vt 0.49019825458527 0.96873408555984 0
vt 0.46781608462334 0.88196831941605 0
vt 0.46772775053978 0.88196849822998 0
vt 0.66043782234192 0.58655399084091 0
vt 0.47013717889786 0.88196778297424 0
vt 0.51255679130554 0.94588851928711 0
vt 0.51591783761978 0.95839774608612 0
vt 0.51912939548492 0.95839762687683 0
vt 0.63498312234879 0.97377306222916 0
vt 0.46574932336807 0.54798698425293 0
vt 0.47683158516884 0.85940676927567 0
vt 0.48382797837257 0.97534251213074 0
vt 0.48085168004036 0.97594654560089 0
vt 0.46293035149574 0.21426594257355 0
vt 0.51574951410294 0.21432304382324 0
vt 0.14517226815224 0.33047652244568 0
vt 0.62246137857437 0.28239905834198 0
vt 0.47683200240135 0.86467123031616 0
vt 0.64326238632202 0.28215670585632 0
vt 0.65527284145355 0.42568671703339 0
vt 0.52507346868515 0.75557768344879 0
vt 0.52898550033569 0.75419235229492 0
vt 0.52910792827606 0.75358402729034 0
vt 0.47162330150604 0.90770334005356 0
vt 0.47380164265633 0.90415000915527 0
vt 0.47006824612617 0.91210341453552 0
vt 0.53341144323349 0.75278133153915 0
vt 0.53330570459366 0.7525846362114 0
vt 0.70766335725784 0.97192275524139 0
vt 0.70977532863617 0.97192180156708 0
vt 0.52535212039948 0.96467268466949 0
vt 0.52253532409668 0.96467310190201 0
vt 0.30950167775154 0.24622774124146 0
vt 0.63079816102982 0.92216837406158 0
vt 0.63075041770935 0.92518281936646 0
vt 0.63108932971954 0.9251874089241 0
vt 0.6311502456665 0.92217564582825 0
vt 0.3028481900692 0.34555387496948 0
vt 0.31015625596046 0.34539997577667 0
vt 0.62921941280365 0.83565759658813 0
vt 0.64618587493896 0.75701487064362 0
vt 0.64682966470718 0.75607573986053 0
vt 0.67854428291321 0.3537712097168 0
vt 0.67799896001816 0.35456466674805 0
vt 0.47717824578285 0.90178227424622 0
vt 0.67514443397522 0.35167944431305 0
vt 0.67595416307449 0.35115349292755 0
vt 0.52106708288193 0.75652062892914 0
vt 0.61874049901962 0.96320110559464 0
vt 0.61744272708893 0.96130067110062 0
vt 0.51933735609055 0.9624782204628 0
vt 0.52215319871902 0.96247792243958 0
vt 0.52535176277161 0.96247667074203 0
vt 0.52253425121307 0.96247792243958 0
vt 0.03601839765906 0.31624448299408 0
vt 0.01494715828449 0.31620466709137 0
vt 0.3025975227356 0.35563623905182 0
vt 0.56676185131073 0.96323430538177 0
vt 0.56693023443222 0.96403110027313 0
vt 0.57008063793182 0.96401244401932 0
vt 0.57022827863693 0.96321535110474 0
vt 0.65608608722687 0.67602974176407 0
vt 0.65659886598587 0.67524987459183 0
vt 0.65733236074448 0.67598479986191 0
vt 0.10966508835554 0.35442614555359 0
vt 0.10967124998569 0.35617649555206 0
vt 0.50464767217636 0.73680597543716 0
vt 0.69312506914139 0.34797167778015 0
vt 0.69164502620697 0.35134327411652 0
vt 0.692438185215 0.3518875837326 0
vt 0.69406920671463 0.34817206859589 0
vt 0.50058847665787 0.73679709434509 0
vt 0.69180685281754 0.34086060523987 0
vt 0.69314426183701 0.34429049491882 0
vt 0.69409018754959 0.34411525726318 0
vt 0.69261699914932 0.34033441543579 0
vt 0.52088707685471 0.73673105239868 0
vt 0.68584686517715 0.33676242828369 0
vt 0.68921804428101 0.33824324607849 0
vt 0.68976324796677 0.33745002746582 0
vt 0.68604743480682 0.33581876754761 0
vt 0.34003999829292 0.26510310173035 0
vt 0.6787343621254 0.33808052539825 0
vt 0.68216514587402 0.33674335479736 0
vt 0.68198984861374 0.33579695224762 0
vt 0.67820870876312 0.33727025985718 0
vt 0.62748897075653 0.80977463722229 0
vt 0.62720680236816 0.80984908342361 0
vt 0.62682509422302 0.98212671279907 0
vt 0.67482078075409 0.87040448188782 0
vt 0.66098546981812 0.58353537321091 0
vt 0.51238244771957 0.34467577934265 0
vt 0.47683551907539 0.88196635246277 0
vt 0.58084118366241 0.29905927181244 0
vt 0.52237051725388 0.96145033836365 0
vt 0.52552795410156 0.96144819259644 0
vt 0.63009375333786 0.92215704917908 0
vt 0.63007211685181 0.92517805099487 0
vt 0.63041132688522 0.92517912387848 0
vt 0.63044667243958 0.9221602678299 0
vt 0.68866384029388 0.30351400375366 0
vt 0.68864870071411 0.3014018535614 0
vt 0.51915973424912 0.96145129203796 0
vt 0.52231633663177 0.96145039796829 0
vt 0.39246734976768 0.30035138130188 0
vt 0.15487052500248 0.34678602218628 0
vt 0.65542739629745 0.42872405052185 0
vt 0.48035559058189 0.96242672204971 0
vt 0.47753658890724 0.96241766214371 0
vt 0.47737607359886 0.96138840913773 0
vt 0.48053580522537 0.96139913797379 0
vt 0.47433450818062 0.96240592002869 0
vt 0.47416046261787 0.96137607097626 0
vt 0.47732147574425 0.96138787269592 0
vt 0.47715458273888 0.96241599321365 0
vt 0.63331806659698 0.01495838165283 0
vt 0.57768326997757 0.01496636867523 0
vt 0.68984472751617 0.01497721672058 0
vt 0.63397127389908 0.01494717597961 0
vt 0.51912939548492 0.95817905664444 0
vt 0.52234077453613 0.95817786455154 0
vt 0.52234101295471 0.9583957195282 0
vt 0.52554035186768 0.95817315578461 0
vt 0.5255543589592 0.95839184522629 0
vt 0.34000539779663 0.25564873218536 0
vt 0.48434990644455 0.73668551445007 0
vt 0.67439371347427 0.87402135133743 0
vt 0.80368769168854 0.02752280235291 0
vt 0.74731683731079 0.02740430831909 0
vt 0.50868648290634 0.94560986757278 0
vt 0.51062160730362 0.94560533761978 0
vt 0.46295449137688 0.05851817131042 0
vt 0.51577270030975 0.05846953392029 0
vt 0.69054186344147 0.02729606628418 0
vt 0.74665999412537 0.02739131450653 0
vt 0.10958931595087 0.27445840835571 0
vt 0.30187296867371 0.24858415126801 0
vt 0.30187183618546 0.24622023105621 0
vt 0.62924832105637 0.81371307373047 0
vt 0.6277716755867 0.80969941616058 0
vt 0.49034750461578 0.5280510187149 0
vt 0.48912847042084 0.52827566862106 0
vt 0.24577121436596 0.28424787521362 0
vt 0.22490477561951 0.28425109386444 0
vt 0.67009717226028 0.87004011869431 0
vt 0.67038267850876 0.8664533495903 0
vt 0.31907248497009 0.30036699771881 0
vt 0.49707919359207 0.94590091705322 0
vt 0.4970794916153 0.94561523199081 0
vt 0.62202644348145 0.95930451154709 0
vt 0.62250125408173 0.96156334877014 0
vt 0.68999451398849 0.42709255218506 0
vt 0.6940900683403 0.42709302902222 0
vt 0.63176596164703 0.92520225048065 0
vt 0.63150131702423 0.92218685150146 0
vt 0.63142740726471 0.92519420385361 0
vt 0.63153946399689 0.92647522687912 0
vt 0.10055392980576 0.27362191677094 0
vt 0.91839975118637 0.01534390449524 0
vt 0.86167293787003 0.01520693302155 0
vt 0.24066327512264 0.58609557151794 0
vt 0.48584979772568 0.86692428588867 0
vt 0.48593792319298 0.86692440509796 0
vt 0.6313162446022 0.81689512729645 0
vt 0.49299275875092 0.76108753681183 0
vt 0.6671524643898 0.58652299642563 0
vt 0.90617018938065 0.05772030353546 0
vt 0.85335886478424 0.05786335468292 0
vt 0.4934563934803 0.96143102645874 0
vt 0.49661347270012 0.96143633127213 0
vt 0.67058646678925 0.86286175251007 0
vt 0.20403364300728 0.28422868251801 0
vt 0.18474528193474 0.28175902366638 0
vt 0.79769456386566 0.05799996852875 0
vt 0.85050618648529 0.05787026882172 0
vt 0.37159791588783 0.3003214597702 0
vt 0.37153413891792 0.30209696292877 0
vt 0.51449054479599 0.94559615850449 0
vt 0.63066947460175 0.88252699375153 0
vt 0.46680715680122 0.52332234382629 0
vt 0.47756472229958 0.94201183319092 0
vt 0.4804984331131 0.94329684972763 0
vt 0.47878888249397 0.94578844308853 0
vt 0.47693717479706 0.94497698545456 0
vt 0.48848688602448 0.52331614494324 0
vt 0.48745179176331 0.523990213871 0
vt 0.66001737117767 0.43462777137756 0
vt 0.65764909982681 0.51413255929947 0
vt 0.65398412942886 0.51410442590714 0
vt 0.65396362543106 0.51733136177063 0
vt 0.65401262044907 0.5108785033226 0
vt 0.65767675638199 0.51091521978378 0
vt 0.56124538183212 0.97694575786591 0
vt 0.56191325187683 0.97648864984512 0
vt 0.56414777040482 0.97869974374771 0
vt 0.65420311689377 0.49797189235687 0
vt 0.6541451215744 0.50119936466217 0
vt 0.65781140327454 0.50126200914383 0
vt 0.65787398815155 0.49803817272186 0
vt 0.65775769948959 0.50448030233383 0
vt 0.654092669487 0.50442576408386 0
vt 0.65997821092606 0.5045148730278 0
vt 0.66003197431564 0.50130391120911 0
vt 0.66009789705276 0.4980947971344 0
vt 0.28846621513367 0.31791472434998 0
vt 0.4803047478199 0.97011518478394 0
vt 0.48256504535675 0.97239226102829 0
vt 0.48005452752113 0.97408419847488 0
vt 0.47862794995308 0.97264689207077 0
vt 0.64931136369705 0.77366554737091 0
vt 0.65025168657303 0.77430832386017 0
vt 0.07128795981407 0.27427458763123 0
vt 0.05544940382242 0.28144812583923 0
vt 0.65404850244522 0.50765192508698 0
vt 0.65771359205246 0.50769835710526 0
vt 0.69065862894058 0.50119143724442 0
vt 0.69393891096115 0.50133627653122 0
vt 0.69408982992172 0.4981369972229 0
vt 0.69081038236618 0.49797189235687 0
vt 0.65989744663239 0.51093769073486 0
vt 0.65993398427963 0.50772601366043 0
vt 0.65652924776077 0.46768379211426 0
vt 0.6566818356514 0.46467804908752 0
vt 0.65839058160782 0.46477174758911 0
vt 0.6581734418869 0.46779429912567 0
vt 0.65682852268219 0.46160209178925 0
vt 0.65854263305664 0.46167743206024 0
vt 0.65696048736572 0.45855009555817 0
vt 0.65865117311478 0.45861041545868 0
vt 0.65706020593643 0.45552659034729 0
vt 0.65874266624451 0.45557379722595 0
vt 0.66454076766968 0.59509348869324 0
vt 0.66403102874756 0.59672695398331 0
vt 0.52493870258331 0.87740117311478 0
vt 0.5211923122406 0.8811509013176 0
vt 0.65714120864868 0.45252752304077 0
vt 0.65880531072617 0.45256078243256 0
vt 0.65719228982925 0.44954419136047 0
vt 0.65885555744171 0.44956648349762 0
vt 0.65722745656967 0.44657182693481 0
vt 0.65887939929962 0.44658303260803 0
vt 0.47013717889786 0.82933366298676 0
vt 0.47683292627335 0.82933473587036 0
vt 0.47683376073837 0.82407176494598 0
vt 0.47683209180832 0.83459770679474 0
vt 0.6549728512764 0.46776449680328 0
vt 0.65510600805283 0.46460855007172 0
vt 0.65590345859528 0.46464467048645 0
vt 0.65577459335327 0.46776640415192 0
vt 0.65527278184891 0.46152448654175 0
vt 0.65605747699738 0.46156454086304 0
vt 0.65917825698853 0.4648232460022 0
vt 0.6589207649231 0.46798932552338 0
vt 0.65932071208954 0.46170771121979 0
vt 0.67386561632156 0.91821682453156 0
vt 0.66761893033981 0.91878587007523 0
vt 0.64599424600601 0.77696859836578 0
vt 0.64163917303085 0.77868539094925 0
vt 0.64185100793838 0.77980506420136 0
vt 0.64661955833435 0.77792501449585 0
vt 0.62921887636185 0.86630725860596 0
vt 0.03613380342722 0.28381884098053 0
vt 0.56358289718628 0.96462261676788 0
vt 0.56404137611389 0.96529251337051 0
vt 0.48352825641632 0.8293354511261 0
vt 0.65542703866959 0.45848667621613 0
vt 0.65620249509811 0.45851957798004 0
vt 0.65553611516953 0.45547783374786 0
vt 0.65630453824997 0.45550346374512 0
vt 0.65941554307938 0.45863366127014 0
vt 0.65639442205429 0.45250999927521 0
vt 0.65644502639771 0.44953298568726 0
vt 0.5918465256691 0.71951115131378 0
vt 0.59540945291519 0.7195885181427 0
vt 0.59573984146118 0.71542936563492 0
vt 0.59154623746872 0.72410136461258 0
vt 0.59511125087738 0.72411167621613 0
vt 0.59538358449936 0.71994799375534 0
vt 0.48492112755775 0.51971566677094 0
vt 0.48423036932945 0.52073466777802 0
vt 0.65648603439331 0.44656646251678 0
vt 0.65649038553238 0.44360518455505 0
vt 0.48025625944138 0.51773482561111 0
vt 0.48001301288605 0.5189460515976 0
vt 0.51979202032089 0.82323110103607 0
vt 0.52028256654739 0.82140696048737 0
vt 0.68754106760025 0.30352175235748 0
vt 0.68752652406693 0.30140936374664 0
vt 0.59131520986557 0.72869527339935 0
vt 0.59487920999527 0.72866940498352 0
vt 0.59508883953094 0.72450232505798 0
vt 0.59471154212952 0.7331994175911 0
vt 0.59486383199692 0.72902935743332 0
vt 0.67386531829834 0.98488616943359 0
vt 0.67421978712082 0.98072838783264 0
vt 0.66796696186066 0.98022997379303 0
vt 0.66761875152588 0.98431634902954 0
vt 0.62660312652588 0.96154743432999 0
vt 0.62702560424805 0.95928585529327 0
vt 0.65364301204681 0.6752787232399 0
vt 0.46781441569328 0.85188770294189 0
vt 0.46772629022598 0.8518875837326 0
vt 0.65988302230835 0.45864689350128 0
vt 0.65979534387588 0.4617246389389 0
vt 0.6596627831459 0.46485376358032 0
vt 0.659403860569 0.46807754039764 0
vt 0.47683128714561 0.84436976909637 0
vt 0.47683152556419 0.83910655975342 0
vt 0.47683116793633 0.84963381290436 0
vt 0.48352780938148 0.84963345527649 0
vt 0.48352763056755 0.84437000751495 0
vt 0.47683417797089 0.82181799411774 0
vt 0.59508913755417 0.76047968864441 0
vt 0.59488022327423 0.75631207227707 0
vt 0.63185220956802 0.92219829559326 0
vt 0.6322026848793 0.92221063375473 0
vt 0.30239719152451 0.26434123516083 0
vt 0.30185860395432 0.25567448139191 0
vt 0.63259083032608 0.92578917741776 0
vt 0.63258469104767 0.92605441808701 0
vt 0.62797164916992 0.92216205596924 0
vt 0.62761753797531 0.92217046022415 0
vt 0.62769281864166 0.92520266771317 0
vt 0.62803262472153 0.92519426345825 0
vt 0.62735295295715 0.92521166801453 0
vt 0.62726235389709 0.92217808961868 0
vt 0.62667220830917 0.92523515224457 0
vt 0.62701219320297 0.92522263526916 0
vt 0.62690722942352 0.92218834161758 0
vt 0.62655252218246 0.92220097780228 0
vt 0.29048132896423 0.32458305358887 0
vt 0.48597213625908 0.84967124462128 0
vt 0.48584851622581 0.84963381290436 0
vt 0.47739309072495 0.98505282402039 0
vt 0.47418415546417 0.98503935337067 0
vt 0.474763661623 0.98206859827042 0
vt 0.4767892062664 0.98207670450211 0
vt 0.48352754116058 0.85188806056976 0
vt 0.47288420796394 0.9813152551651 0
vt 0.47120636701584 0.98384547233582 0
vt 0.65395194292068 0.52055758237839 0
vt 0.56707972288132 0.97984421253204 0
vt 0.3040654361248 0.2714227437973 0
vt 0.04109682887793 0.55363696813583 0
vt 0.06267016381025 0.54944288730621 0
vt 0.05863693356514 0.59704130887985 0
vt 0.07696098834276 0.58497750759125 0
vt 0.62837308645248 0.9251880645752 0
vt 0.62832593917847 0.92215836048126 0
vt 0.24582095444202 0.31861901283264 0
vt 0.65563064813614 0.45249104499817 0
vt 0.65568494796753 0.44952034950256 0
vt 0.47683194279671 0.83685207366943 0
vt 0.29401156306267 0.15132749080658 0
vt 0.34982272982597 0.15134954452515 0
vt 0.57386231422424 0.51220619678497 0
vt 0.63429576158524 0.88097155094147 0
vt 0.57364547252655 0.55045121908188 0
vt 0.55176258087158 0.51637768745422 0
vt 0.55166602134705 0.5458807349205 0
vt 0.24153216183186 0.01541912555695 0
vt 0.2973230779171 0.01798903942108 0
vt 0.2969958782196 0.01534366607666 0
vt 0.65983700752258 0.52699512243271 0
vt 0.35333493351936 0.01790153980255 0
vt 0.35297954082489 0.01526284217834 0
vt 0.29764249920845 0.01534914970398 0
vt 0.5164549946785 0.9557039141655 0
vt 0.51843827962875 0.95568859577179 0
vt 0.65572774410248 0.44656026363373 0
vt 0.65573281049728 0.44360494613647 0
vt 0.51660448312759 0.81965065002441 0
vt 0.5191302895546 0.96897375583649 0
vt 0.49663007259369 0.96896231174469 0
vt 0.47411859035492 0.9689131975174 0
vt 0.47732549905777 0.96892338991165 0
vt 0.47674804925919 0.97189420461655 0
vt 0.47472342848778 0.97188723087311 0
vt 0.56611162424088 0.98505282402039 0
vt 0.67383337020874 0.87762141227722 0
vt 0.29402086138725 0.12142431735992 0
vt 0.34983333945274 0.121413230896 0
vt 0.52089536190033 0.82172203063965 0
vt 0.52054798603058 0.82347524166107 0
vt 0.63419961929321 0.88270252943039 0
vt 0.63475680351257 0.88281857967377 0
vt 0.63485336303711 0.88107961416244 0
vt 0.01494715828449 0.15141797065735 0
vt 0.01498438324779 0.19147086143494 0
vt 0.07078834623098 0.19142580032349 0
vt 0.07076072692871 0.15137326717377 0
vt 0.01505713816732 0.55872255563736 0
vt 0.03649857640266 0.61161470413208 0
vt 0.51267582178116 0.96145063638687 0
vt 0.50951987504959 0.96144944429398 0
vt 0.9493442773819 1.85340845584869 0
vt 0.08754716813564 0.54462742805481 0
vt 0.50630956888199 0.96144729852676 0
vt 0.50946539640427 0.96144944429398 0
vt 0.58544337749481 0.74717104434967 0
vt 0.58554303646088 0.75185132026672 0
vt 0.46769118309021 0.82933300733566 0
vt 0.4678168296814 0.8293331861496 0
vt 0.59657520055771 0.83031737804413 0
vt 0.59652841091156 0.82516288757324 0
vt 0.58225852251053 0.82530498504639 0
vt 0.58230501413345 0.8304318189621 0
vt 0.58220231533051 0.82017874717712 0
vt 0.59647214412689 0.82000797986984 0
vt 0.52234292030334 0.96114957332611 0
vt 0.52555751800537 0.96114695072174 0
vt 0.68999260663986 0.38611078262329 0
vt 0.6899933218956 0.39123332500458 0
vt 0.69408893585205 0.391233086586 0
vt 0.69408810138702 0.38611078262329 0
vt 0.69408923387527 0.39635598659515 0
vt 0.68999373912811 0.39635598659515 0
vt 0.4714587032795 0.97987759113312 0
vt 0.46894833445549 0.98156762123108 0
vt 0.68999397754669 0.40147912502289 0
vt 0.69408959150314 0.40147888660431 0
vt 0.69408988952637 0.40660166740417 0
vt 0.68999415636063 0.40660190582275 0
vt 0.09157188236713 0.63031005859375 0
vt 0.10395228117704 0.61215162277222 0
vt 0.58540803194046 0.74249064922333 0
vt 0.24568228423595 0.32038497924805 0
vt 0.52651339769363 0.87586724758148 0
vt 0.68999463319778 0.41172456741333 0
vt 0.69409018754959 0.41172444820404 0
vt 0.69408988952637 0.41684710979462 0
vt 0.68999463319778 0.4168473482132 0
vt 0.52816289663315 0.27366197109222 0
vt 0.68999445438385 0.42196989059448 0
vt 0.69408977031708 0.42197024822235 0
vt 0.51591348648071 0.83531022071838 0
vt 0.07660709321499 0.65221816301346 0
vt 0.54623734951019 0.88890737295151 0
vt 0.5472030043602 0.89397072792053 0
vt 0.67461675405502 0.34772336483002 0
vt 0.67367047071457 0.34789836406708 0
vt 0.67369192838669 0.34384047985077 0
vt 0.67463630437851 0.34404170513153 0
vt 0.63247579336166 0.92629313468933 0
vt 0.65648609399796 0.44064390659332 0
vt 0.01526620518416 0.28370153903961 0
vt 0.58594876527786 0.72377789020538 0
vt 0.5862540602684 0.71910756826401 0
vt 0.58670872449875 0.71444833278656 0
vt 0.40927904844284 0.01781237125397 0
vt 0.40928956866264 0.0246969461441 0
vt 0.69091767072678 0.72410625219345 0
vt 0.49481323361397 0.54231464862823 0
vt 0.7052760720253 0.92123568058014 0
vt 0.69377762079239 0.72109770774841 0
vt 0.69379836320877 0.72017401456833 0
vt 0.40961593389511 0.02733266353607 0
vt 0.46487459540367 0.02725398540497 0
vt 0.35370138287544 0.02742779254913 0
vt 0.40897065401077 0.02733409404755 0
vt 0.47684076428413 0.89475321769714 0
vt 0.40560346841812 0.19143402576447 0
vt 0.40563297271729 0.15138423442841 0
vt 0.480289965868 0.73663276433945 0
vt 0.35133975744247 0.21418380737305 0
vt 0.4041593670845 0.21421694755554 0
vt 0.45983237028122 0.21426272392273 0
vt 0.40701338648796 0.21421825885773 0
vt 0.67611664533615 0.34066987037659 0
vt 0.67532354593277 0.34012484550476 0
vt 0.5768855214119 0.59797018766403 0
vt 0.59883862733841 0.61285692453384 0
vt 0.55857056379318 0.58555030822754 0
vt 0.54000383615494 0.57295924425125 0
vt 0.54623734951019 0.89903450012207 0
vt 0.59640514850616 0.8148535490036 0
vt 0.58213514089584 0.81505346298218 0
vt 0.58205860853195 0.80992770195007 0
vt 0.59632754325867 0.80969941616058 0
vt 0.69296455383301 0.72187179327011 0
vt 0.40895175933838 0.01517629623413 0
vt 0.35368096828461 0.01526463031769 0
vt 0.46485808491707 0.01509428024292 0
vt 0.40959718823433 0.01517593860626 0
vt 0.70610982179642 0.7219831943512 0
vt 0.70506101846695 0.72198408842087 0
vt 0.70506221055984 0.72409635782242 0
vt 0.70611160993576 0.72409582138062 0
vt 0.40562298893929 0.08133840560913 0
vt 0.40564432740211 0.12138903141022 0
vt 0.21956162154675 0.57185471057892 0
vt 0.45985689759254 0.0585196018219 0
vt 0.40703719854355 0.05855321884155 0
vt 0.35136327147484 0.05857694149017 0
vt 0.40418350696564 0.05855488777161 0
vt 0.46784028410912 0.52402293682098 0
vt 0.01496272254735 0.30195212364197 0
vt 0.59663736820221 0.84062665700912 0
vt 0.5966112613678 0.83547180891037 0
vt 0.58234059810638 0.83555781841278 0
vt 0.58236658573151 0.84068369865417 0
vt 0.59665256738663 0.84578168392181 0
vt 0.58238190412521 0.84580999612808 0
vt 0.46889406442642 0.9724343419075 0
vt 0.47117099165916 0.97017580270767 0
vt 0.47286185622215 0.9726847410202 0
vt 0.47142434120178 0.97411113977432 0
vt 0.58554303646088 0.73313021659851 0
vt 0.58571356534958 0.72845238447189 0
vt 0.6598699092865 0.51414901018143 0
vt 0.4678190946579 0.91206359863281 0
vt 0.46773099899292 0.91204452514648 0
vt 0.5159175992012 0.95817923545837 0
vt 0.48597624897957 0.81430327892303 0
vt 0.48585093021393 0.81430327892303 0
vt 0.485974162817 0.82933580875397 0
vt 0.48584866523743 0.82933574914932 0
vt 0.48597383499146 0.84437000751495 0
vt 0.48584830760956 0.84437012672424 0
vt 0.52384674549103 0.83798050880432 0
vt 0.52068531513214 0.83333194255829 0
vt 0.51591664552689 0.96897345781326 0
vt 0.51963043212891 0.82781088352203 0
vt 0.48034298419952 0.98379051685333 0
vt 0.47865152359009 0.98127973079681 0
vt 0.01655462384224 0.21425461769104 0
vt 0.0693771019578 0.21421182155609 0
vt 0.12505356967449 0.21417856216431 0
vt 0.07223115861416 0.21420979499817 0
vt 0.65290868282318 0.67601186037064 0
vt 0.51590764522552 0.82031416893005 0
vt 0.63503974676132 0.87682074308395 0
vt 0.52043390274048 0.8278101682663 0
vt 0.52142989635468 0.83302348852158 0
vt 0.63525247573853 0.87163126468658 0
vt 0.63540059328079 0.86646735668182 0
vt 0.52441477775574 0.83741211891174 0
vt 0.63304740190506 0.88277149200439 0
vt 0.62720650434494 0.89210772514343 0
vt 0.62748956680298 0.89218157529831 0
vt 0.62924659252167 0.88824427127838 0
vt 0.65572756528854 0.44065022468567 0
vt 0.5521165728569 0.88647210597992 0
vt 0.09459218382835 0.27121734619141 0
vt 0.62777155637741 0.89225733280182 0
vt 0.49649056792259 0.75981414318085 0
vt 0.58544319868088 0.73780983686447 0
vt 0.51255577802658 0.94560247659683 0
vt 0.54333961009979 0.8846435546875 0
vt 0.58808064460754 0.70517897605896 0
vt 0.58740365505219 0.70981299877167 0
vt 0.15502822399139 0.53358447551727 0
vt 0.46769750118256 0.79926693439484 0
vt 0.46782276034355 0.79926717281342 0
vt 0.4678185582161 0.79175287485123 0
vt 0.46773084998131 0.79177224636078 0
vt 0.16895464062691 0.27451288700104 0
vt 0.15820541977882 0.26502370834351 0
vt 0.61160159111023 0.96940046548843 0
vt 0.61350524425507 0.96457403898239 0
vt 0.69168025255203 0.30307853221893 0
vt 0.61716598272324 0.96089559793472 0
vt 0.62192535400391 0.95882451534271 0
vt 0.69264405965805 0.30278730392456 0
vt 0.62711560726166 0.95880371332169 0
# 3617 texture coordinates

o Gas_LPG
usemtl LPGText
f 119/4/1 118/3/1 203/2/1 204/1/1
f 249/8/5 248/7/4 80/6/3 46/5/2
f 143/12/9 144/11/8 209/10/7 53/9/6
f 204/1/1 225/14/1 120/13/1 119/4/1
f 121/16/1 120/13/1 225/14/1 105/15/1
f 209/10/7 144/11/8 134/18/11 39/17/10
f 250/22/15 210/21/14 48/20/13 31/19/12
f 172/26/19 171/25/18 30/24/17 42/23/16
f 210/21/14 250/22/15 25/28/21 232/27/20
f 222/30/23 250/22/15 31/19/12 49/29/22
f 217/34/27 82/33/26 81/32/25 6/31/24
f 213/36/29 6/31/24 81/32/25 83/35/28
f 250/22/15 222/30/23 245/37/30 25/28/21
f 131/39/34 251/38/33 120/13/32 121/16/31
f 38/41/36 30/24/17 27/40/35
f 9/44/40 100/43/39 16/42/38 48/20/13
f 16/42/38 100/43/39 51/45/41 39/17/10
f 58/49/45 101/48/44 50/47/43 34/46/42
f 123/53/47 186/52/47 200/51/46 73/50/46
f 202/54/49 73/50/49 200/51/48
f 127/58/53 98/57/52 57/56/51 128/55/50
f 51/45/41 190/60/55 189/59/54 209/10/7
f 215/63/57 237/62/57 122/61/56 202/54/56
f 73/67/59 212/66/59 168/65/58 71/64/58
f 73/67/63 71/64/62 195/69/61 201/68/60
f 43/72/66 42/23/16 10/71/65 84/70/64
f 119/4/68 120/13/32 251/38/33 252/73/67
f 83/35/69 81/32/70 178/75/70 218/74/69
f 193/79/74 28/78/73 95/77/72 36/76/71
f 77/80/75 178/75/70 81/32/70 82/33/75
f 247/84/76 246/83/77 132/82/77 134/81/76
f 12/86/79 26/85/78 251/38/33 131/39/34
f 135/88/80 132/82/77 246/83/77 227/87/80
f 227/87/81 226/90/81 136/89/81 135/88/81
f 137/92/82 136/89/82 226/90/82 228/91/82
f 228/91/83 248/7/84 138/93/84 137/92/83
f 12/86/79 90/95/86 70/94/85 26/85/78
f 62/99/90 11/98/89 253/97/88 133/96/87
f 139/100/91 138/93/84 248/7/84 249/8/91
f 249/8/91 5/102/92 140/101/92 139/100/91
f 141/104/93 140/101/92 5/102/92 7/103/93
f 7/103/94 84/70/94 142/105/94 141/104/94
f 133/96/1 253/97/95 129/107/95 130/106/1
f 128/109/96 129/107/95 253/97/95 1/108/96
f 143/110/97 142/105/97 84/70/97 10/71/97
f 187/112/98 186/52/47 123/53/47 124/111/98
f 3/116/102 2/115/101 4/114/100 33/113/99
f 46/5/2 198/117/104 5/102/103 249/8/5
f 14/121/105 15/120/105 233/119/105 232/118/105
f 7/103/107 5/102/103 198/117/104 37/122/106
f 10/71/108 8/124/109 144/123/109 143/110/108
f 247/84/111 8/124/110 30/24/17 38/41/36
f 134/81/76 144/123/109 8/124/109 247/84/76
f 57/56/51 182/127/114 181/126/113 96/125/112
f 48/20/13 16/42/38 132/129/116 135/128/115
f 50/47/43 101/48/44 15/120/118 14/121/117
f 40/132/122 41/131/121 187/112/120 192/130/119
f 136/134/124 137/133/123 49/29/22 31/19/12
f 228/91/128 226/90/127 52/136/126 35/135/125
f 54/140/132 141/139/131 142/138/130 47/137/129
f 142/138/130 143/12/9 53/9/6 47/137/129
f 211/143/135 146/142/134 147/141/133 9/44/40
f 253/97/88 11/98/89 61/144/137 1/108/136
f 193/79/138 192/130/139 125/146/139 126/145/138
f 124/111/140 125/146/139 192/130/139 187/112/140
f 192/130/119 193/79/74 36/76/71 40/132/122
f 99/148/142 191/147/141 190/60/55 51/45/41
f 153/151/145 152/150/144 165/149/143 147/141/133
f 191/147/141 99/148/142 219/153/147 194/152/146
f 158/157/150 157/156/149 166/155/149 151/154/148
f 188/160/153 185/159/152 229/158/151 53/9/6
f 167/162/155 166/155/149 157/156/149 156/161/154
f 43/72/66 110/164/157 109/163/156 42/23/16
f 109/163/156 110/164/157 40/132/122 36/76/71
f 227/87/160 246/83/159 75/165/158 34/46/42
f 35/135/125 80/6/3 248/7/4 228/91/128
f 229/158/151 185/159/152 184/167/162 32/166/161
f 134/18/11 132/129/116 16/42/38 39/17/10
f 163/170/165 150/169/164 66/168/163 27/40/35
f 66/168/163 150/169/164 151/154/148 58/49/45
f 146/142/134 91/173/20 155/172/167 154/171/166
f 147/141/133 146/142/134 154/171/166 153/151/145
f 150/169/164 163/170/165 161/175/169 159/174/168
f 137/133/123 138/177/171 17/176/170 49/29/22
f 151/154/148 150/169/164 159/174/168 158/157/150
f 37/122/106 43/72/66 84/70/64 7/103/107
f 113/181/175 114/180/174 196/179/173 197/178/172
f 197/178/172 196/179/173 198/117/104 46/5/2
f 198/117/104 196/179/173 199/182/176 37/122/106
f 199/182/176 196/179/173 114/180/174 115/183/177
f 17/176/170 138/177/171 139/185/179 45/184/178
f 65/187/180 239/186/180 237/62/57 215/63/57
f 252/73/67 251/38/33 26/85/78 44/188/181
f 202/54/183 200/51/183 70/94/182 215/63/182
f 48/20/13 135/128/115 136/134/124 31/19/12
f 96/125/112 164/190/185 64/189/184 57/56/51
f 64/189/184 164/190/185 162/192/187 59/191/186
f 221/196/191 18/195/190 56/194/189 23/193/188
f 60/198/193 56/194/189 18/195/190 242/197/192
f 242/197/192 18/195/190 17/176/170 45/184/178
f 147/141/133 165/149/143 100/43/39 9/44/40
f 204/1/196 203/2/195 2/115/101 224/199/194
f 17/176/170 18/195/190 221/196/191 49/29/22
f 4/114/100 2/115/101 203/2/195 205/200/197
f 20/203/200 19/202/199 21/201/198 35/135/125
f 21/201/198 19/202/199 108/205/202 111/204/201
f 51/45/41 100/43/39 165/149/143 99/148/142
f 151/154/148 166/155/149 101/48/44 58/49/45
f 108/205/202 19/202/199 106/207/204 107/206/203
f 104/208/155 106/207/204 19/202/199 20/203/200
f 98/57/52 183/209/205 182/127/114 57/56/51
f 32/166/161 126/212/208 125/211/207 13/210/206
f 101/48/44 166/155/149 167/162/155 15/120/118
f 15/120/105 167/162/105 91/213/105 233/119/105
f 207/217/212 206/216/211 72/215/210 145/214/209
f 124/219/214 123/218/213 3/116/102 33/113/99
f 72/215/210 206/216/211 178/221/216 77/220/215
f 218/223/218 178/221/216 206/216/211 208/222/217
f 201/68/60 3/116/102 123/218/213 73/67/63
f 241/227/222 24/226/221 79/225/220 78/224/219
f 208/222/217 206/216/211 207/217/212 68/228/223
f 32/166/161 184/167/162 183/209/205 98/57/52
f 205/200/197 79/225/220 24/226/221 4/114/100
f 4/114/100 24/226/221 231/229/224 33/113/99
f 98/57/52 127/58/53 126/212/208 32/166/161
f 209/10/7 189/59/54 188/160/153 53/9/6
f 231/229/224 24/226/221 241/227/222 54/140/132
f 209/10/7 39/17/10 51/45/41
f 210/21/14 211/143/135 9/44/40 48/20/13
f 211/143/135 210/21/14 232/27/20 233/230/20
f 194/234/225 177/233/225 169/232/225 191/231/225
f 124/219/214 33/113/99 13/210/206 125/211/207
f 109/163/156 173/235/226 172/26/19 42/23/16
f 190/237/227 191/231/228 169/232/228 170/236/227
f 170/236/227 171/25/229 189/238/229 190/237/227
f 174/239/230 173/235/226 109/163/156 36/76/71
f 37/122/106 235/240/231 110/164/157 43/72/66
f 188/241/232 189/238/229 171/25/229 172/26/232
f 110/164/157 235/240/231 41/131/121 40/132/122
f 61/144/137 176/243/234 175/242/233 95/77/72
f 1/108/96 28/78/235 127/244/235 128/109/96
f 126/145/236 127/244/235 28/78/235 193/79/236
f 172/26/232 173/235/232 185/245/232 188/241/232
f 83/35/238 122/61/238 237/62/237 213/36/237
f 30/24/17 8/124/110 10/71/65 42/23/16
f 50/47/43 55/246/239 52/136/126 34/46/42
f 55/246/239 50/47/43 14/121/117 103/247/118
f 213/36/237 237/62/237 239/186/240 29/248/240
f 202/54/49 122/61/241 212/249/241 73/50/49
f 71/64/58 168/65/58 214/251/1 74/250/1
f 184/252/232 185/245/232 173/235/232 174/239/232
f 174/239/232 175/242/242 183/253/242 184/252/232
f 26/85/78 70/94/85 200/51/243 44/188/181
f 55/246/239 20/203/200 35/135/125 52/136/126
f 20/203/200 55/246/239 103/247/118 104/208/155
f 252/73/67 63/254/245 118/3/244 119/4/68
f 182/255/246 183/253/242 175/242/242 176/243/246
f 96/125/112 181/126/113 216/257/248 97/256/247
f 117/259/250 118/3/244 63/254/245 236/258/249
f 236/258/249 63/254/245 160/260/251 41/131/121
f 160/260/251 63/254/245 252/73/67 44/188/181
f 57/56/51 64/189/184 129/261/252 128/55/50
f 130/262/253 129/261/252 64/189/184 59/191/186
f 34/46/42 75/165/158 66/168/163 58/49/45
f 162/192/187 164/190/185 149/264/255 148/263/254
f 181/268/256 179/267/256 180/266/256 216/265/256
f 66/168/163 75/165/158 38/41/36 27/40/35
f 93/269/258 179/267/257 176/243/234 61/144/137
f 176/243/246 179/267/259 181/268/259 182/255/246
f 94/271/261 217/34/27 6/31/24 69/270/260
f 95/77/72 28/78/73 1/108/136 61/144/137
f 69/270/260 6/31/24 213/36/29 29/248/262
f 155/273/232 156/161/232 157/156/232 154/272/232
f 30/24/17 171/25/18 170/236/263 27/40/35
f 27/40/35 170/236/263 169/232/264 163/170/165
f 153/274/232 154/272/232 157/156/232 158/157/232
f 21/201/198 85/275/265 80/6/3 35/135/125
f 80/6/3 85/275/265 197/178/172 46/5/2
f 197/178/172 85/275/265 112/276/266 113/181/175
f 215/63/182 70/94/182 90/95/267 65/187/267
f 23/193/188 22/278/269 220/277/268 221/196/191
f 111/204/201 112/276/266 85/275/265 21/201/198
f 221/196/191 220/277/268 222/30/23 49/29/22
f 222/30/23 220/277/268 243/279/270 245/37/30
f 243/279/270 220/277/268 22/278/269 244/280/271
f 195/69/61 223/281/272 224/199/194 201/68/60
f 224/199/194 223/281/272 225/14/273 204/1/196
f 105/15/275 225/14/273 223/281/272 102/282/274
f 67/283/277 195/69/61 71/64/62 74/250/276
f 82/33/278 217/34/279 72/284/279 77/80/278
f 145/285/1 72/284/279 217/34/279 94/271/1
f 201/68/60 224/199/194 2/115/101 3/116/102
f 226/90/127 227/87/160 34/46/42 52/136/126
f 13/210/206 230/286/280 229/158/151 32/166/161
f 180/266/232 92/289/232 97/288/232 216/287/232
f 148/293/232 149/292/232 86/291/232 87/290/232
f 87/290/283 86/291/282 88/295/281 89/294/79
f 229/158/151 230/286/280 47/137/129 53/9/6
f 67/283/277 102/282/274 223/281/272 195/69/61
f 47/137/129 230/286/280 231/229/224 54/140/132
f 231/229/224 230/286/280 13/210/206 33/113/99
f 208/222/217 168/65/285 212/66/284 218/223/218
f 160/260/251 186/52/286 187/112/120 41/131/121
f 179/267/257 93/269/258 92/289/288 180/266/287
f 200/51/243 186/52/286 160/260/251 44/188/181
f 89/294/79 88/295/281 11/98/89 62/99/90
f 218/74/69 212/249/241 122/61/241 83/35/69
f 11/98/89 88/295/281 93/269/258 61/144/137
f 214/251/289 168/65/285 208/222/217 68/228/223
f 97/256/247 149/264/255 164/190/185 96/125/112
f 92/289/232 86/291/232 149/292/232 97/288/232
f 93/269/258 88/295/281 86/291/282 92/289/288
f 156/161/105 155/296/105 91/213/105 167/162/105
f 115/183/177 116/298/291 234/297/290 199/182/176
f 233/230/20 91/173/20 146/142/134 211/143/135
f 95/77/72 175/242/233 174/239/230 36/76/71
f 232/118/105 25/299/105 103/247/105 14/121/105
f 199/182/176 234/297/290 235/240/231 37/122/106
f 235/240/231 234/297/290 236/258/249 41/131/121
f 236/258/249 234/297/290 116/298/291 117/259/250
f 238/301/293 140/300/292 141/139/131 54/140/132
f 139/185/179 140/300/292 238/301/293 45/184/178
f 78/224/219 76/303/295 240/302/294 241/227/222
f 241/227/222 240/302/294 238/301/293 54/140/132
f 238/301/293 240/302/294 242/197/192 45/184/178
f 25/299/105 245/304/105 104/208/105 103/247/105
f 242/197/192 240/302/294 76/303/295 60/198/193
f 245/304/105 243/305/296 106/207/296 104/208/105
f 107/206/297 106/207/296 243/305/296 244/306/297
f 244/306/297 22/307/298 108/205/298 107/206/297
f 111/204/299 108/205/298 22/307/298 23/308/299
f 23/308/299 56/194/300 112/276/300 111/204/299
f 113/181/1 112/276/300 56/194/300 60/198/1
f 158/157/232 159/174/232 152/309/232 153/274/232
f 60/198/1 76/303/1 114/180/1 113/181/1
f 194/311/232 219/310/232 161/175/232 177/233/232
f 115/183/1 114/180/1 76/303/1 78/224/1
f 163/170/165 169/232/264 177/233/301 161/175/169
f 219/310/232 152/309/232 159/174/232 161/175/232
f 38/41/36 75/165/158 246/83/159 247/84/111
f 99/148/142 165/149/143 152/150/144 219/153/147
f 78/224/1 79/225/1 116/298/1 115/183/1
f 117/259/1 116/298/1 79/225/1 205/200/1
f 205/200/1 203/2/1 118/3/1 117/259/1
f 434/315/1 356/314/1 357/313/1 435/312/1
f 324/319/305 476/318/304 477/317/303 297/316/302
f 439/323/309 378/322/308 377/321/307 304/320/306
f 358/325/1 454/324/1 435/312/1 357/313/1
f 454/324/1 358/325/1 121/16/1 105/15/1
f 368/327/311 378/322/308 439/323/309 290/326/310
f 299/331/315 440/330/314 478/329/313 282/328/312
f 281/335/319 402/334/318 403/333/317 293/332/316
f 277/337/321 478/329/313 440/330/314 461/336/320
f 282/328/312 478/329/313 451/339/323 300/338/322
f 325/343/327 326/342/326 446/341/325 259/340/324
f 325/343/327 259/340/324 443/345/329 327/344/328
f 473/346/330 451/339/323 478/329/313 277/337/321
f 358/325/332 479/347/331 131/39/34 121/16/31
f 281/335/319 289/349/334 279/348/333
f 268/352/337 340/351/336 262/350/335 299/331/315
f 302/353/338 340/351/336 268/352/337 290/326/310
f 301/357/342 341/356/341 309/355/340 285/354/339
f 431/361/343 417/360/344 360/359/344 318/358/343
f 318/358/346 433/362/346 431/361/345
f 308/366/350 338/365/349 364/364/348 365/363/347
f 420/368/352 421/367/351 302/353/338 439/323/309
f 359/371/353 466/370/354 444/369/354 433/362/353
f 399/375/355 442/374/356 318/373/356 316/372/355
f 426/377/360 316/372/359 318/373/358 432/376/357
f 263/380/363 293/332/316 294/379/362 328/378/361
f 479/347/331 358/325/332 357/313/365 480/381/364
f 409/383/367 325/343/367 327/344/366 447/382/366
f 335/387/371 280/386/370 424/385/369 287/384/368
f 325/343/367 409/383/367 321/388/372 326/342/372
f 367/392/374 474/391/374 475/390/373 368/389/373
f 479/347/331 278/393/375 12/86/79 131/39/34
f 474/391/374 367/392/374 369/395/376 456/394/376
f 370/397/377 455/396/377 456/394/377 369/395/377
f 455/396/378 370/397/378 371/399/378 457/398/378
f 372/400/380 476/318/380 457/398/379 371/399/379
f 315/401/381 90/95/86 12/86/79 278/393/375
f 481/403/383 264/402/382 62/99/90 133/96/87
f 476/318/380 372/400/380 373/404/384 477/317/384
f 374/406/385 258/405/385 477/317/384 373/404/384
f 258/405/385 374/406/385 375/408/386 260/407/386
f 376/409/387 328/378/387 260/407/387 375/408/387
f 366/410/388 481/403/388 133/96/1 130/106/1
f 481/403/388 366/410/388 365/412/389 254/411/389
f 328/378/390 376/409/390 377/413/390 263/380/390
f 360/359/344 417/360/344 418/415/391 361/414/391
f 257/419/395 255/418/394 256/417/393 284/416/392
f 258/405/397 429/420/396 297/316/302 477/317/303
f 462/424/398 267/423/398 266/422/398 461/421/398
f 429/420/396 258/405/397 260/407/400 288/425/399
f 378/427/402 261/426/402 263/380/401 377/413/401
f 281/335/319 261/426/404 475/390/403 289/349/334
f 261/426/402 378/427/402 368/389/373 475/390/373
f 412/430/407 413/429/406 308/366/350 336/428/405
f 367/432/409 268/352/337 299/331/315 369/431/408
f 267/423/411 341/356/341 301/357/342 266/422/410
f 418/415/415 292/435/414 291/434/413 423/433/412
f 300/338/322 371/437/417 370/436/416 282/328/312
f 303/439/421 455/396/420 457/398/419 286/438/418
f 376/443/425 375/442/424 305/441/423 298/440/422
f 304/320/306 377/321/307 376/443/425 298/440/422
f 380/446/428 379/445/427 441/444/426 262/350/335
f 311/447/430 264/402/382 481/403/383 254/411/429
f 362/449/432 423/433/432 424/385/431 363/448/431
f 423/433/432 362/449/432 361/414/433 418/415/433
f 287/384/368 424/385/369 423/433/412 291/434/413
f 421/367/351 422/451/435 339/450/434 302/353/338
f 396/454/438 384/453/437 385/452/436 380/446/428
f 448/456/440 339/450/434 422/451/435 425/455/439
f 397/460/443 389/459/443 390/458/442 383/457/441
f 458/463/446 416/462/445 419/461/444 304/320/306
f 389/459/443 397/460/443 398/465/448 388/464/447
f 347/467/450 348/466/449 294/379/362 293/332/316
f 291/434/413 348/466/449 347/467/450 287/384/368
f 319/468/453 474/391/452 456/394/451 285/354/339
f 476/318/304 324/319/305 286/438/418 457/398/419
f 415/470/455 416/462/445 458/463/446 283/469/454
f 268/352/337 367/432/409 368/327/311 290/326/310
f 314/473/458 382/472/457 394/471/456 279/348/333
f 383/457/441 382/472/457 314/473/458 309/355/340
f 387/476/460 332/475/320 379/445/427 386/474/459
f 386/474/459 379/445/427 380/446/428 385/452/436
f 393/478/462 394/471/456 382/472/457 391/477/461
f 269/480/464 372/479/463 371/437/417 300/338/322
f 391/477/461 382/472/457 383/457/441 390/458/442
f 328/378/361 294/379/362 288/425/399 260/407/400
f 427/484/468 352/483/467 351/482/466 428/481/465
f 429/420/396 427/484/468 428/481/465 297/316/302
f 430/485/469 427/484/468 429/420/396 288/425/399
f 352/483/467 427/484/468 430/485/469 353/486/470
f 373/488/472 372/479/463 269/480/464 296/487/471
f 466/370/354 239/186/180 65/187/180 444/369/354
f 278/393/375 479/347/331 480/381/364 295/489/473
f 315/401/474 431/361/475 433/362/475 444/369/474
f 370/436/416 369/431/408 299/331/315 282/328/312
f 313/491/477 395/490/476 336/428/405 308/366/350
f 162/192/187 395/490/476 313/491/477 59/191/186
f 307/495/481 270/494/480 450/493/479 275/492/478
f 270/494/480 307/495/481 310/497/483 470/496/482
f 269/480/464 270/494/480 470/496/482 296/487/471
f 340/351/336 396/454/438 380/446/428 262/350/335
f 255/418/394 434/315/486 435/312/485 453/498/484
f 450/493/479 270/494/480 269/480/464 300/338/322
f 434/315/486 255/418/394 257/419/395 436/499/487
f 273/502/490 271/501/489 272/500/488 286/438/418
f 346/504/492 271/501/489 273/502/490 349/503/491
f 396/454/438 340/351/336 302/353/338 339/450/434
f 341/356/341 397/460/443 383/457/441 309/355/340
f 344/506/494 271/501/489 346/504/492 345/505/493
f 271/501/489 344/506/494 343/507/448 272/500/488
f 413/429/406 414/508/495 338/365/349 308/366/350
f 362/511/498 363/510/497 283/469/454 265/509/496
f 398/465/448 397/460/443 341/356/341 267/423/411
f 332/512/398 398/465/398 267/423/398 462/424/398
f 317/514/500 437/513/499 207/217/212 145/214/209
f 256/417/393 360/516/502 361/515/501 284/416/392
f 409/518/504 437/513/499 317/514/500 321/517/503
f 437/513/499 409/518/504 447/520/506 438/519/505
f 360/516/502 256/417/393 432/376/357 318/373/358
f 323/524/510 276/523/509 469/522/508 322/521/507
f 207/217/212 437/513/499 438/519/505 68/228/223
f 414/508/495 415/470/455 283/469/454 338/365/349
f 276/523/509 323/524/510 436/499/487 257/419/395
f 460/525/511 276/523/509 257/419/395 284/416/392
f 363/510/497 364/364/348 338/365/349 283/469/454
f 419/461/444 420/368/352 439/323/309 304/320/306
f 469/522/508 276/523/509 460/525/511 305/441/423
f 290/326/310 439/323/309 302/353/338
f 262/350/335 441/444/426 440/330/314 299/331/315
f 461/336/320 440/330/314 441/444/426 462/526/320
f 400/530/225 408/529/225 425/528/225 422/527/225
f 265/509/496 284/416/392 361/515/501 362/511/498
f 403/333/317 404/531/512 347/467/450 293/332/316
f 400/530/514 422/527/514 421/533/513 401/532/513
f 420/534/515 402/334/515 401/532/513 421/533/513
f 347/467/450 404/531/512 405/535/516 287/384/368
f 348/466/449 464/536/517 288/425/399 294/379/362
f 402/334/515 420/534/515 419/537/232 403/333/232
f 292/435/414 464/536/517 348/466/449 291/434/413
f 406/539/519 407/538/518 311/447/430 335/387/371
f 364/540/520 280/386/520 254/411/389 365/412/389
f 280/386/520 364/540/520 363/448/521 424/385/521
f 416/541/232 404/531/232 403/333/232 419/537/232
f 466/370/522 359/371/523 327/344/523 443/345/522
f 263/380/363 261/426/404 281/335/319 293/332/316
f 303/439/421 306/542/524 301/357/342 285/354/339
f 266/422/410 301/357/342 306/542/524 342/543/411
f 239/186/240 466/370/522 443/345/522 29/248/240
f 442/544/525 359/371/525 433/362/346 318/358/346
f 214/251/1 399/375/355 316/372/355 74/250/1
f 404/531/232 416/541/232 415/545/232 405/535/232
f 414/546/526 406/539/526 405/535/232 415/545/232
f 431/361/527 315/401/381 278/393/375 295/489/473
f 286/438/418 272/500/488 306/542/524 303/439/421
f 342/543/411 306/542/524 272/500/488 343/507/448
f 356/314/529 312/547/528 480/381/364 357/313/365
f 406/539/526 414/546/526 413/548/530 407/538/530
f 445/550/532 412/430/407 336/428/405 337/549/531
f 312/547/528 356/314/529 355/552/534 465/551/533
f 392/553/535 312/547/528 465/551/533 292/435/414
f 480/381/364 312/547/528 392/553/535 295/489/473
f 366/554/536 313/491/477 308/366/350 365/363/347
f 313/491/477 366/554/536 130/262/253 59/191/186
f 314/473/458 319/468/453 285/354/339 309/355/340
f 381/555/537 395/490/476 162/192/187 148/263/254
f 411/559/538 410/558/538 412/557/538 445/556/538
f 289/349/334 319/468/453 314/473/458 279/348/333
f 407/538/518 410/558/540 334/560/539 311/447/430
f 412/557/541 410/558/541 407/538/530 413/548/530
f 259/340/324 446/341/325 94/271/261 69/270/260
f 254/411/429 280/386/370 335/387/371 311/447/430
f 443/345/329 259/340/324 69/270/260 29/248/262
f 389/459/232 388/464/232 387/562/232 386/561/232
f 401/532/542 402/334/318 281/335/319 279/348/333
f 400/530/543 401/532/542 279/348/333 394/471/456
f 389/459/232 386/561/232 385/563/232 390/458/232
f 324/319/305 329/564/544 273/502/490 286/438/418
f 428/481/465 329/564/544 324/319/305 297/316/302
f 350/565/545 329/564/544 428/481/465 351/482/466
f 90/95/267 315/401/474 444/369/474 65/187/267
f 449/567/547 274/566/546 275/492/478 450/493/479
f 329/564/544 350/565/545 349/503/491 273/502/490
f 451/339/323 449/567/547 450/493/479 300/338/322
f 471/568/548 449/567/547 451/339/323 473/346/330
f 274/566/546 449/567/547 471/568/548 472/569/549
f 453/498/484 452/570/550 426/377/360 432/376/357
f 454/324/551 452/570/550 453/498/484 435/312/485
f 452/570/550 454/324/551 105/15/275 102/282/274
f 316/372/359 426/377/360 67/283/277 74/250/276
f 317/571/553 446/341/553 326/342/552 321/388/552
f 446/341/553 317/571/553 145/285/1 94/271/1
f 255/418/394 453/498/484 432/376/357 256/417/393
f 285/354/339 456/394/451 455/396/420 303/439/421
f 458/463/446 459/572/554 265/509/496 283/469/454
f 337/575/232 333/574/232 411/559/232 445/573/232
f 330/577/232 381/576/232 148/293/232 87/290/232
f 331/578/556 330/577/555 87/290/283 89/294/79
f 298/440/422 459/572/554 458/463/446 304/320/306
f 452/570/550 102/282/274 67/283/277 426/377/360
f 460/525/511 459/572/554 298/440/422 305/441/423
f 265/509/496 459/572/554 460/525/511 284/416/392
f 442/374/558 399/375/557 438/519/505 447/520/506
f 418/415/415 417/360/559 392/553/535 292/435/414
f 333/574/561 334/560/539 410/558/540 411/559/560
f 392/553/535 417/360/559 431/361/527 295/489/473
f 264/402/382 331/578/556 89/294/79 62/99/90
f 359/371/525 442/544/525 447/382/366 327/344/366
f 334/560/539 331/578/556 264/402/382 311/447/430
f 438/519/505 399/375/557 214/251/289 68/228/223
f 395/490/476 381/555/537 337/549/531 336/428/405
f 381/576/232 330/577/232 333/574/232 337/575/232
f 330/577/555 331/578/556 334/560/539 333/574/561
f 332/512/398 387/579/398 388/464/398 398/465/398
f 463/581/563 354/580/562 353/486/470 430/485/469
f 379/445/427 332/475/320 462/526/320 441/444/426
f 405/535/516 406/539/519 335/387/371 287/384/368
f 342/543/398 277/582/398 461/421/398 266/422/398
f 464/536/517 463/581/563 430/485/469 288/425/399
f 465/551/533 463/581/563 464/536/517 292/435/414
f 354/580/562 463/581/563 465/551/533 355/552/534
f 375/442/424 374/584/565 467/583/564 305/441/423
f 467/583/564 374/584/565 373/488/472 296/487/471
f 468/586/567 320/585/566 322/521/507 469/522/508
f 467/583/564 468/586/567 469/522/508 305/441/423
f 470/496/482 468/586/567 467/583/564 296/487/471
f 343/507/398 473/587/398 277/582/398 342/543/398
f 320/585/566 468/586/567 470/496/482 310/497/483
f 344/506/568 471/588/568 473/587/398 343/507/398
f 471/588/568 344/506/568 345/505/569 472/589/569
f 346/504/570 274/590/570 472/589/569 345/505/569
f 274/590/570 346/504/570 349/503/571 275/591/571
f 350/565/572 307/495/572 275/591/571 349/503/571
f 307/495/572 350/565/572 351/482/1 310/497/1
f 384/592/232 391/477/232 390/458/232 385/563/232
f 352/483/1 320/585/1 310/497/1 351/482/1
f 393/478/232 448/594/232 425/593/232 408/529/232
f 320/585/1 352/483/1 353/486/1 322/521/1
f 408/529/573 400/530/543 394/471/456 393/478/462
f 391/477/232 384/592/232 448/594/232 393/478/232
f 474/391/452 319/468/453 289/349/334 475/390/403
f 384/453/437 396/454/438 339/450/434 448/456/440
f 354/580/1 323/524/1 322/521/1 353/486/1
f 323/524/1 354/580/1 355/552/1 436/499/1
f 356/314/1 434/315/1 436/499/1 355/552/1
f 2202/598/577 758/597/576 1475/596/575 1415/595/574
f 1241/602/581 642/601/580 611/600/579 2341/599/578
f 2141/606/585 2150/605/584 1418/604/583 1424/603/582
f 1290/610/589 483/609/588 1195/608/587 1082/607/586
f 2315/614/593 576/613/592 2389/612/591 1966/611/590
f 741/618/597 1432/617/596 1520/616/595 1750/615/594
f 1993/622/601 1445/621/600 2181/620/599 1691/619/598
f 2151/626/602 2104/625/603 1756/624/603 1097/623/602
f 1240/630/607 1843/629/606 490/628/605 1636/627/604
f 694/634/609 2426/633/609 1935/632/608 1895/631/608
f 1756/624/603 2104/625/603 2206/636/610 952/635/610
f 1360/640/614 1359/639/613 819/638/612 1794/637/611
f 1440/644/618 1867/643/617 865/642/616 1442/641/615
f 498/648/622 2606/647/621 1582/646/620 1431/645/619
f 819/638/612 1359/639/613 1361/650/624 1785/649/623
f 2210/654/628 2208/653/627 2080/652/626 1066/651/625
f 2080/652/626 2208/653/627 2238/656/630 1070/655/629
f 2238/656/630 2208/653/627 2339/658/632 1071/657/631
f 2339/658/632 2208/653/627 2210/654/628 1083/659/633
f 483/609/588 2569/661/635 2468/660/634 1195/608/587
f 2468/665/638 2569/664/635 706/663/637 1346/662/636
f 584/669/232 583/668/232 1214/667/232 1051/666/232
f 1202/671/640 809/670/639 2569/661/635 483/609/588
f 800/675/644 810/674/643 806/673/642 983/672/641
f 806/673/642 810/674/643 772/677/646 880/676/645
f 772/681/650 810/680/649 1810/679/648 1093/678/647
f 1823/685/654 701/684/653 713/683/652 715/682/651
f 1810/679/648 810/680/649 800/687/656 866/686/655
f 1820/691/660 2127/690/659 1821/689/658 1956/688/657
f 1821/689/658 1830/694/662 1831/693/661 1956/692/657
f 729/698/666 749/697/665 752/696/664 1600/695/663
f 2038/702/670 2039/701/669 821/700/668 1793/699/667
f 547/706/674 814/705/673 1747/704/672 1192/703/671
f 1747/704/672 814/705/673 1735/708/676 1193/707/675
f 2357/712/677 1791/711/678 2359/710/678 1152/709/677
f 1153/714/679 2359/710/678 1791/711/678 2387/713/679
f 2315/718/680 2313/717/681 2292/716/681 2065/715/680
f 1372/722/685 1377/721/684 1929/720/683 1945/719/682
f 2387/726/689 1791/725/688 2416/724/687 1182/723/686
f 1183/728/691 2416/724/687 1791/725/688 2357/727/690
f 2443/732/692 482/731/693 2436/730/693 1154/729/692
f 1152/709/677 2436/730/693 482/731/693 2357/712/677
f 2535/736/697 2533/735/696 1146/734/695 2162/733/694
f 799/740/701 788/739/700 1482/738/699 1485/737/698
f 2357/727/690 482/742/703 2062/741/702 1183/728/691
f 1184/744/705 2062/741/702 482/742/703 2443/743/704
f 2181/620/599 1445/621/600 2013/746/707 1697/745/706
f 1230/750/711 1229/749/710 1232/748/709 1714/747/708
f 752/754/715 749/753/714 750/752/713 1601/751/712
f 2608/758/719 561/757/718 2269/756/717 1758/755/716
f 2327/762/720 2059/761/721 2086/760/721 2237/759/720
f 2015/766/1 2012/765/1 2334/764/1 2398/763/1
f 1971/770/725 2388/769/724 1331/768/723 1695/767/722
f 934/774/729 743/773/728 2459/772/727 1190/771/726
f 2477/775/1 2334/764/1 2012/765/1 2013/746/1
f 2469/779/733 606/778/732 614/777/731 1759/776/730
f 2459/772/727 743/773/728 1092/781/735 1191/780/734
f 1050/785/232 1048/784/232 597/783/232 489/782/232
f 593/789/737 1997/788/737 801/787/736 978/786/736
f 697/791/232 597/783/232 1048/784/232 1052/790/232
f 540/795/741 531/794/740 542/793/739 1392/792/738
f 934/797/742 1997/788/737 593/789/737 1103/796/742
f 697/791/746 958/800/745 661/799/744 1804/798/743
f 2464/804/747 836/803/748 1842/802/748 1908/801/747
f 1235/806/750 1229/749/710 1230/750/711 1720/805/749
f 1995/810/752 1417/809/752 1324/808/751 1222/807/751
f 661/799/744 958/800/745 1051/812/754 1703/811/753
f 2028/815/757 902/814/756 1602/813/755 1600/695/663
f 967/819/761 1262/818/760 2571/817/759 1391/816/758
f 896/823/762 2519/822/763 692/821/763 897/820/762
f 1675/826/766 841/825/765 706/663/637 1345/824/764
f 1379/830/232 2423/829/232 2549/828/232 2600/827/232
f 2496/834/770 1532/833/769 2522/832/768 1628/831/767
f 706/663/637 841/825/765 1674/835/771 1346/662/636
f 2408/839/772 1871/838/772 1326/837/772 1321/836/772
f 1322/843/772 492/842/772 679/841/772 1327/840/772
f 542/793/739 531/794/740 522/845/774 1456/844/773
f 1821/689/658 2127/690/659 2189/847/776 1250/846/775
f 907/851/780 923/850/779 1129/849/778 1626/848/777
f 2270/855/784 524/854/783 2594/853/782 1733/852/781
f 2282/859/788 484/858/787 2096/857/786 1197/856/785
f 664/862/791 665/861/790 1444/860/789 1415/595/574
f 2198/866/795 2250/865/794 1656/864/793 1728/863/792
f 2520/870/799 2518/869/798 2521/868/797 1581/867/796
f 2163/874/803 753/873/802 832/872/801 1772/871/800
f 1413/878/807 2207/877/806 1390/876/805 972/875/804
f 1032/882/811 1215/881/810 1212/880/809 1028/879/808
f 1212/880/809 1215/881/810 894/884/813 890/883/812
f 808/888/817 776/887/816 2263/886/815 1897/885/814
f 978/892/821 980/891/820 590/890/819 968/889/818
f 1600/695/663 1602/813/755 1400/894/823 1541/893/822
f 1982/898/827 1915/897/826 2417/896/825 2466/895/824
f 1021/902/831 1309/901/830 1217/900/829 1012/899/828
f 1217/900/829 1309/901/830 899/904/833 888/903/832
f 2263/907/815 776/887/816 2415/906/835 1893/905/834
f 600/911/839 594/910/838 604/909/837 1584/908/836
f 1681/913/843 1991/912/842 583/668/841 584/669/840
f 902/917/847 2028/916/846 1366/915/845 1368/914/844
f 882/921/851 901/920/850 1577/919/849 1922/918/848
f 1577/919/849 901/920/850 1578/923/853 1894/922/852
f 1612/927/857 1614/926/856 1030/925/855 1000/924/854
f 604/909/837 594/910/838 616/929/859 1589/928/858
f 1618/933/862 2022/932/861 1885/931/861 1829/930/860
f 1829/937/863 1885/936/864 2300/935/864 1819/934/863
f 692/821/763 2519/822/763 1464/939/865 1463/938/865
f 655/943/869 957/942/868 2370/941/867 1694/940/866
f 1614/926/856 1612/927/857 924/945/871 885/944/870
f 616/929/859 594/910/838 1260/947/872 881/946/232
f 1379/830/874 957/942/868 655/943/869 1699/948/873
f 2487/952/878 2239/951/877 1447/950/876 1438/949/875
f 1353/956/882 2592/955/881 557/954/880 1351/953/879
f 2339/658/632 1811/958/884 2374/957/883 1071/657/631
f 2374/957/883 1811/958/884 1149/960/886 1078/959/885
f 1149/960/886 1811/958/884 2101/962/888 1144/961/887
f 2101/962/888 1811/958/884 2339/658/632 1083/659/633
f 1460/966/892 756/965/891 755/964/890 1461/963/889
f 1813/970/893 1812/969/894 2069/968/894 1096/967/893
f 2069/968/894 1812/969/894 2151/626/602 1097/623/602
f 2085/972/232 2549/828/232 2423/829/232 1721/971/232
f 2592/955/881 1353/956/882 1672/974/896 1344/973/895
f 1361/978/1 1359/977/1 506/976/1 1663/975/1
f 2404/982/900 926/981/899 908/980/898 1767/979/897
f 841/825/765 794/984/902 903/983/901 1674/835/771
f 629/988/906 631/987/905 771/986/904 1029/985/903
f 522/845/774 531/794/740 1267/990/908 1266/989/907
f 684/994/912 1446/993/911 659/992/910 1796/991/909
f 2271/998/916 2264/997/915 2275/996/914 1453/995/913
f 1505/1002/917 1814/1001/918 2554/1000/918 1124/999/917
f 2554/1000/918 1814/1001/918 1244/1004/919 1123/1003/919
f 2118/1008/923 1159/1007/922 2369/1006/921 2164/1005/920
f 624/1010/925 2369/1006/921 1159/1007/922 538/1009/924
f 2557/1014/929 1555/1013/928 2122/1012/927 1706/1011/926
f 1461/963/889 755/964/890 949/1016/931 1467/1015/930
f 2122/1012/927 1555/1013/928 1730/1018/933 1724/1017/932
f 656/1022/937 971/1021/936 1531/1020/935 1535/1019/934
f 2606/647/621 498/648/622 1462/1024/939 1585/1023/938
f 1226/1027/940 1107/1026/941 679/841/941 1333/1025/940
f 538/1009/924 1815/1029/943 2036/1028/942 624/1010/925
f 1604/1033/947 487/1032/946 2501/1031/945 488/1030/944
f 1862/1037/948 2109/1036/949 2539/1035/949 1522/1034/948
f 1582/646/620 2606/647/621 2248/1039/951 1420/1038/950
f 2239/951/877 2487/952/878 889/1041/953 898/1040/952
f 669/1043/955 2036/1028/942 1815/1029/943 1510/1042/954
f 2261/1045/957 701/684/653 1823/685/654 1954/1044/956
f 2248/1039/951 2606/647/621 1585/1023/938 1438/949/875
f 2252/1048/960 1265/1047/959 1266/989/907 1597/1046/958
f 690/1052/964 691/1051/963 1909/1050/962 1891/1049/961
f 870/1056/968 868/1055/967 1387/1054/966 962/1053/965
f 2043/1060/969 2048/1059/970 1341/1058/970 1342/1057/969
f 1971/770/725 1263/1063/973 1988/1062/972 1705/1061/971
f 1339/1065/974 1341/1058/970 2048/1059/970 1145/1064/974
f 2096/1068/977 484/1067/976 1303/1066/975 1351/953/879
f 2383/1072/981 2360/1071/980 2384/1070/979 1458/1069/978
f 1282/1076/985 1281/1075/984 2306/1074/983 1732/1073/982
f 2539/1035/949 2109/1036/949 2289/1078/986 1521/1077/986
f 679/841/941 1107/1026/941 1225/1079/987 1327/840/987
f 2384/1070/979 2360/1071/980 2395/1081/989 1452/1080/988
f 2466/895/824 2417/896/825 2523/1083/991 1950/1082/990
f 2521/868/797 2518/869/798 1852/1085/993 1160/1084/992
f 671/1089/997 2558/1088/996 2560/1087/995 1574/1086/994
f 2573/1093/999 1146/1092/999 990/1091/998 1549/1090/998
f 2586/1095/1000 2582/1094/1001 1229/749/1001 1235/806/1000
f 2148/1097/1002 1885/931/861 2022/932/861 1223/1096/1002
f 1050/785/1006 2032/1100/1005 1484/1099/1004 1807/1098/1003
f 1818/1104/1010 2135/1103/1009 964/1102/1008 933/1101/1007
f 1841/1108/1014 1269/1107/1013 550/1106/1012 559/1105/1011
f 2572/1112/1018 2291/1111/1017 2160/1110/1016 1753/1109/1015
f 2474/1116/1022 2451/1115/1021 2253/1114/1020 1752/1113/1019
f 2135/1103/1009 1818/1104/1010 1074/1118/1024 1126/1117/1023
f 1573/1122/1025 671/1121/1026 2513/1120/1026 2516/1119/1025
f 2253/1114/1020 2451/1115/1021 2469/779/733 1759/776/730
f 1536/1126/1030 1495/1125/1029 1451/1124/1028 1453/1123/1027
f 1134/1130/1034 736/1129/1033 1404/1128/1032 1079/1127/1031
f 771/986/904 631/987/905 639/1131/1035 880/676/645
f 2457/1134/1038 2433/1133/1037 2064/1132/1036 1672/974/896
f 1404/1128/1032 736/1129/1033 1133/1135/1039 1082/607/586
f 2468/660/634 1886/1137/1041 2502/1136/1040 1195/608/587
f 1504/1141/1045 2420/1140/1044 2463/1139/1043 1559/1138/1042
f 2502/1136/1040 1886/1137/1041 2110/1143/1047 1203/1142/1046
f 1145/1064/1051 2048/1059/1050 2185/1145/1049 1778/1144/1048
f 2185/1145/1049 2048/1059/1050 2043/1060/1053 1776/1146/1052
f 2215/1150/1057 1381/1149/1056 2142/1148/1055 1902/1147/1054
f 2142/1148/1055 1381/1149/1056 2428/1152/1059 1906/1151/1058
f 1834/1156/1063 1835/1155/1062 1034/1154/1061 1033/1153/1060
f 1202/671/640 483/609/588 1290/610/589 864/1157/1064
f 1260/947/872 594/910/838 600/911/839 1180/1158/1065
f 1613/1161/1068 2551/1160/1067 2108/1159/1066 1353/956/882
f 1835/1155/1062 1834/1156/1063 998/1163/1070 1001/1162/1069
f 622/1167/1074 618/1166/1073 625/1165/1072 1507/1164/1071
f 1835/1155/1062 1837/1169/1076 1040/1168/1075 1034/1154/1061
f 625/1165/1072 618/1166/1073 627/1171/1078 1506/1170/1077
f 1837/1173/1076 1835/1155/1062 1001/1162/1069 1002/1172/1079
f 2081/1177/1083 573/1176/1082 569/1175/1081 762/1174/1080
f 510/1179/1085 762/1174/1080 569/1175/1081 511/1178/1084
f 1913/1183/1087 691/1182/963 690/1181/964 1892/1180/1086
f 576/613/592 1769/1185/1089 2285/1184/1088 2389/612/591
f 1875/1189/1093 1879/1188/1092 849/1187/1091 1762/1186/1090
f 1303/1193/1097 484/1192/1096 2282/1191/1095 1196/1190/1094
f 1837/1197/1076 1840/1196/1099 1015/1195/1098 1040/1194/1075
f 2497/1201/1103 493/1200/1102 1343/1199/1101 1348/1198/1100
f 1840/1196/1099 1837/1197/1076 1002/1203/1079 1003/1202/1104
f 633/1207/1106 632/1206/1106 634/1205/1105 1515/1204/1105
f 1110/1211/1110 1745/1210/1109 1603/1209/1108 1101/1208/1107
f 2305/1213/1112 2458/1212/1111 2457/1134/1038 1672/974/896
f 1603/1209/1108 1745/1210/1109 1099/1215/1114 1100/1214/1113
f 1932/1219/1115 2426/1218/609 694/1217/609 1892/1216/1115
f 832/872/801 753/873/802 754/1221/1117 1784/1220/1116
f 941/1225/1118 1545/1224/1119 2054/1223/1119 1896/1222/1118
f 2516/1119/1025 2517/1227/1120 831/1226/1120 1573/1122/1025
f 2395/1081/989 2360/1071/980 2361/1229/1122 1530/1228/1121
f 1877/1233/1126 1876/1232/1125 1878/1231/1124 1934/1230/1123
f 1179/1237/1130 2000/1236/1129 1845/1235/1128 883/1234/1127
f 1621/1241/1134 2056/1240/1133 2530/1239/1132 2237/1238/1131
f 1845/1235/1128 2000/1236/1129 1178/1243/1136 1038/1242/1135
f 1788/1245/1138 1484/1099/1004 2032/1100/1005 494/1244/1137
f 2162/1247/1139 1146/1092/999 2573/1093/999 1548/1246/1139
f 770/1251/1140 768/1250/1141 1534/1249/1141 947/1248/1140
f 1783/1255/1145 2075/1254/1144 647/1253/1143 2053/1252/1142
f 487/1032/946 833/1257/1147 1409/1256/1146 1601/751/712
f 908/980/898 926/981/899 2158/1259/1149 1749/1258/1148
f 2063/1263/1150 2017/1262/1151 1731/1261/1151 1098/1260/1150
f 1731/1261/1151 2017/1262/1151 1813/970/893 1096/967/893
f 2172/1267/1152 2350/1266/1153 2563/1265/1153 1151/1264/1152
f 2320/1271/1157 1156/1270/1156 2385/1269/1155 1777/1268/1154
f 1663/975/1161 506/976/1160 1080/1273/1159 1781/1272/1158
f 1080/1273/1159 506/976/1160 1644/1275/1163 1786/1274/1162
f 872/1279/1167 575/1278/1166 2025/1277/1165 892/1276/1164
f 2461/1283/1171 2403/1282/1170 1306/1281/1169 1736/1280/1168
f 2255/1287/1175 626/1286/1174 2093/1285/1173 1496/1284/1172
f 1644/1275/1 506/976/1 1359/977/1 1360/1288/1
f 726/1292/1177 654/1291/1177 1487/1290/1176 1488/1289/1176
f 1632/1296/1181 1684/1295/1180 1712/1294/1179 1200/1293/1178
f 1231/1300/1185 2298/1299/1184 1023/1298/1183 1019/1297/1182
f 2025/1277/1165 575/1278/1166 986/1302/1187 1088/1301/1186
f 1862/1306/1176 1861/1305/1188 2476/1304/1188 634/1303/1176
f 559/1105/1011 550/1106/1012 560/1307/1189 983/672/641
f 2187/1311/1193 2174/1310/1192 2060/1309/1191 2565/1308/1190
f 560/1307/1189 550/1106/1012 540/795/741 1392/792/738
f 1854/1315/1197 2033/1314/1196 2041/1313/1195 1164/1312/1194
f 2041/1313/1195 2033/1314/1196 1008/1317/1199 1162/1316/1198
f 2344/1321/1200 760/1320/1201 2478/1319/1201 2473/1318/1200
f 2286/1324/1202 561/757/1203 606/1323/1203 1336/1322/1202
f 614/1325/1204 606/1323/1203 561/757/1203 2608/758/1204
f 2509/1329/1205 792/1328/1206 2071/1327/1206 940/1326/1205
f 1817/1333/1 2403/1332/1207 1608/1331/1207 1316/1330/1
f 2182/1337/1211 2183/1336/1210 722/1335/1209 1698/1334/1208
f 2430/1341/1215 608/1340/1214 1652/1339/1213 1838/1338/1212
f 2108/1159/1066 2551/1160/1067 2110/1343/1217 1213/1342/1216
f 1755/1347/1221 1713/1346/1220 2113/1345/1219 1715/1344/1218
f 2473/1318/1225 2478/1319/1224 2605/1349/1223 1764/1348/1222
f 596/1353/1229 595/1352/1228 2197/1351/1227 940/1350/1226
f 2197/1351/1227 595/1352/1228 795/1355/1231 798/1354/1230
f 2261/1357/957 2426/1218/1234 1932/1219/1233 1952/1356/1232
f 1646/1359/1235 2476/1304/1188 1861/1305/1188 2206/1358/1235
f 2169/1363/1238 517/1362/1237 533/1361/1236 1945/1360/682
f 997/1367/1242 2052/1366/1241 2042/1365/1240 991/1364/1239
f 2042/1365/1240 2052/1366/1241 1032/882/811 1028/879/808
f 722/1335/1209 2183/1336/1210 2181/620/599 1697/745/706
f 613/1371/1244 2034/1370/1243 890/1369/812 894/1368/813
f 715/682/651 2189/847/776 2127/690/659 1823/685/654
f 824/1373/1246 2542/1372/1245 902/917/847 1368/914/844
f 2602/1375/1248 2542/1372/1245 824/1373/1246 1611/1374/1247
f 2396/1379/1252 765/1378/1251 2454/1377/1250 1696/1376/1249
f 1574/1381/1253 2563/1265/1153 2350/1266/1153 2351/1380/1253
f 949/1384/931 755/964/890 895/1383/1255 887/1382/1254
f 2034/1370/1243 613/1371/1244 1459/1386/1257 1455/1385/1256
f 1838/1390/1258 1652/1389/1258 607/1388/1258 2145/1387/1258
f 1849/1394/1261 2532/1393/1260 2191/1392/1259 1503/1391/1175
f 708/1396/1263 2343/1395/1262 888/903/832 899/904/833
f 1501/1400/1264 2528/1399/1265 544/1398/1265 1499/1397/1264
f 544/1398/1265 2528/1399/1265 937/1402/1266 933/1401/1266
f 1604/1033/947 508/1405/1269 496/1404/1268 1245/1403/1267
f 1619/1409/1270 2193/1408/1271 2086/1407/1271 2230/1406/1270
f 991/1364/1239 2042/1365/1240 2462/1411/1273 992/1410/1272
f 2462/1413/1273 2042/1365/1240 1028/879/808 1021/1412/831
f 637/1415/1274 632/1206/1106 633/1207/1106 1514/1414/1274
f 640/1417/1275 638/1416/1275 637/1415/1274 1514/1414/1274
f 2306/1074/983 1281/1075/984 1283/1419/1277 1739/1418/1276
f 2275/996/914 2264/997/915 2384/1070/979 1452/1080/988
f 1499/1397/1264 2574/1421/1278 2115/1420/1278 1501/1400/1264
f 2230/1423/1279 2086/760/721 2059/761/721 2321/1422/1279
f 1610/1425/1280 1608/1331/1207 2403/1332/1207 2461/1424/1280
f 1165/1429/1284 682/1428/1283 2589/1427/1282 993/1426/1281
f 2237/1238/1131 2086/1407/1271 2193/1408/1271 1618/933/862
f 2589/1427/1282 682/1428/1283 1166/1431/1286 1058/1430/1285
f 2361/1229/1122 2121/1433/1288 555/1432/1287 1530/1228/1121
f 1497/1437/1292 2574/1436/1291 840/1435/1290 1547/1434/1289
f 2328/1441/1294 1916/1440/1294 1433/1439/1293 1424/1438/1293
f 840/1435/1290 2574/1436/1291 1499/1443/1296 1551/1442/1295
f 1990/1447/1300 1992/1446/1299 585/1445/1298 1678/1444/1297
f 992/1451/1272 2462/1450/1273 592/1449/1302 994/1448/1301
f 1385/1455/1306 1384/1454/1305 1280/1453/1304 1738/1452/1303
f 592/1449/1302 2462/1450/1273 1021/902/831 1012/899/828
f 533/1361/1236 517/1362/1237 2132/1457/1308 2524/1456/1307
f 795/1355/1231 595/1352/1228 2154/1459/1310 797/1458/1309
f 668/1463/1314 2581/1462/1313 2073/1461/1312 581/1460/1311
f 2171/1464/1315 2154/1459/1310 595/1352/1228 596/1353/1229
f 624/1010/925 2036/1028/942 2421/1466/1317 1914/1465/1316
f 1085/1468/1318 607/1388/1319 1652/1389/1319 1833/1467/1318
f 585/1445/1298 1992/1446/1299 2422/1470/232 1675/1469/766
f 1280/1453/1304 1384/1454/1305 1282/1076/985 1732/1073/982
f 1636/627/604 611/600/579 642/601/580 1240/630/607
f 2267/1474/1320 2242/1473/1321 2335/1472/1321 2338/1471/1320
f 737/1477/1324 1850/1476/1323 1678/1444/1297 1363/1475/1322
f 1376/1479/1326 583/668/841 1991/912/842 1688/1478/1325
f 639/1131/1035 648/1480/1327 806/673/642 880/676/645
f 1875/1189/232 2597/1483/232 789/1482/232 1996/1481/232
f 2133/1486/1330 2442/1485/1329 608/1340/1214 630/1484/1328
f 679/841/772 492/842/772 1323/1487/772 1333/1025/772
f 2385/1269/1155 1156/1270/1156 2407/1489/1332 1771/1488/1331
f 630/1484/1328 608/1340/1214 2430/1341/1215 2293/1490/1333
f 2604/1494/1337 954/1493/1336 955/1492/1335 1808/1491/1334
f 2137/1498/1341 2091/1497/1340 2295/1496/1339 1802/1495/1338
f 2130/1500/1343 668/1463/1314 581/1460/1311 591/1499/1342
f 2283/1502/1345 1231/1300/1185 1019/1297/1182 1226/1501/1344
f 2477/1503/1346 765/1378/1251 2396/1379/1252 1706/1011/926
f 1883/1507/1350 1554/1506/1349 1020/1505/1348 1011/1504/1347
f 2421/1466/1317 2036/1028/942 669/1043/955 1918/1508/1351
f 630/1484/1328 668/1463/1314 2130/1500/1343 2133/1486/1330
f 2566/1512/1355 644/1511/1354 1509/1510/1353 1937/1509/1352
f 1554/1506/1349 1883/1507/1350 993/1426/1281 1039/1513/1356
f 2161/1517/1360 2168/1516/1359 1538/1515/1358 1513/1514/1357
f 2378/1521/1364 1511/1520/1363 2025/1519/1362 1088/1518/1361
f 675/1525/1366 1377/1524/1366 1931/1523/1365 1891/1522/1365
f 1225/1529/1367 1107/1528/1368 683/1527/1368 1664/1526/1367
f 1085/1531/1370 490/628/605 1843/629/606 1239/1530/1369
f 1306/1281/1169 2403/1282/1170 1817/1533/1372 1726/1532/1371
f 493/1200/1102 2497/1201/1103 1347/1534/1373 1344/973/895
f 486/1538/1377 2488/1537/1376 1400/1536/1375 1602/1535/1374
f 1897/885/814 2263/886/815 1822/1540/1379 1926/1539/1378
f 2025/1519/1362 1511/1520/1363 985/1542/1381 892/1541/1380
f 2005/1546/1382 2465/1545/1383 702/1544/1383 1900/1543/1382
f 1822/1548/1379 2263/907/815 1893/905/834 1924/1547/1384
f 985/1542/1381 1511/1520/1363 2260/1550/1386 878/1549/1385
f 2260/1550/1386 1511/1520/1363 2378/1521/1364 1042/1551/1387
f 678/1555/1391 826/1554/1390 2138/1553/1389 1905/1552/1388
f 1099/1215/1114 1984/1558/1394 1700/1557/1393 946/1556/1392
f 1336/1559/1395 606/778/732 2469/779/733 1762/1186/1090
f 1700/1557/1393 1984/1558/1394 868/1055/967 870/1056/968
f 769/1563/1399 707/1562/1398 2399/1561/1397 1770/1560/1396
f 2399/1561/1397 707/1562/1398 709/1565/1401 1780/1564/1400
f 580/1569/1405 2123/1568/1404 2536/1567/1403 1722/1566/1402
f 1112/1573/1409 1066/1572/1408 1022/1571/1407 1081/1570/1406
f 2319/1577/1410 586/1576/1411 569/1575/1411 573/1574/1410
f 1842/802/748 836/803/748 523/1579/1412 1911/1578/1412
f 1868/1581/1414 1848/1580/1413 1368/914/844 1366/915/845
f 529/1583/1416 623/1582/1415 629/988/906 1029/985/903
f 2258/1585/1418 1289/1584/1417 1082/607/586 1133/1135/1039
f 2184/1587/1420 2577/1586/1419 2185/1145/1049 1776/1146/1052
f 1289/1584/1417 2258/1585/1418 1112/1589/1422 1081/1588/1421
f 1575/1591/1423 831/1226/1120 2517/1227/1120 2546/1590/1423
f 2258/1585/1418 2210/654/628 1066/651/625 1112/1589/1422
f 511/1593/1424 569/1575/1424 586/1576/1424 2283/1592/1424
f 2210/654/628 2258/1585/1418 1133/1135/1425 1083/659/633
f 1247/1597/1426 805/1596/1427 1977/1595/1427 1980/1594/1426
f 2401/1601/1429 2022/1600/1429 1618/1599/1428 1352/1598/1428
f 1978/1603/1 1977/1595/1427 805/1596/1427 2024/1602/1
f 1247/1597/1432 1252/1605/1431 1367/1604/1430 1688/1478/1325
f 1610/1425/1436 1284/1608/1435 1207/1607/1434 1734/1606/1433
f 555/1432/1287 2121/1433/1288 2393/1610/1438 1526/1609/1437
f 2343/1395/1262 708/1396/1263 1448/1612/1440 1439/1611/1439
f 1052/790/232 1441/1613/232 958/800/232 697/791/232
f 2526/1617/772 667/1616/772 1365/1615/772 1349/1614/772
f 2180/1621/1442 2174/1620/1442 2187/1619/1441 1550/1618/1441
f 1234/1624/1445 2354/1623/1444 607/1622/1443 1085/1531/1370
f 2393/1610/1438 2121/1433/1288 2527/1626/1447 1525/1625/1446
f 2580/1629/1450 2379/1628/1449 1129/849/778 1623/1627/1448
f 924/945/871 1989/1631/1452 1798/1630/1451 885/944/870
f 1324/1635/751 504/1634/1453 2114/1633/1453 1222/1632/751
f 2114/1633/1453 504/1634/1453 1323/1487/1454 1221/1636/1454
f 2576/1640/1458 2607/1639/1457 2500/1638/1456 1056/1637/1455
f 2358/1644/1462 2268/1643/1461 495/1642/1460 1141/1641/1459
f 1142/1646/1464 495/1642/1460 2268/1643/1461 2322/1645/1463
f 1178/1243/1136 491/1648/1466 2301/1647/1465 1038/1242/1135
f 2301/1647/1465 491/1648/1466 1176/1650/1468 1010/1649/1467
f 667/1616/772 2526/1617/772 1204/1651/772 1352/1598/772
f 1479/1655/1472 828/1654/1471 834/1653/1470 1473/1652/1469
f 1916/1440/1294 2328/1657/1294 1459/1656/1473 1463/938/1473
f 2231/1659/1475 2203/1658/1474 2354/1623/1444 1234/1624/1445
f 2322/1645/1463 2256/1661/1477 2437/1660/1476 1142/1646/1464
f 2441/1663/1479 2503/1662/1478 560/1307/1189 1392/792/738
f 560/1307/1189 2503/1662/1478 800/675/644 983/672/641
f 1500/1665/1480 2115/1420/1278 2574/1421/1278 1497/1664/1480
f 1323/1487/772 504/1634/772 501/1666/772 1333/1025/772
f 501/1666/772 504/1634/772 1324/1635/772 1334/1667/772
f 977/1669/1482 2437/1660/1476 2256/1661/1477 687/1668/1481
f 1166/1431/1286 2088/1671/1484 534/1670/1483 1058/1430/1285
f 1239/1530/1369 2281/1673/1486 2333/1672/1485 2231/1659/1475
f 2237/759/1487 2530/1675/1487 1803/1674/1487 2327/762/1487
f 534/1670/1483 2088/1671/1484 1167/1677/1489 922/1676/1488
f 1599/1679/1491 1860/1678/1490 622/1167/1074 1507/1164/1071
f 622/1167/1074 1860/1678/1490 1202/1681/1493 864/1680/1492
f 1329/1685/1497 686/1684/1496 549/1683/1495 1687/1682/1494
f 2546/1590/1423 1378/1687/1498 2067/1686/1498 1575/1591/1423
f 1730/1018/933 1555/1013/928 738/1689/1500 1723/1688/1499
f 738/1689/1500 1555/1013/928 2557/1014/929 1705/1061/971
f 1510/1042/954 1856/1691/1502 1847/1690/1501 669/1043/955
f 1850/1476/1323 737/1477/1324 1611/1374/1247 1676/1692/1503
f 882/921/851 1847/1690/1501 1856/1691/1502 2178/1693/1504
f 2148/1697/1505 2146/1696/1506 2154/1695/1506 2171/1694/1505
f 1790/1701/1510 843/1700/1509 512/1699/1508 1766/1698/1507
f 1499/1443/1296 544/1703/1512 850/1702/1511 1551/1442/1295
f 512/1699/1508 843/1700/1509 1882/1704/1513 1758/755/716
f 850/1702/1511 544/1703/1512 933/1101/1007 964/1102/1008
f 1882/1704/1513 843/1700/1509 1790/1701/1510 1754/1705/1514
f 2134/1709/1518 564/1708/1517 2232/1707/1516 1763/1706/1515
f 2269/756/717 561/757/718 2286/1324/1520 1760/1710/1519
f 1667/1714/1524 1666/1713/1523 1108/1712/1522 1565/1711/1521
f 1878/1231/1124 1876/1232/1125 1250/846/775 1957/1715/1525
f 995/1717/1527 2105/1716/1526 2301/1647/1465 1010/1649/1467
f 1709/1721/1531 1609/1720/1530 1308/1719/1529 2446/1718/1528
f 800/687/656 2503/1723/1533 982/1722/1532 866/686/655
f 2507/1727/1536 2505/1726/1535 783/1725/1534 1598/1724/1534
f 1283/1419/1277 1281/1075/984 1282/1076/985 1729/1728/1537
f 2301/1647/1465 2105/1716/1526 1030/925/855 1038/1242/1135
f 546/1730/1539 577/1729/1538 1451/1124/1028 1495/1125/1029
f 540/795/741 550/1106/1012 1269/1107/1013 1268/1731/1540
f 1168/1735/1544 1274/1734/1543 2157/1733/1542 1043/1732/1541
f 2266/1737/1546 2264/997/915 2271/998/916 1454/1736/1545
f 806/673/642 648/1480/1327 559/1105/1011 983/672/641
f 2157/1733/1542 1274/1734/1543 1180/1158/1065 919/1738/1547
f 1282/1076/985 1384/1454/1305 1313/1739/1548 1729/1728/1537
f 2407/1489/1332 1156/1270/1156 2559/1740/1549 1785/649/623
f 2191/1392/1259 2532/1393/1260 2246/1742/1551 1569/1741/1550
f 990/1744/1115 1146/734/695 2533/735/696 2223/1743/1552
f 799/1748/701 816/1747/1555 915/1746/1554 920/1745/1553
f 1226/1501/1344 2376/1750/1556 2205/1749/1556 2283/1502/1345
f 2552/1754/1560 1243/1753/1559 2355/1752/1558 1595/1751/1557
f 1606/1755/1561 1263/1063/973 1971/770/725 1695/767/722
f 2500/1638/1456 2607/1639/1457 2346/1757/1563 1412/1756/1562
f 580/1569/1405 1237/1759/1565 1625/1758/1564 1714/747/708
f 1625/1758/1564 1237/1759/1565 1622/1761/1567 1710/1760/1566
f 1176/1650/1468 1273/1763/1569 2425/1762/1568 1010/1649/1467
f 2425/1762/1568 1273/1763/1569 1168/1735/1544 1043/1732/1541
f 2246/1742/1551 2532/1393/1260 971/1765/1571 1568/1764/1570
f 971/1765/1571 2532/1393/1260 1849/1394/1261 1531/1766/1572
f 1620/1769/1574 693/1768/1573 2550/1767/1573 2580/1629/1450
f 2580/1773/1575 2550/1772/1576 747/1771/1576 811/1770/1575
f 582/1776/1579 670/1775/1578 1022/1571/1407 1076/1774/1577
f 940/1350/1205 2197/1351/1580 2333/1778/1580 2509/1777/1205
f 1311/1781/1583 1310/1780/1582 1210/1779/1581 1733/852/781
f 1877/1233/1126 2584/1783/1585 644/1511/1354 1832/1782/1584
f 2387/713/679 2596/1785/1586 1864/1784/1586 1153/714/679
f 1864/1784/1586 2596/1785/1586 2172/1267/1152 1151/1264/1152
f 1660/1787/1588 2363/1786/1587 908/980/898 1749/1258/1148
f 908/980/898 2363/1786/1587 2303/1788/1589 1767/979/897
f 2461/1424/1280 2593/1789/1590 1284/1608/1590 1610/1425/1280
f 2230/1406/1270 2550/1767/1573 693/1768/1573 1619/1409/1270
f 1832/1782/1584 644/1511/1354 2566/1791/1355 1933/1790/1591
f 2171/1694/1505 2300/935/864 1885/936/864 2148/1697/1505
f 783/1795/1592 2505/1794/1593 535/1793/1593 1529/1792/1592
f 1291/1799/1597 1293/1798/1596 615/1797/1595 1627/1796/1594
f 2496/834/770 2009/1802/1600 2010/1801/1599 1629/1800/1598
f 2274/1806/1601 2249/1805/1602 786/1804/1602 1150/1803/1601
f 1154/729/692 786/1804/1602 2249/1805/1602 2443/732/692
f 2443/743/704 2249/1808/1604 2175/1807/1603 1184/744/705
f 1993/622/1 2326/1811/1605 1257/1810/1605 2454/1809/1
f 2206/636/610 1861/1813/1606 526/1812/1606 952/635/610
f 1358/1815/1608 1357/1814/1607 2385/1269/1155 1771/1488/1331
f 1007/1819/1609 2324/1818/1610 2245/1817/1610 1006/1816/1609
f 526/1812/1606 1861/1813/1606 1862/1037/948 1522/1034/948
f 873/1821/1611 1257/1810/1605 2326/1811/1605 1255/1820/1611
f 1425/1825/1615 2590/1824/1614 2588/1823/1613 1428/1822/1612
f 2588/1823/1613 2590/1824/1614 1460/966/892 1461/963/889
f 709/1565/232 707/1562/232 2402/1827/232 2051/1826/232
f 2578/1831/1616 2379/1830/1617 787/1829/1617 804/1828/1616
f 2245/1817/1610 2324/1818/1610 1037/1833/1618 1036/1832/1618
f 2100/1837/1622 845/1836/1621 1980/1835/1620 1690/1834/1619
f 1150/1803/1601 2067/1686/1498 1378/1687/1498 2274/1806/1601
f 1142/1841/1464 2437/1840/1476 2391/1839/1624 1139/1838/1623
f 2391/1839/1624 2437/1844/1476 977/1843/1482 974/1842/1625
f 2016/1846/1627 2060/1309/1191 2174/1310/1192 566/1845/1626
f 2586/1850/1631 1286/1849/1630 1746/1848/1629 1707/1847/1628
f 1921/1854/1635 1641/1853/1634 2410/1852/1633 1890/1851/1632
f 1746/1848/1629 1286/1849/1630 2398/1855/1636 1724/1017/932
f 1509/1510/1353 644/1511/1354 2584/1783/1585 2585/1856/1637
f 1022/1571/1407 774/1858/1639 685/1857/1638 1076/1774/1577
f 2303/1788/1589 2363/1786/1587 1109/1859/1640 1752/1113/1019
f 2527/1626/1447 2121/1433/1288 2361/1229/1122 1512/1860/1641
f 2072/1864/1645 2176/1863/1644 2177/1862/1643 1426/1861/1642
f 1279/1866/1646 1284/1608/1590 2593/1789/1590 2594/1865/1646
f 2572/1112/232 2402/1827/232 707/1562/232 769/1563/232
f 1109/1859/1640 2363/1786/1587 1660/1787/1588 1748/1867/1647
f 685/1857/1638 774/1858/1639 1024/1869/1649 1075/1868/1648
f 2051/1826/232 2050/1871/232 710/1870/232 709/1565/232
f 2522/1875/1650 1532/1874/1651 2381/1873/1651 2342/1872/1650
f 1208/1877/1653 2439/1876/1652 2306/1074/983 1739/1418/1276
f 2010/1881/1654 2009/1880/1655 649/1879/1655 764/1878/1654
f 869/1885/1657 551/1884/1657 663/1883/1656 1947/1882/1656
f 2396/1379/1252 2388/769/724 2557/1014/929 1706/1011/926
f 1411/1889/1659 1380/1888/1658 1952/1887/1232 1932/1886/1233
f 1294/1890/1660 2009/1802/1600 2496/834/770 1628/831/767
f 2447/1894/1664 2011/1893/1663 2236/1892/1662 1242/1891/1661
f 2158/1259/1149 926/981/899 1155/1895/1665 1750/615/594
f 2410/1899/1633 1641/1898/1634 1917/1897/1667 1895/1896/1666
f 1155/1895/1665 926/981/899 2404/982/900 1768/1900/1668
f 1119/1901/1669 1100/1214/1113 1099/1215/1114 946/1556/1392
f 2225/1905/1670 2429/1904/1671 2448/1903/1671 1907/1902/1670
f 1676/1692/1503 603/1908/1674 1974/1907/1673 1975/1906/1672
f 953/1910/1675 535/1793/1593 2505/1794/1593 1735/1909/1675
f 1972/1912/1677 1974/1907/1673 603/1908/1674 1677/1911/1676
f 1735/708/676 2505/1726/1535 2507/1727/1536 1193/707/675
f 966/1915/1680 863/1914/1679 830/1913/1678 1777/1268/1154
f 1646/1919/1681 1645/1918/1682 1647/1917/1682 948/1916/1681
f 975/1923/1685 2352/1922/1684 1233/1921/1683 968/1920/818
f 2351/1380/1253 2513/1120/1026 671/1121/1026 1574/1381/1253
f 1233/1921/1683 2352/1926/1684 1140/1925/1687 1131/1924/1686
f 2398/763/1 1286/1928/1688 1288/1927/1688 2015/766/1
f 1235/806/1689 1288/1927/1688 1286/1928/1688 2586/1095/1689
f 796/1932/1692 2515/1931/1691 2229/1930/1690 1140/1929/1687
f 2229/1930/1690 2515/1931/1691 2358/1644/1462 1141/1641/1459
f 1328/1934/1694 1068/1933/1693 1329/1685/1497 1687/1682/1494
f 1329/1685/1497 1068/1933/1693 1330/1936/1696 1679/1935/1695
f 1330/1936/1696 1068/1933/1693 1331/768/723 1696/1376/1249
f 834/1653/1470 828/1654/1471 928/1938/1698 912/1937/1697
f 1867/643/617 498/648/622 1431/645/619 1436/1939/1699
f 2177/1862/1643 2176/1863/1644 2414/1941/1701 1405/1940/1700
f 498/648/622 1867/643/617 1440/644/618 1462/1024/939
f 2004/1945/1702 2001/1944/1702 2005/1943/1382 1900/1942/1382
f 1331/768/723 1068/1933/1693 1328/1934/1694 1695/767/722
f 1428/1822/1612 2588/1823/1613 2499/1947/1704 1429/1946/1703
f 2499/1949/1704 2588/1823/1613 1461/963/889 1467/1948/930
f 2015/766/1708 1288/1927/1707 1919/1951/1706 1719/1950/1705
f 2236/1955/1 2011/1954/1709 867/1953/1709 1789/1952/1
f 552/1959/1713 548/1958/1712 554/1957/1711 1692/1956/1710
f 2526/1617/1715 2026/1961/1715 1615/1960/1714 1204/1651/1714
f 2557/1014/929 2388/769/724 1971/770/725 1705/1061/971
f 2010/1801/1599 2011/1893/1663 2447/1894/1664 1629/1800/1598
f 2013/746/707 2012/765/1717 2014/1962/1716 1697/745/706
f 971/1021/936 656/1022/937 1541/893/822 1568/1963/1718
f 485/1965/1720 1402/1964/1719 2270/855/784 1733/852/781
f 2414/1941/1701 2176/1863/1644 2173/1967/1722 1387/1966/1721
f 1538/1515/1358 2168/1516/1359 2266/1737/1546 1454/1736/1545
f 2270/855/784 1402/1964/1719 2302/1969/1724 1727/1968/1723
f 1631/1971/772 2332/1970/772 1321/836/772 1326/837/772
f 2173/1967/1722 2176/1863/1644 2072/1864/1645 1389/1972/1725
f 2428/1152/1059 1381/1149/1056 734/1973/1726 2138/1553/1389
f 2514/1976/1729 2567/1975/1728 1423/1974/1727 1535/1019/934
f 1374/1980/1733 1373/1979/1732 1375/1978/1731 1744/1977/1730
f 494/1244/1137 647/1253/1143 2075/1254/1144 1788/1245/1138
f 2307/1981/232 710/1870/232 2050/1871/232 2053/1252/232
f 1429/1984/1703 2499/1983/1704 865/642/616 1430/1982/1734
f 1055/1988/1735 1045/1987/1736 2308/1986/1736 1062/1985/1735
f 2308/1986/1736 1045/1990/1736 998/1989/1737 1007/1819/1737
f 865/642/616 2499/1983/1704 1467/1991/930 1442/641/615
f 1302/1992/1738 1308/1719/1529 1609/1720/1530 1734/1606/1433
f 1051/666/754 1214/667/1740 1981/1994/1739 1703/1993/753
f 846/1997/1743 847/1996/1742 1547/1434/1289 1466/1995/1741
f 1796/991/909 2035/1999/1746 2460/1998/1745 489/782/1744
f 2469/779/733 2451/1115/1021 2474/1116/1022 1762/1186/1090
f 1001/1162/1069 2406/2002/1748 2087/2001/1747 1002/2000/1079
f 2087/2005/1747 2406/2002/1748 1057/2004/1750 1060/2003/1749
f 2541/2009/1754 699/2008/1753 700/2007/1752 1161/2006/1751
f 700/2007/1752 699/2008/1753 2560/2011/995 1580/2010/1755
f 641/2013/1756 638/1416/1275 640/1417/1275 1516/2012/1756
f 2372/2015/1757 2366/2014/1757 641/2013/1756 1516/2012/1756
f 1647/1917/1682 1645/1918/1682 1297/2017/1758 1090/2016/1758
f 2083/2019/1760 2081/1177/1083 762/1174/1080 767/2018/1759
f 1002/1203/1079 2087/2021/1747 1188/2020/1761 1003/1202/1104
f 2448/1903/1671 2429/1904/1671 2464/804/747 1908/801/747
f 1188/2020/1761 2087/2021/1747 1060/2023/1749 1064/2022/1762
f 1255/1820/1764 2326/1811/1763 552/1959/1713 1692/1956/1710
f 552/1959/1713 2326/1811/1763 1993/622/601 1691/619/598
f 941/2027/1765 2345/2026/1766 1577/2025/1766 1894/2024/1765
f 1922/2029/1767 1577/2025/1766 2345/2026/1766 523/2028/1767
f 2310/2033/1770 2097/2032/1769 2353/2031/1768 911/2030/1
f 2353/2031/1768 2097/2032/1769 2424/2034/1772 1161/2006/1771
f 2424/2034/1772 2097/2032/1769 1044/2036/1774 1163/2035/1773
f 1044/2036/1774 2097/2032/1769 2310/2033/1770 1162/1316/1775
f 521/2040/1779 2323/2039/1778 1049/2038/1777 1047/2037/1776
f 1340/2042/1780 2366/2014/1757 2372/2015/1757 944/2041/1780
f 2323/2044/1778 521/2040/1779 991/1364/1239 992/2043/1272
f 1261/2047/1783 2368/2046/1782 2380/2045/1781 881/946/232
f 485/1965/1720 1209/2050/1786 1211/2049/1785 1740/2048/1784
f 514/2052/1788 503/2051/1787 2113/1345/1219 1723/1688/1499
f 1211/2049/1785 1209/2050/1786 1210/1779/1581 1728/863/792
f 2568/2056/1792 2200/2055/1791 1199/2054/1790 1716/2053/1789
f 2139/2060/1534 1398/2059/1793 638/2058/1793 641/2057/1534
f 1227/2064/1794 1158/2063/1795 1887/2062/1795 2144/2061/1794
f 2380/2045/1781 2368/2046/1782 2000/1236/1129 1179/1237/1130
f 2000/1236/1129 2368/2046/1782 491/1648/1466 1178/1243/1136
f 491/1648/1466 2368/2046/1782 1261/2047/1783 1176/1650/1468
f 2431/2066/1797 2238/656/630 1071/657/631 1135/2065/1796
f 830/1913/1678 863/1914/1679 1571/2067/1798 1772/871/800
f 2516/2071/1802 2513/2070/1801 2331/2069/1800 1592/2068/1799
f 1315/2073/1805 609/2072/1804 1316/1330/1803 1709/1721/1531
f 1203/1142/1046 1665/2075/1807 1650/2074/1806 1079/1127/1031
f 2238/656/630 2431/2066/1797 1111/2076/1808 1070/655/629
f 1999/2078/1809 2001/1944/1702 2004/1945/1702 1899/2077/1809
f 1894/2024/1765 2077/2080/1810 1545/2079/1810 941/2027/1765
f 2093/1285/1173 2049/2082/1812 2076/2081/1811 1496/1284/1172
f 566/2084/1813 2174/1620/1442 2180/1621/1442 963/2083/1813
f 2076/2081/1811 2049/2082/1812 546/2086/1815 1495/2085/1814
f 2056/1240/1133 768/2089/1818 770/2088/1817 1624/2087/1816
f 1571/2067/1798 863/1914/1679 966/1915/1680 1780/1564/1400
f 1022/1571/1407 670/1775/1578 1287/2090/1819 1081/1570/1406
f 2567/1975/1728 2514/1976/1729 1524/2092/1821 1518/2091/1820
f 2514/1976/1729 2393/2094/1823 1525/2093/1822 1524/2092/1821
f 2144/2098/1824 1887/2097/1825 2021/2096/1825 518/2095/1824
f 2297/2100/1827 2132/1457/1308 517/1362/1237 2221/2099/1826
f 2422/2101/232 794/984/902 841/825/765 1675/826/766
f 1250/846/775 2189/847/776 567/2102/1828 1957/1715/1525
f 567/2102/1828 2189/847/776 715/682/651 1955/2103/1829
f 993/1426/1281 2589/1427/1282 942/2104/1830 1039/1513/1356
f 942/2104/1830 2589/1427/1282 1058/1430/1285 1046/2105/1831
f 1313/1739/1548 1384/1454/1305 1385/1455/1306 1737/2106/1832
f 2559/1740/1549 1156/1270/1156 2320/1271/1157 1784/1220/1116
f 2393/2094/1823 2514/1976/1729 1535/1019/934 1526/2107/1833
f 2113/1345/1219 503/2051/1787 520/2108/1834 1715/1344/1218
f 1234/1624/1445 1085/1531/1370 1239/1530/1369 2231/1659/1475
f 767/2018/1759 762/1174/1080 510/1179/1085 518/2109/1835
f 578/2110/1836 701/684/653 2261/1357/957 1952/1356/1232
f 1120/2114/1840 1386/2113/1839 1465/2112/1838 1590/2111/1837
f 1642/2115/1841 1887/2062/1795 1158/2063/1795 1620/1769/1574
f 2217/2119/1845 2216/2118/1844 2220/2117/1843 1586/2116/1842
f 1964/2123/1848 1888/2122/1847 2175/2121/1603 1177/2120/1846
f 1354/2126/1851 1332/2125/1850 1367/1604/1430 1686/2124/1849
f 1350/2128/1852 1417/809/752 1995/810/752 1617/2127/1852
f 2191/1392/1259 626/1286/1174 2255/1287/1175 1503/1391/1175
f 1367/1604/1430 1332/2125/1850 1435/2129/1853 1688/1478/1325
f 1919/1951/1706 1288/1927/1707 1235/806/750 1720/805/749
f 856/2133/1856 853/2132/1855 2331/2131/1800 1591/2130/1854
f 1320/2135/772 2332/1970/772 1631/1971/772 1325/2134/772
f 909/2139/1860 2029/2138/1859 2030/2137/1858 1800/2136/1857
f 1386/2113/1839 1120/2114/1840 1179/1237/1130 883/1234/1127
f 907/2143/1861 906/2142/1862 2450/2141/1862 2452/2140/1861
f 2594/1865/1646 524/2145/1863 1276/2144/1863 1279/1866/1646
f 1650/2074/1806 1665/2075/1807 1198/2147/1865 939/2146/1864
f 2225/2151/1866 2222/2150/1867 2538/2149/1867 1914/2148/1866
f 1881/2154/1869 1874/2153/1868 1966/611/590 1206/2152/772
f 1000/924/854 2553/2155/1870 592/1449/1302 1012/899/828
f 1910/2157/1871 2538/2149/1867 2222/2150/1867 851/2156/1871
f 675/2159/1873 678/1555/1391 1905/1552/1388 1889/2158/1872
f 1730/1018/933 1713/1346/1220 1746/1848/1629 1724/1017/932
f 1770/1560/1396 849/1187/1091 1879/1188/1092 769/1563/1399
f 1562/2161/1875 2168/1516/1359 2161/1517/1360 1469/2160/1874
f 2144/2061/1794 2205/1749/1556 2376/1750/1556 1227/2064/1794
f 592/1449/1302 2553/2155/1870 1067/2162/1876 994/1448/1301
f 2546/2166/1880 2517/2165/1879 2247/2164/1878 1593/2163/1877
f 1331/768/723 2388/769/724 2396/1379/1252 1696/1376/1249
f 2252/1048/960 2555/2169/1883 2340/2168/1882 1596/2167/1881
f 546/2086/1815 2049/2082/1812 2078/2171/1885 1491/2170/1884
f 1016/2172/1886 1446/993/911 684/994/912 1804/798/743
f 2078/2171/1885 2049/2082/1812 2093/1285/1173 1508/2173/1887
f 2528/2177/1891 570/2176/1890 874/2175/1889 937/2174/1888
f 2340/2181/1892 2555/2180/1893 705/2179/1893 1528/2178/1892
f 2431/2066/1797 1923/2183/1895 1026/2182/1894 1111/2076/1808
f 1527/2185/1896 705/2179/1893 2555/2180/1893 2082/2184/1896
f 1909/2187/962 678/2186/1391 675/1525/1873 1891/1522/961
f 2082/2188/1897 2555/2169/1883 2252/1048/960 1597/1046/958
f 801/787/736 1270/2190/1898 980/2189/1898 978/786/736
f 1593/2163/1877 2362/2192/1900 1378/2191/1899 2546/2166/1880
f 2302/1969/1724 807/2194/1902 541/2193/1901 1727/1968/1723
f 2220/2117/1843 2216/2118/1844 2355/1752/1558 1587/2195/1903
f 2053/1252/232 647/1253/232 2079/2196/232 2307/1981/232
f 1080/1273/1159 970/2198/1905 646/2197/1904 1781/1272/1158
f 1923/2183/1895 2431/2066/1797 1135/2065/1907 1025/2199/1906
f 646/2197/1904 970/2198/1905 676/2201/1909 1773/2200/1908
f 1018/2204/772 1654/2203/772 1355/2202/772 1350/2128/772
f 1358/2208/1910 516/2207/1911 1662/2206/1911 657/2205/1910
f 1871/838/772 2408/839/772 1322/843/772 1327/840/772
f 2426/633/1234 2261/1045/957 1954/1044/956 1935/632/1912
f 1228/2210/1914 2354/1623/1444 2203/1658/1474 2199/2209/1913
f 2331/2131/1800 853/2132/1855 858/2212/1915 1592/2211/1799
f 2289/1078/986 1398/2214/1916 509/2213/1916 1521/1077/986
f 509/2213/1916 1398/2214/1916 2139/2216/1917 1523/2215/1917
f 1367/1604/1430 1252/1605/1431 1253/2217/1918 1686/2124/1849
f 969/2221/1920 1158/2220/1920 1227/2219/1919 1334/2218/1919
f 1253/2217/1921 1252/1605/1922 845/2223/1922 549/2222/1921
f 1980/1594/1426 845/2223/1922 1252/1605/1922 1247/1597/1426
f 2493/2226/1924 2018/2225/1924 1218/2224/1923 1320/2135/1923
f 998/2228/1737 1834/2227/1925 2324/1818/1925 1007/1819/1737
f 541/2232/1926 807/2231/1927 1259/2230/1927 1277/2229/1926
f 568/2236/1931 1546/2235/1930 1513/2234/1929 1414/2233/1928
f 2145/2238/1933 1228/2210/1914 2199/2209/1913 1224/2237/1932
f 520/2108/1834 503/2051/1787 514/2052/1788 1708/2239/1934
f 1199/2054/1790 609/2072/1804 1315/2073/1805 1716/2053/1789
f 1746/1848/1629 1713/1346/1220 1755/1347/1221 1707/1847/1628
f 1198/2241/1936 1613/2240/1935 1303/1193/1097 1196/1190/1094
f 1820/2245/660 1855/2244/1937 1935/2243/1912 1954/2242/956
f 2324/1818/1925 1834/2247/1925 1033/2246/1938 1037/1833/1938
f 1546/2235/1930 568/2236/1931 872/1279/1167 1393/2248/1939
f 1716/2053/1789 1315/2073/1805 2365/2250/1941 672/2249/1940
f 1642/2254/1942 923/2253/1942 2456/2252/1942 2472/2251/1942
f 1277/2229/1943 1276/2144/1863 524/2145/1863 541/2232/1943
f 812/2257/1946 2296/2256/1945 2356/2255/1944 1766/1698/1507
f 2562/2261/1950 2299/2260/1949 2055/2259/1948 1579/2258/1947
f 2106/2262/232 2079/2196/232 647/1253/232 494/1244/232
f 2289/2266/1951 2109/2265/1952 632/2264/1952 637/2263/1951
f 2185/1145/1049 2577/1586/1419 2195/2267/1953 1778/1144/1048
f 847/1996/1742 846/1997/1743 1447/950/876 1542/2268/1954
f 1303/1066/975 1613/1161/1068 1353/956/882 1351/953/879
f 1213/1342/1216 2107/2271/1957 2570/2270/1956 1673/2269/1955
f 1015/1195/1098 1840/1196/1099 2471/2273/1959 1013/2272/1958
f 2014/1962/1716 2012/765/1717 2015/766/1708 1719/1950/1705
f 1962/2277/1963 1969/2276/1962 649/2275/1961 775/2274/1960
f 2471/2273/1959 1840/1196/1099 1003/1202/1104 1009/2278/1964
f 2570/2270/1956 2107/2271/1957 1346/662/636 1674/835/771
f 832/872/801 673/2279/1965 830/1913/1678 1772/871/800
f 1966/611/590 1874/2153/1868 2313/2280/1966 2315/614/593
f 2442/1485/1329 1833/2281/1967 1652/1339/1213 608/1340/1214
f 1380/2285/1658 1411/2284/1659 1931/2283/1969 1949/2282/1968
f 1035/2289/1973 1637/2288/1972 1884/2287/1971 1170/2286/1970
f 1884/2287/1971 1637/2288/1972 1004/2290/1974 1165/1429/1284
f 2115/2293/1977 577/1729/1538 1449/2292/1976 1501/2291/1975
f 706/663/637 2569/664/635 809/2294/639 1345/824/764
f 2524/1456/1307 2417/896/825 1915/897/826 533/1361/1236
f 2110/1143/1047 2551/2295/1978 1665/2075/1807 1203/1142/1046
f 1032/2297/1979 2052/2296/1980 2245/1817/1980 1036/1832/1979
f 2245/1817/1980 2052/2299/1980 997/2298/1981 1006/1816/1981
f 775/2301/1982 649/1879/1655 2009/1880/1655 1294/2300/1982
f 1817/1533/1372 2449/2303/1984 2099/2302/1983 1726/1532/1371
f 802/2306/1985 1666/2305/1986 2479/2304/1986 948/1916/1985
f 1798/1630/1451 1989/1631/1452 1427/2308/1988 1457/2307/1987
f 2099/2302/1983 2449/2303/1984 2485/2310/1990 1718/2309/1989
f 1158/2220/1920 969/2221/1920 1355/2202/1991 1620/2311/1991
f 2266/1737/1546 2168/1516/1359 1562/2161/1992 1458/1069/978
f 1683/2314/1995 2444/2313/1994 746/2312/1993 1200/1293/1178
f 2559/1740/1549 818/2315/1996 819/638/612 1785/649/623
f 714/2317/1998 850/1702/1511 964/1102/1008 931/2316/1997
f 2107/2271/1957 1886/2318/1999 2468/665/638 1346/662/636
f 1520/616/595 1432/617/596 2102/2320/2001 1741/2319/2000
f 2454/1377/1250 1257/2321/2002 1330/1936/1696 1696/1376/1249
f 1013/2272/1958 2471/2273/1959 1637/2288/1972 1035/2289/1973
f 2055/2259/1948 2299/2260/1949 2520/870/799 1581/867/796
f 1330/1936/1696 1257/2321/2002 873/2322/2003 1679/1935/1695
f 1396/2325/2006 1576/2324/2005 1677/1911/1676 1362/2323/2004
f 2390/2327/2008 2389/612/591 2285/1184/1088 1789/2326/2007
f 1789/1952/1 2285/2329/2009 2153/2328/2009 2236/1955/1
f 797/2331/2010 2154/1695/1506 2146/1696/1506 2199/2330/2010
f 1576/2324/2005 1396/2325/2006 1343/1199/1101 1671/2332/2011
f 2386/2334/2012 2153/2328/2009 2285/2329/2009 1769/2333/2012
f 2065/715/680 1844/2336/2013 576/2335/2013 2315/718/680
f 1690/1834/1619 1981/1994/1739 1214/667/1740 704/2337/2014
f 554/1957/1711 548/1958/1712 837/2338/2015 1686/2124/1849
f 1637/2288/1972 2471/2273/1959 1009/2278/1964 1004/2290/1974
f 1953/2342/2016 2070/2341/2017 2129/2340/2017 663/2339/2016
f 2190/2346/2021 1450/2345/2020 1031/2344/2019 1137/2343/2018
f 676/2201/1909 970/2198/1905 677/2348/2023 1787/2347/2022
f 987/2352/2024 981/2351/2025 1041/2350/2025 1936/2349/2024
f 1769/2333/2012 576/2335/2013 1844/2336/2013 2386/2334/2012
f 770/2088/1817 792/2354/2027 785/2353/2026 1627/1796/1594
f 2194/2358/2028 2273/2357/2029 1271/2356/2029 976/2355/2028
f 2223/1743/1552 2533/735/696 2068/2360/2031 1588/2359/2030
f 816/1747/1555 799/1748/701 1485/2362/698 1489/2361/2032
f 1450/2345/2020 2190/2346/2021 1113/2364/2034 1027/2363/2033
f 677/2348/2023 970/2198/1905 1080/1273/1159 1786/1274/1162
f 2523/1083/991 2417/896/825 2524/1456/1307 1946/2365/2035
f 2319/2368/2038 2409/2367/2037 2241/2366/2036 1241/602/581
f 1041/2350/2025 981/2351/2025 1403/2370/2039 1951/2369/2039
f 837/2338/2015 548/1958/1712 2234/2372/2041 1682/2371/2040
f 1242/1891/1661 2241/2366/2036 2409/2367/2037 2057/2373/2042
f 523/2028/1767 836/2375/2043 1292/2374/2043 1922/2029/1767
f 2234/2372/2041 548/1958/1712 552/1959/1713 1691/619/598
f 2294/2379/2044 2490/2378/2045 1293/2377/2045 1291/2376/2044
f 1067/2162/1876 2553/2155/1870 2105/1716/1526 995/1717/1527
f 2105/1716/1526 2553/2155/1870 1000/924/854 1030/925/855
f 2182/1337/1211 653/2381/2047 839/2380/2046 1682/2371/2040
f 2328/2383/2049 943/2382/2048 1455/1385/1256 1459/1386/1257
f 1369/2387/2053 2309/2386/2052 2336/2385/2051 1743/2384/2050
f 2278/2389/2054 2292/716/681 2313/717/681 2196/2388/2054
f 2543/2393/2055 1468/2392/2056 2601/2391/2056 1939/2390/2055
f 2119/2396/2059 579/2395/2058 1451/1124/1028 1500/2394/2057
f 656/1022/937 938/2398/2061 1540/2397/2060 1541/893/822
f 2287/2400/2063 2157/1733/1542 919/1738/1547 914/2399/2062
f 943/2382/2048 2328/2383/2049 1424/603/582 1418/604/583
f 1906/2404/2064 1870/2403/2065 2117/2402/2065 2495/2401/2064
f 1855/2244/2066 2410/1899/2066 1895/1896/608 1935/2243/608
f 602/2408/2070 601/2407/2069 2040/2406/2068 1809/2405/2067
f 2601/2391/2056 1468/2392/2056 987/2352/2024 1936/2349/2024
f 1789/2326/2007 867/2409/2071 1969/2276/1962 2390/2327/2008
f 2040/2406/2068 601/2407/2069 1360/640/614 1794/637/611
f 1343/1199/1101 493/1200/1102 2064/1132/1036 1671/2332/2011
f 649/2275/1961 1969/2276/1962 867/2409/2071 764/2410/2072
f 764/1878/1654 867/1953/1709 2011/1954/1709 2010/1881/1654
f 1477/2414/2076 1474/2413/2075 1478/2412/2074 1805/2411/2073
f 902/2416/2078 2542/2415/2077 486/1538/1377 1602/1535/1374
f 1478/2412/2074 1474/2413/2075 677/2348/2023 1786/1274/1162
f 2355/1752/1558 2216/2118/1844 2587/2417/2079 1595/1751/1557
f 538/1009/924 1159/1007/922 691/1182/963 1913/1183/1087
f 821/700/668 2039/701/669 2040/2406/2068 1794/637/611
f 598/2421/2080 519/2420/2081 599/2419/2081 1940/2418/2080
f 599/2419/2081 519/2420/2081 2543/2393/2055 1939/2390/2055
f 2463/1139/1043 2420/1140/1044 1507/1164/1071 1558/2422/2082
f 2046/2424/2084 1630/2423/2083 646/2197/1904 1773/2200/1908
f 2157/1733/1542 2287/2400/2063 1061/2425/2085 1043/1732/1541
f 2181/620/599 2183/1336/1210 2234/2372/2041 1691/619/598
f 2511/2429/2089 688/2428/2088 1106/2427/2087 1114/2426/2086
f 980/2189/1898 1270/2190/1898 2340/2181/1892 1528/2178/1892
f 1562/2161/1992 2317/2430/2090 2383/1072/981 1458/1069/978
f 486/1538/1377 2542/2415/2077 2602/2432/2092 1605/2431/2091
f 676/2201/1909 1407/2434/2094 2047/2433/2093 1773/2200/1908
f 688/2428/2088 2511/2429/2089 1136/2435/2095 1078/959/885
f 1372/2437/685 1915/897/826 1982/898/827 1949/2436/1968
f 1656/864/793 2250/865/794 572/2438/2096 1748/1867/1647
f 2047/2433/2093 1407/2434/2094 2075/1254/1144 1783/1255/1145
f 2511/2429/2089 1655/2440/2099 1105/2439/2098 1136/2435/2097
f 1624/2087/1816 770/2088/1817 1627/1796/1594 2267/2441/2100
f 1408/2444/2103 735/2443/2102 763/2442/2101 1710/1760/1566
f 2075/1254/1144 1407/2434/2094 2128/2445/2104 1788/1245/1138
f 1655/2440/2099 2511/2429/2089 1114/2426/2086 1101/2446/2105
f 763/2442/2101 735/2443/2102 2014/1962/1716 1719/1950/1705
f 2164/1005/920 2369/1006/921 2538/2448/2107 1910/2447/2106
f 2128/2445/2104 1407/2434/2094 676/2201/1909 1787/2347/2022
f 1654/2203/772 1018/2204/772 1349/1614/772 1365/1615/772
f 1829/930/860 1621/1241/1134 2237/1238/1131 1618/933/862
f 2538/2448/2107 2369/1006/921 624/1010/925 1914/1465/1316
f 728/2451/2109 1639/2450/2109 1098/1260/2108 1125/2449/2108
f 858/2212/1915 853/2132/1855 2534/2453/2111 1416/2452/2110
f 1210/1779/1581 1310/1780/1582 1976/2454/2112 1728/863/792
f 1656/864/793 1658/2455/2113 1211/2049/1785 1728/863/792
f 2175/2121/1603 1888/2122/1847 1965/2457/2114 1184/2456/705
f 924/945/871 1612/927/857 1217/900/829 888/903/832
f 2383/1072/981 2317/2430/2090 1563/2458/2115 1512/1860/1641
f 1930/2462/2116 2019/2461/2117 2540/2460/2117 1890/2459/2116
f 1217/900/829 1612/927/857 1000/924/854 1012/899/828
f 1538/2464/2119 1454/2463/2118 1414/2233/1928 1513/2234/1929
f 1314/2465/2120 1373/1979/1732 1283/1419/1277 1729/1728/1537
f 2540/2469/2117 2019/2468/2117 1958/2467/2121 1924/2466/2121
f 2529/2471/2123 1650/2074/1806 939/2146/1864 1118/2470/2122
f 691/1051/963 1159/1007/922 2118/1008/923 1909/1050/962
f 2485/2473/2124 2449/2472/2125 609/2072/2125 1199/2054/2124
f 1827/2477/2129 2059/2476/2128 2327/2475/2127 1803/2474/2126
f 1650/2074/1806 2529/2471/2123 1134/1130/1034 1079/1127/1031
f 2058/2481/2133 859/2480/2132 2394/2479/2131 1181/2478/2130
f 2335/1472/2135 1827/2477/2129 1803/2474/2126 2338/2482/2134
f 2338/1471/1320 1803/1674/2136 2530/1675/2136 2267/1474/1320
f 2529/2471/2139 1059/2483/2138 1144/961/887 1134/1130/2137
f 1313/1739/1548 1312/2484/2140 1314/2465/2120 1729/1728/1537
f 2580/1629/1450 1623/1627/1448 1642/2115/1841 1620/1769/1574
f 2014/1962/1716 735/2443/2102 722/1335/1209 1697/745/706
f 1059/2483/2138 2529/2471/2139 1118/2470/2142 1143/2485/2141
f 1623/1627/1448 1129/849/778 923/850/779 1642/2115/1841
f 658/2488/2145 612/2487/2144 780/2486/2143 1699/948/873
f 1958/2490/2121 766/2489/2146 1822/1548/2146 1924/1547/2121
f 1033/2493/1938 619/2492/2147 681/2491/2147 1037/1833/1938
f 681/2491/2147 619/2496/2147 893/2495/2148 896/2494/2148
f 494/1244/232 2032/1100/232 2460/1998/232 2106/2262/232
f 1822/1540/2146 766/2498/2146 1959/2497/2149 1926/1539/2149
f 1991/912/842 805/1596/2150 1247/1597/1432 1688/1478/1325
f 850/1702/1511 714/2317/1998 1472/2499/2151 1551/1442/1295
f 489/782/232 2460/1998/232 2032/1100/232 1050/785/232
f 780/2486/2143 612/2487/2144 1622/1761/1567 1722/1566/1402
f 987/2503/2152 1468/2502/2153 1128/2501/2153 1934/2500/2152
f 1370/2507/2157 695/2506/2156 2066/2505/2155 1801/2504/2154
f 2028/916/846 1863/2509/2159 1409/2508/2158 1366/915/845
f 1409/1256/1146 1863/2510/2160 752/754/715 1601/751/712
f 2274/2512/2161 1378/2191/1899 2362/2192/1900 1177/2511/1846
f 1912/2513/2162 1916/1440/2162 1463/938/865 1464/939/865
f 752/696/664 1863/2514/2163 2028/815/757 1600/695/663
f 1396/2325/2006 761/2515/2164 1348/1198/1100 1343/1199/1101
f 1253/2217/1918 1254/2516/2165 554/1957/1711 1686/2124/1849
f 667/1616/2167 2193/2518/2167 1619/2517/2166 1365/1615/2166
f 554/1957/1711 1254/2516/2165 1255/1820/1764 1692/1956/1710
f 1255/1820/2168 1254/2516/2169 686/2519/2169 873/1821/2168
f 655/943/869 653/2381/2047 658/2488/2145 1699/948/873
f 1916/1440/2162 1912/2513/2162 1434/2520/2170 1433/1439/2170
f 1019/2524/2171 1023/2523/2171 581/2522/2171 2073/2521/2171
f 761/2515/2164 1396/2325/2006 1362/2323/2004 1364/2525/2172
f 887/2529/1254 1779/2528/2175 727/2527/2174 891/2526/2173
f 2110/1343/1217 1886/2318/1999 2107/2271/1957 1213/1342/1216
f 591/2531/2176 581/2522/2177 1023/2523/2177 2341/2530/2176
f 1316/1330/1 609/2072/2125 2449/2472/2125 1817/1333/1
f 658/2488/2145 653/2381/2047 2182/1337/1211 1698/1334/1208
f 1920/2534/2179 563/2533/2178 974/1842/1625 977/2532/1482
f 2342/2538/2183 2381/2537/2182 1839/2536/2181 1836/2535/2180
f 787/2540/2185 1839/2536/2181 2381/2537/2182 804/2539/2184
f 1155/1895/1665 1711/2541/2186 741/618/597 1750/615/594
f 563/2533/2178 1920/2544/2179 1567/2543/2188 1564/2542/2187
f 804/1828/1616 2381/1873/1651 1532/1874/1651 2578/1831/1616
f 2485/2310/1990 2492/2546/2190 2591/2545/2189 1718/2309/1989
f 2150/605/584 2141/606/585 1479/1655/1472 1473/1652/1469
f 2283/1502/1345 586/2547/2191 2298/1299/1184 1231/1300/1185
f 727/2527/2174 1779/2528/2175 1040/1194/1075 1015/1195/1098
f 2394/2479/2131 859/2480/2132 856/2133/1856 1591/2130/1854
f 2372/2015/2193 1318/2549/2193 687/2548/2192 944/2041/2192
f 816/1747/1555 820/2551/2195 918/2550/2194 915/1746/1554
f 672/2249/1940 1635/2552/2196 2536/1567/1403 1716/2053/1789
f 891/2526/2173 727/2527/2174 827/2554/2198 900/2553/2197
f 827/2554/2198 727/2527/2174 1015/1195/1098 1013/2272/1958
f 943/2382/2048 1127/2556/2199 1448/2555/1440 1455/1385/1256
f 1902/1147/2200 2142/1148/2201 2465/2558/2201 2005/2557/2200
f 938/2398/2061 656/1022/937 1535/1019/934 1423/1974/1727
f 1018/2204/2203 2455/2560/2203 1616/2559/2202 1349/1614/2202
f 2330/2563/2206 2556/2562/2205 1816/2561/2204 1753/1109/1015
f 2591/2545/2189 2492/2546/2190 2510/2564/2207 1715/1344/1218
f 2510/2566/2208 2492/2565/2209 2200/2055/2209 1232/748/2208
f 1210/1779/1581 1209/2050/1786 485/1965/1720 1733/852/781
f 1024/1869/1649 782/2568/2211 1014/2567/2210 1075/1868/1648
f 1199/2054/2124 2200/2055/2209 2492/2565/2209 2485/2473/2124
f 2013/746/1 1445/621/1 765/2569/1 2477/775/1
f 1816/2561/2204 2556/2562/2205 1145/1064/1051 1778/1144/1048
f 2479/2304/2212 2476/2570/2212 1646/1919/1681 948/1916/1681
f 1127/2572/2199 943/2382/2048 1418/604/583 1419/2571/2213
f 1145/1064/974 2556/2562/2214 1338/2573/2214 1339/1065/974
f 886/2577/2218 724/2576/2217 862/2575/2216 1169/2574/2215
f 862/2575/2216 724/2576/2217 1035/2289/1973 1170/2286/1970
f 1236/2578/2219 2319/2368/2038 1241/602/581 2341/599/578
f 719/2582/2223 1552/2581/2222 1483/2580/2221 1583/2579/2220
f 1227/2584/1919 2376/2583/2224 501/1666/2224 1334/1667/1919
f 1014/2567/2210 782/2568/2211 986/1302/1187 1077/2585/2225
f 732/2586/2226 734/1973/1726 1381/1149/1056 2215/1150/1057
f 2535/736/697 2564/2589/2227 2220/2588/1843 1587/2587/1903
f 2064/1132/1036 493/1200/1102 1344/973/895 1672/974/896
f 1316/1330/1803 1608/1331/2228 1609/1720/1530 1709/1721/1531
f 2454/1809/1 765/2569/1 1445/621/1 1993/622/1
f 2370/941/867 2494/2590/2229 1435/2129/1853 1694/940/866
f 2293/1490/1333 2581/1462/1313 668/1463/1314 630/1484/1328
f 1335/2591/1 1338/2573/2214 2556/2562/2214 2330/2563/1
f 785/2353/2026 792/2354/2027 2509/2593/2231 1238/2592/2230
f 2510/2564/2207 2582/2594/2232 1755/1347/1221 1715/1344/1218
f 1544/2596/2234 1405/2595/2233 1524/2092/1821 1525/2093/1822
f 1755/1347/1221 2582/2594/2232 2586/1850/1631 1707/1847/1628
f 2536/1567/1403 1635/2552/2196 1721/971/2235 1722/1566/1402
f 520/2108/1834 2489/2597/2236 2591/2545/2189 1715/1344/1218
f 2591/2545/2189 2489/2597/2236 1319/2598/2237 1718/2309/1989
f 1411/2284/2238 690/1052/2238 1891/1049/1365 1931/2283/1365
f 1232/748/2208 1229/749/1001 2582/1094/1001 2510/2566/2208
f 2102/2602/1 1432/2601/1 844/2600/1 1216/2599/1
f 501/1666/2224 2376/2583/2224 1226/1027/940 1333/1025/940
f 777/2604/2240 725/2603/2239 2310/2033/1770 911/2030/1
f 1829/930/860 768/2089/1818 2056/1240/1133 1621/1241/1134
f 1108/2607/1522 590/890/819 1556/2606/2241 1565/2605/1521
f 1435/2129/1853 2494/2590/2229 1376/1479/1326 1688/1478/1325
f 1826/2609/1 844/2600/1 1432/2601/1 741/2608/1
f 747/2611/2243 1839/2536/2181 787/2540/2185 811/2610/2242
f 590/890/819 1108/2613/1522 975/2612/1685 968/889/818
f 811/1770/2244 787/1829/2244 2379/1830/2244 2580/1773/2244
f 2300/2617/2248 813/2616/2247 1534/2615/2246 1819/2614/2245
f 1130/2619/2250 1371/2618/2249 2295/1496/1339 1800/2136/1857
f 507/2623/2254 2392/2622/2253 2491/2621/2252 1566/2620/2251
f 1328/1934/1694 1471/2624/2255 1606/1755/1561 1695/767/722
f 2295/1496/1339 1371/2618/2249 1394/2625/2256 1802/1495/1338
f 2019/2468/2258 1831/2627/661 1933/2626/1591 1958/2467/2257
f 2491/2621/2252 2392/2622/2253 1667/1714/1524 1565/1711/1521
f 1606/1755/1561 1471/2624/2255 1493/2629/2260 1680/2628/2259
f 596/1353/1229 813/2616/2247 2300/2617/2248 2171/1464/1315
f 1095/2632/2263 791/2631/2262 2030/2137/1858 1806/2630/2261
f 1218/2224/1923 720/2633/2264 2332/1970/2264 1320/2135/1923
f 2143/2635/2265 2103/2634/2265 2162/1247/1139 1548/1246/1139
f 2030/2137/1858 791/2631/2262 1130/2619/2250 1800/2136/1857
f 2321/1422/1279 747/1771/1576 2550/1772/1576 2230/1423/1279
f 2162/733/694 2103/2636/2266 2564/2589/2227 2535/736/697
f 2332/1970/2264 720/2633/2264 1219/2637/2267 1321/836/2267
f 2565/1308/1190 2564/2589/2227 2103/2636/2266 2187/1311/1193
f 2187/1619/1441 2103/2634/2265 2143/2635/2265 1550/1618/1441
f 1157/2641/2271 1799/2640/2270 979/2639/2269 1795/2638/2268
f 979/2639/2269 1799/2640/2270 602/2408/2070 1809/2405/2067
f 662/2644/2272 660/2643/2273 1272/2642/2273 1394/2625/2272
f 2024/2646/1 1272/2642/2273 660/2643/2273 1978/2645/1
f 935/2650/2274 2156/2649/2275 1824/2648/2275 932/2647/2274
f 1824/2648/2275 2156/2649/2275 1502/2652/2276 1498/2651/2276
f 2219/2654/2278 2201/2653/2277 2223/1743/1552 1588/2359/2030
f 2223/1743/1552 2201/2653/2277 854/2655/2279 990/1744/1115
f 1638/2657/2281 654/1291/2281 1434/2520/2280 1425/2656/2280
f 2131/2659/2283 2309/2386/2052 1369/2387/2053 1742/2658/2282
f 1517/2661/2285 854/2655/2279 2201/2653/2277 1410/2660/2284
f 1410/2660/2284 2201/2653/2277 2219/2654/2278 1175/2662/2286
f 654/1291/2281 1638/2664/2281 1481/2663/2287 1487/1290/2287
f 1744/1977/1730 2356/2255/1944 2296/2256/1945 1653/2665/2288
f 2247/2164/1878 2517/2165/1879 2516/2071/1802 1592/2068/1799
f 1092/2669/2289 743/2668/2290 2544/2667/2290 1102/2666/2289
f 643/2672/2292 1401/2671/2291 1485/2670/698 1482/738/699
f 961/2673/2293 982/1722/1532 1518/2091/1820 1524/2092/1821
f 2066/2505/2155 695/2506/2156 1157/2641/2271 1795/2638/2268
f 2472/2251/2294 2021/2096/1825 1887/2097/1825 1642/2254/2294
f 1401/2675/2291 643/2672/2292 1428/1822/1612 1429/2674/1703
f 2113/1345/1219 1713/1346/1220 1730/1018/933 1723/1688/1499
f 1090/2016/2295 1298/2678/2296 2515/2677/2296 796/2676/2295
f 2331/2069/1800 2513/2070/1801 2351/2680/2297 1591/2679/1854
f 1401/2682/2291 716/2681/2298 1489/2361/2032 1485/2362/698
f 982/1722/1532 961/2673/2293 868/1055/967 866/686/655
f 2358/2684/2299 2515/2677/2296 1298/2678/2296 1089/2683/2299
f 549/2222/1921 686/2519/2169 1254/2516/2169 1253/2217/1921
f 716/2681/2298 1401/2682/2291 1429/1984/1703 1430/1982/1734
f 1917/2686/1667 1084/2685/2301 694/634/2300 1895/631/1666
f 1403/2370/2039 1983/2688/2302 1985/2687/2302 1951/2369/2039
f 741/2608/1 1711/2690/1 852/2689/1 1826/2609/1
f 2310/2033/1770 725/2603/2239 2041/1313/2303 1162/1316/1775
f 2041/1313/2303 725/2603/2239 1853/2691/2305 1164/1312/2304
f 513/2692/2306 1265/1047/959 2252/1048/960 1596/2167/1881
f 1406/2693/2307 1267/990/908 1268/1731/1540 1598/1724/1534
f 1853/2691/2305 725/2603/2239 777/2604/2240 1160/1084/2308
f 894/2697/2309 1215/2696/2310 817/2695/2310 897/2694/2309
f 2295/1496/1339 2091/1497/1340 650/2698/2311 1800/2136/1857
f 650/2698/2311 2091/1497/1340 2137/1498/1341 1807/1098/1003
f 817/2695/2310 1215/2700/2310 1032/2699/1979 1036/1832/1979
f 577/1729/1538 546/1730/1539 1491/2701/2312 1449/2292/1976
f 1266/989/907 1267/990/908 1406/2693/2307 1597/1046/958
f 2507/1727/1536 1269/1107/1013 1841/1108/1014 1193/707/675
f 2031/2703/2314 2290/2702/2313 1095/2632/2263 1806/2630/2261
f 900/2553/2197 827/2554/2198 724/2576/2217 886/2577/2218
f 2005/2557/2200 2001/2705/2315 2214/2704/2315 1902/1147/2200
f 2214/2704/2315 2001/2705/2315 1999/2707/2316 1898/2706/2316
f 724/2576/2217 827/2554/2198 1013/2272/1958 1035/2289/1973
f 634/1205/1105 2476/2570/2212 2479/2304/2212 1515/1204/1105
f 1268/1731/1540 1269/1107/1013 2507/1727/1536 1598/1724/1534
f 500/2711/2320 1270/2710/2319 801/2709/2318 1194/2708/2317
f 1966/611/590 2389/612/591 2390/2327/2008 1206/2152/772
f 562/2715/2324 1533/2714/2323 1100/2713/2322 1119/2712/2321
f 1609/1720/1530 1608/1331/2228 1610/1425/1436 1734/1606/1433
f 1636/2719/2325 490/2718/2326 2442/2717/2326 2133/2716/2325
f 1543/2720/2327 1568/1963/1718 1541/893/822 1400/894/823
f 755/964/890 756/965/891 893/2721/2328 895/1383/1255
f 2340/2168/1882 1270/2710/2319 500/2711/2320 1596/2167/1881
f 1739/1418/1276 1374/1980/1733 1651/2723/2330 1304/2722/2329
f 1129/849/778 2379/1628/1449 2578/2724/2331 1626/848/777
f 1207/1607/1434 1284/1608/1435 1279/1866/2332 1732/1073/982
f 1283/1419/1277 1373/1979/1732 1374/1980/1733 1739/1418/1276
f 1481/2726/2334 1638/2725/2333 643/2672/2292 1482/738/699
f 1314/2465/2120 1312/2484/2140 1369/2387/2053 1743/2384/2050
f 654/1291/1177 726/1292/1177 1433/1439/2170 1434/2520/2170
f 1653/2665/2288 1651/2723/2330 1374/1980/1733 1744/1977/1730
f 785/2353/2026 1271/2727/2335 1291/1799/1597 1627/1796/1594
f 1219/2731/2336 720/2730/2337 2433/2729/2337 2457/2728/2336
f 1019/1297/1182 683/1527/1368 1107/1528/1368 1226/1501/1344
f 1291/2376/2044 1271/2356/2029 2273/2357/2029 2294/2379/2044
f 2221/2099/1826 517/1362/1237 2169/2733/1238 1941/2732/2338
f 2040/2406/2068 2039/701/669 955/1492/1335 1809/2405/2067
f 955/1492/1335 2039/701/669 2038/702/670 1808/1491/1334
f 976/2734/2339 1271/2727/2335 785/2353/2026 1238/2592/2230
f 615/1797/1595 1293/1798/1596 1294/1890/1660 1628/831/767
f 1533/2714/2323 562/2715/2324 1138/2736/2341 1087/2735/2340
f 2139/2216/1917 2136/2738/2342 2140/2737/2342 1523/2215/1917
f 1294/2300/1982 1293/2377/2045 2490/2378/2045 775/2301/1982
f 497/2740/2343 551/1884/1657 869/1885/1657 1948/2739/2343
f 2054/1223/1119 1545/1224/1119 1999/2078/1809 1899/2077/1809
f 2267/2441/2100 2530/1239/1132 2056/1240/1133 1624/2087/1816
f 1947/1882/2344 1201/2742/2345 2224/2741/2345 1907/1902/2344
f 1640/2744/2347 1846/2743/2346 1457/2307/1987 1427/2308/1988
f 1224/2237/1932 829/2746/2348 1251/2745/2348 2145/2238/1933
f 1999/2707/2316 1545/2079/1810 2077/2080/1810 1898/2706/2316
f 1831/693/661 2019/2461/2258 1930/2462/2349 1956/692/657
f 1846/2743/2346 1640/2744/2347 1492/2748/2351 1422/2747/2350
f 2509/2593/2231 2333/1672/1485 2281/1673/1486 1238/2592/2230
f 1116/2752/2355 1765/2751/2354 848/2750/2353 1143/2749/2352
f 488/1030/944 508/1405/1269 1604/1033/947
f 1486/2757/2359 698/2756/2358 2279/2755/2357 1470/2754/2356
f 1212/880/809 1309/2759/830 1021/2758/831 1028/879/808
f 2488/1537/1376 486/1538/1377 1605/2431/2091 1504/1141/1045
f 1309/2761/830 1212/880/809 890/883/812 899/2760/833
f 2434/2763/2360 2433/2729/2337 720/2730/2337 1218/2762/2360
f 2594/853/782 2593/2764/2361 1311/1781/1583 1733/852/781
f 659/992/910 1446/993/911 1016/2172/1886 1801/2504/2154
f 2279/2755/2357 698/2756/2358 914/2399/2062 919/1738/1547
f 1502/2652/2276 2119/2766/2362 2603/2765/2362 1498/2651/2276
f 2341/599/578 1023/1298/1183 2298/1299/1184 1236/2578/2219
f 1614/926/856 1845/1235/1128 1038/1242/1135 1030/925/855
f 947/1248/1140 2071/1327/1206 792/1328/1206 770/1251/1140
f 1561/2768/2364 2020/2767/2363 1849/1394/1261 1503/1391/1175
f 1664/1526/1367 1251/2745/2348 829/2746/2348 1225/1529/1367
f 861/2769/2365 713/683/652 701/684/653 578/2110/1836
f 1849/1394/1261 2020/2767/2363 1539/2770/2366 1531/1766/1572
f 2224/2741/2345 1201/2742/2345 1944/2772/1235 1904/2771/1235
f 2428/1152/1059 2598/2774/2368 1870/2773/2367 1906/1151/1058
f 812/2257/232 789/1482/232 2597/1483/232 2481/2775/232
f 819/638/612 818/2315/1996 821/700/668 1794/637/611
f 1539/2770/2366 2020/2767/2363 555/1432/1287 1526/1609/1437
f 1870/2773/2367 2598/2774/2368 2164/1005/920 1910/2447/2106
f 2446/1718/232 1308/1719/232 2092/2777/232 2112/2776/232
f 555/1432/1287 2020/2767/2363 1561/2768/2369 1530/1228/1121
f 821/700/668 818/2315/1996 754/1221/1117 1793/699/667
f 2234/2372/2041 2183/1336/1210 2182/1337/1211 1682/2371/2040
f 1845/1235/1128 1614/926/856 885/944/870 883/1234/1127
f 1943/2780/2370 1775/2779/2371 702/1544/2371 1903/2778/2370
f 602/2783/1 1799/2782/2372 2290/2702/2372 1661/2781/1
f 643/2672/2292 1638/2725/2333 1425/1825/1615 1428/1822/1612
f 2548/2784/2375 2549/828/2374 2085/972/2373 1708/2239/1934
f 1095/2632/2376 2290/2702/2372 1799/2782/2372 1157/2785/2376
f 1989/1631/1452 2343/1395/1262 1439/1611/1439 1427/2308/1988
f 1833/1467/1318 2442/2717/2326 490/2718/2326 1085/1468/1318
f 2343/1395/1262 1989/1631/1452 924/945/871 888/903/832
f 2413/2787/2378 2405/2786/2377 938/2398/2061 1423/1974/1727
f 1559/1138/1042 835/2788/2379 2488/1537/1376 1504/1141/1045
f 2488/1537/1376 835/2788/2379 1543/2789/2380 1400/1536/1375
f 702/1544/2371 1775/2779/2371 1940/2790/2381 1900/1543/2381
f 955/1492/1335 954/1493/1336 979/2639/2269 1809/2405/2067
f 1543/2789/2383 835/2788/2382 2246/1742/1551 1568/1764/1570
f 1527/2794/2387 2314/2793/2386 733/2792/2385 1557/2791/2384
f 562/2715/2324 1702/2796/2390 999/2795/2389 1138/2736/2388
f 2246/1742/1551 835/2788/2382 1559/1138/2391 1569/1741/1550
f 2341/2530/2176 611/2797/2392 2130/1500/2392 591/2531/2176
f 1633/2800/2395 1630/2423/2083 2044/2799/2394 1782/2798/2393
f 1702/2796/2390 562/2715/2324 1119/2712/2321 946/2801/2396
f 2133/1486/2325 2130/1500/2392 611/2797/2392 1636/2802/2325
f 756/2804/2397 2519/822/2397 896/823/2148 893/2803/2148
f 2220/2588/1843 2564/2589/2227 2565/1308/1190 1586/2805/1842
f 2519/822/2397 756/2807/2397 1460/2806/2398 1464/939/2398
f 1473/1652/1469 834/1653/1470 696/2809/2399 1475/2808/575
f 949/2811/931 2348/2810/2400 1442/641/615 1467/1991/930
f 938/2398/2061 2405/2786/2377 751/2812/2401 1540/2397/2060
f 2348/2810/2400 949/2811/931 887/2529/1254 891/2526/2173
f 751/2816/2405 2405/2815/2404 525/2814/2403 1388/2813/2402
f 2348/2810/2400 723/2817/2406 1440/644/618 1442/641/615
f 525/2814/2403 2405/2815/2404 2413/2818/2407 1456/844/773
f 723/2817/2406 2348/2810/2400 891/2526/2173 900/2553/2197
f 2441/2820/2409 2418/2819/2408 2567/1975/1728 1518/2091/1820
f 674/2822/2411 2432/2821/2410 1585/1023/938 1462/1024/939
f 2567/1975/1728 2418/2819/2408 2413/2787/2378 1423/1974/1727
f 2432/2821/2410 674/2822/2411 886/2577/2218 1169/2574/2215
f 2413/2818/2407 2418/2823/2412 542/793/739 1456/844/773
f 2521/868/2416 680/2824/2415 2055/2259/2414 1581/867/2413
f 2055/2259/2414 680/2824/2415 2371/2825/2418 1579/2258/2417
f 2371/2825/2418 680/2824/2415 777/2604/2240 911/2030/1
f 777/2604/2240 680/2824/2415 2521/868/2416 1160/1084/2308
f 613/2827/2419 692/821/2419 1463/938/1473 1459/2826/1473
f 2044/2799/2394 1630/2423/2083 2046/2424/2084 1776/1146/1052
f 1965/2457/2114 2595/2829/2420 2062/2828/702 1184/2456/705
f 2394/2833/2131 2350/2832/2422 2172/2831/2421 1181/2830/2130
f 2018/2225/1924 2493/2226/1924 1204/1651/1714 1615/1960/1714
f 2062/2828/702 2595/2829/2420 2003/2835/2423 1183/2834/691
f 1927/2837/2425 782/2568/2211 1024/1869/1649 1026/2836/2424
f 2297/2841/1827 1968/2840/2428 1828/2839/2427 1942/2838/2426
f 2351/2680/2297 2350/2832/2422 2394/2833/2131 1591/2679/1854
f 2043/1060/1053 617/2842/2429 2044/2799/2394 1776/1146/1052
f 681/2491/2430 817/2695/2430 1036/1832/1618 1037/1833/1618
f 1361/650/624 516/2843/2431 2407/1489/1332 1785/649/623
f 2022/1600/1429 2401/1601/1429 1325/2134/2432 1223/2844/2432
f 2140/2737/2342 2136/2738/2342 1634/2846/2433 950/2845/2433
f 817/2695/2430 681/2491/2430 896/2494/762 897/2694/762
f 1216/2599/1 1259/2230/1927 807/2231/1927 2102/2602/1
f 2102/2320/2001 807/2194/1902 2302/1969/1724 1741/2319/2000
f 1369/2387/2053 1312/2484/2140 1443/2847/2434 1742/2658/2282
f 889/1041/953 2545/2849/2436 1570/2848/2435 898/1040/952
f 731/2851/2437 733/2792/2385 1564/2542/2187 1567/2850/2188
f 2026/1961/1715 2526/1617/1715 1349/1614/2202 1616/2559/2202
f 1570/2848/2435 2545/2849/2436 1011/1504/1347 1020/1505/1348
f 543/2854/2438 2491/2853/2252 1565/2852/1521 1556/2606/2241
f 2407/1489/1332 516/2843/2431 1358/1815/1608 1771/1488/1331
f 2470/2856/2439 2500/1638/2439 1412/1756/1115 1519/2855/1115
f 570/2176/1890 627/2858/2441 960/2857/2440 874/2175/1889
f 1383/2861/2444 857/2860/2443 623/1582/1415 1382/2859/2442
f 2244/2863/2446 945/2862/2445 967/819/761 1391/816/758
f 2193/2518/2167 667/1616/2167 1352/1598/1428 1618/1599/1428
f 1665/2075/1807 2551/2295/1978 1613/2864/2447 1198/2147/1865
f 982/1722/1532 2503/1723/1533 2441/2820/2409 1518/2091/1820
f 2500/1638/2439 2470/2856/2439 875/2865/2448 1056/1637/2448
f 2398/1855/1636 2334/2866/2449 2122/1012/927 1724/1017/932
f 1437/2868/2451 2259/2867/2450 604/909/837 1589/928/858
f 2195/2267/1953 2577/1586/1419 2184/1587/1420 1783/1255/1145
f 2122/1012/927 2334/2866/2449 2477/1503/1346 1706/1011/926
f 2455/2560/2203 1018/2204/2203 1350/2128/1852 1617/2127/1852
f 1380/1888/1658 1857/2869/2452 578/2110/1836 1952/1887/1232
f 1113/2871/2454 1088/1301/1186 986/1302/1187 1027/2870/2453
f 669/1043/955 1847/1690/1501 1292/2872/2455 1918/1508/1351
f 1292/2872/2455 1847/1690/1501 882/921/851 1922/918/848
f 830/1913/1678 673/2279/1965 2320/1271/1157 1777/1268/1154
f 2320/1271/1157 673/2279/1965 832/872/801 1784/1220/1116
f 1976/2454/2112 1310/1780/1582 1311/1781/1583 1736/1280/1168
f 693/2873/2456 1654/2203/2456 1365/1615/2166 1619/2517/2166
f 839/2380/2046 2126/2874/2457 837/2338/2015 1682/2371/2040
f 549/1683/1495 845/1836/1621 2100/1837/1622 1687/1682/1494
f 530/2876/2459 515/2875/2458 1265/1047/959 513/2692/2306
f 2534/2453/2460 2552/1754/2460 1595/1751/694 1416/2452/694
f 1552/2581/2222 719/2582/2223 1582/646/620 1420/1038/950
f 579/2395/2058 2271/2877/2461 1453/1123/1027 1451/1124/1028
f 629/988/906 623/1582/1415 857/2860/2443 2240/2878/2462
f 1127/2880/2199 1994/2879/2463 1439/1611/1439 1448/1612/1440
f 542/793/739 2418/2823/2412 2441/1663/1479 1392/792/738
f 1994/2879/2463 1127/2880/2199 1419/2882/2213 1421/2881/2464
f 637/2263/1951 638/2058/1793 1398/2059/1793 2289/2266/1951
f 1657/2886/2468 1967/2885/2467 932/2884/2466 956/2883/2465
f 2128/2445/2104 1480/2887/2469 1484/1099/1004 1788/1245/1138
f 754/1221/1117 753/873/802 757/2888/2470 1793/699/667
f 1420/1038/950 2248/1039/951 846/1997/1743 1466/1995/1741
f 2240/2878/2462 857/2860/2443 2459/772/727 1191/780/734
f 2608/758/1204 2478/1319/1201 760/1320/1201 614/1325/1204
f 614/777/731 760/2890/2472 1648/2889/2471 1759/776/730
f 2459/772/727 857/2860/2443 1383/2861/2444 1190/771/726
f 2240/2878/2462 2254/2891/2473 631/987/905 629/988/906
f 1823/685/654 2127/690/659 1820/2245/660 1954/2242/956
f 751/2812/2401 749/697/665 729/698/666 1540/2397/2060
f 846/1997/1743 2248/1039/951 1438/949/875 1447/950/876
f 2491/2893/2252 543/2854/2438 1557/2791/2384 1566/2892/2251
f 1498/2895/2475 2603/2894/2474 847/1996/1742 1542/2268/1954
f 2209/2898/2478 1998/2897/2477 2218/2896/2476 1390/876/805
f 2024/1602/2479 805/1596/2150 1991/912/842 1681/913/843
f 820/2551/2195 816/1747/1555 1489/2361/2032 1494/2899/2480
f 2218/2896/2476 1998/2897/2477 1546/2901/2482 1393/2900/2481
f 1546/2901/2482 1998/2897/2477 2161/1517/1360 1513/1514/1357
f 2211/2902/2483 1318/2549/2193 2372/2015/2193 1516/2012/2483
f 822/2905/2486 823/2904/2485 1167/1677/1489 930/2903/2484
f 639/1131/1035 631/987/905 2254/2891/2473 2411/2906/2487
f 2411/2906/2487 2254/2891/2473 1205/2907/2488 1192/703/671
f 2161/1517/1360 1998/2897/2477 2209/2898/2478 1469/2160/1874
f 961/2673/2293 2414/2908/2489 1387/1054/966 868/1055/967
f 1205/2907/2488 2254/2891/2473 2240/2878/2462 1191/780/734
f 2411/2906/2487 2412/2909/2490 648/1480/1327 639/1131/1035
f 1855/2911/1937 1820/691/660 1956/688/657 1930/2910/2349
f 2414/2908/2489 961/2673/2293 1524/2092/1821 1405/2595/2233
f 1484/1099/1004 1480/2887/2469 905/2912/2491 1807/1098/1003
f 1528/2914/2493 705/2913/2492 543/2854/2438 1556/2606/2241
f 559/1105/1011 648/1480/1327 2412/2909/2490 1841/1108/1014
f 1841/1108/1014 2412/2909/2490 1747/704/672 1193/707/675
f 1489/2361/2032 716/2681/2298 2111/2915/2494 1494/2899/2480
f 1537/2917/2496 1506/2916/2495 1449/2292/1976 1491/2701/2312
f 1557/2791/2384 543/2854/2438 705/2913/2492 1527/2794/2387
f 905/2912/2491 1480/2887/2469 1476/2919/2498 1797/2918/2497
f 2111/2915/2494 716/2681/2298 1430/1982/1734 1436/1939/1699
f 1836/2535/2180 1827/2477/2129 2335/1472/2135 2342/2538/2183
f 1747/704/672 2412/2909/2490 2411/2906/2487 1192/703/671
f 1664/2923/2499 683/2922/2500 2581/2921/2500 2293/2920/2499
f 2446/1718/1528 2365/2250/1941 1315/2073/1805 1709/1721/1531
f 976/2927/2028 2537/2926/2501 2192/2925/2501 2194/2924/2028
f 2134/1709/1 852/2689/1 1711/2690/1 532/2928/1
f 1537/2930/2503 2006/2929/2502 625/1165/1072 1506/1170/1077
f 2552/1754/2460 2534/2453/2460 1519/2855/1115 1412/1756/1115
f 873/2322/2003 686/1684/1496 1329/1685/1497 1679/1935/1695
f 1476/2919/2498 1480/2887/2469 2128/2445/2104 1787/2347/2022
f 2571/817/2505 2587/2417/2505 1594/2931/2504 1391/816/2504
f 1268/1731/1540 1267/990/908 531/794/740 540/795/741
f 2196/2388/2054 2192/2925/2501 2537/2926/2501 2278/2389/2054
f 711/2933/2506 712/2932/2506 1488/1289/1176 1487/1290/1176
f 1394/2625/2272 1371/2618/2507 910/2934/2507 662/2644/2272
f 2561/2936/2511 2367/2935/2510 700/2007/2509 1580/2010/2508
f 700/2007/2509 2367/2935/2510 2353/2031/1768 1161/2006/1771
f 1493/2629/2260 605/2938/2513 1986/2937/2512 1680/2628/2259
f 2353/2031/1768 2367/2935/2510 2371/2825/2418 911/2030/1
f 2371/2825/2418 2367/2935/2510 2561/2936/2511 1579/2258/2417
f 1418/604/583 2150/605/584 758/2940/576 1419/2939/2213
f 2073/2521/2514 2581/2921/2500 683/2922/2500 1019/2524/2514
f 801/2944/2318 1997/2943/2516 1685/2942/2515 1194/2941/2317
f 1370/2945/2517 910/2934/2507 1371/2618/2507 1130/2619/2517
f 1216/2599/2519 844/2600/2518 1443/2847/2434 1737/2106/1832
f 1685/2942/2515 1997/2943/2516 934/774/729 1190/771/726
f 1443/2847/2434 844/2600/2518 1826/2609/2520 1742/2658/2282
f 2178/1693/1504 2397/2946/2521 901/920/850 882/921/851
f 1578/923/853 901/920/850 2397/2946/2521 2415/906/835
f 2169/2733/1238 2170/2948/2523 1960/2947/2522 1941/2732/2338
f 823/2904/2485 822/2905/2486 1490/2949/2524 1583/2579/2220
f 625/1165/1072 2006/2929/2502 1558/2422/2082 1507/1164/1071
f 2587/2417/2505 2571/817/2505 1416/2452/694 1595/1751/694
f 2016/1846/1627 1979/2952/2527 1147/2951/2526 1171/2950/2525
f 1377/721/1366 675/2159/1366 1889/2158/2528 1929/720/2528
f 2302/1969/1724 1402/1964/1719 2226/2953/2529 1741/2319/2000
f 2226/2953/2529 1402/1964/1719 485/1965/1720 1740/2048/1784
f 641/2057/1534 2366/2955/2530 2136/2954/2530 2139/2060/1534
f 1648/2889/2471 760/2890/2472 2344/2957/2532 1751/2956/2531
f 2563/2961/2534 699/2960/1753 2541/2959/1754 1151/2958/2533
f 1409/2508/2158 833/2962/2535 1868/1581/1414 1366/915/845
f 1663/975/1 1662/2206/1911 516/2207/1911 1361/978/1
f 1868/1581/1414 833/2962/2535 2375/2963/2536 1364/2525/2172
f 758/2965/576 2150/605/584 1473/1652/1469 1475/2964/575
f 2170/2967/2523 2169/1363/1238 1945/1360/682 1929/2966/683
f 1539/2968/2537 1526/2107/1833 1535/1019/934 1531/1020/935
f 757/2888/2470 753/873/802 2163/874/803 1792/2969/2538
f 1988/1062/972 1263/1063/973 2419/2971/2540 1704/2970/2539
f 2278/2973/2542 2537/2972/2541 2281/1673/1486 1239/1530/1369
f 1661/2781/2543 2290/2702/2313 2031/2703/2314 1805/2411/2073
f 828/2976/2545 712/2932/2545 916/2975/2544 928/2974/2544
f 2244/2863/2546 2475/2979/2546 1187/2978/1235 1186/2977/1235
f 1147/2951/2526 1979/2952/2527 1866/2981/2548 1172/2980/2547
f 1232/748/709 2200/2055/1791 2568/2056/1792 1714/747/708
f 696/2982/2399 664/862/791 1415/595/574 1475/596/575
f 2281/1673/1486 2537/2972/2541 976/2734/2339 1238/2592/2230
f 2512/2986/2550 2186/2985/2549 2221/2984/1826 1941/2983/2338
f 712/2932/2506 711/2933/2506 917/2987/2551 916/2975/2551
f 1986/2937/2512 605/2938/2513 2100/1837/1622 1690/1834/1619
f 2221/2984/1826 2186/2985/2549 1968/2840/2428 2297/2841/1827
f 2065/2989/2553 2292/2988/2552 1843/629/606 1240/630/607
f 922/1676/1488 773/2990/2554 714/2317/1998 931/2316/1997
f 714/2317/1998 773/2990/2554 1483/2580/2221 1472/2499/2151
f 530/2876/2459 2501/1031/945 750/752/713 1388/2813/2402
f 2356/2255/1944 1669/2991/2555 1790/1701/1510 1766/1698/1507
f 2257/2994/2556 2116/2993/2557 825/2992/2557 1944/2772/2556
f 2089/2996/2559 589/2995/2558 1120/2114/1840 1590/2111/1837
f 1497/1664/1480 2603/2765/2362 2119/2766/2362 1500/1665/1480
f 712/2932/2545 828/2998/2545 1479/2997/2560 1488/1289/2560
f 1507/1164/1071 2420/1140/1044 565/2999/2561 1599/1679/1491
f 820/2551/2195 822/2905/2486 930/2903/2484 918/2550/2194
f 967/819/761 945/2862/2445 2362/3001/1900 1593/3000/1877
f 825/2992/2557 2116/2993/2557 2243/3002/2562 1943/2780/2562
f 718/3004/2564 784/3003/2563 2419/2971/2540 1680/2628/2259
f 2362/3001/1900 945/2862/2445 1964/2123/1848 1177/2120/1846
f 1843/629/606 2292/2988/2552 2278/2973/2542 1239/1530/1369
f 557/954/880 2444/3005/2565 2096/1068/977 1351/953/879
f 2566/1791/1355 766/2489/2566 1958/2490/2257 1933/1790/1591
f 1622/1761/1567 612/2487/2144 1408/2444/2103 1710/1760/1566
f 1120/2114/1840 589/2995/2558 2380/2045/1781 1179/1237/1130
f 766/2498/2566 2566/1512/1355 1937/1509/1352 1959/2497/2567
f 1836/2535/2180 1839/2536/2181 747/2611/2243 2321/3006/2568
f 2380/2045/1781 589/2995/2558 616/929/859 881/946/232
f 778/3008/2569 711/2933/2569 1487/1290/2287 1481/3007/2287
f 1319/2598/2237 2489/2597/2236 520/2108/1834 1708/2239/1934
f 1558/2422/2570 2006/2929/2502 2078/2171/1885 1508/2173/1887
f 2475/2979/2546 2244/2863/2546 1391/816/2504 1594/2931/2504
f 2078/2171/1885 2006/2929/2502 1537/2930/2503 1491/2170/1884
f 664/862/791 696/2982/2399 913/3010/2572 921/3009/2571
f 2307/1981/2574 2079/2196/2573 2163/874/803 1772/871/800
f 1443/2847/2434 1312/2484/2140 1313/1739/1548 1737/2106/1832
f 711/2933/2569 778/3012/2569 927/3011/2575 917/2987/2575
f 948/1916/1985 1647/1917/2576 781/3013/2576 802/2306/1985
f 778/3016/2579 788/739/700 929/3015/2578 927/3014/2577
f 2106/2262/2580 2460/1998/1745 2035/1999/1746 1792/2969/2538
f 2219/3018/2278 2607/1639/1457 2576/1640/1458 1175/3017/2286
f 848/2750/2353 1765/2751/2354 1110/1211/1110 1106/3019/2581
f 1130/2619/2517 791/2631/2582 695/3020/2582 1370/2945/2517
f 1157/2785/2583 695/3020/2582 791/2631/2582 1095/2632/2583
f 2283/1592/2584 2205/3022/2585 510/3021/2585 511/1593/2584
f 761/2515/2164 739/3024/2587 2212/3023/2586 1348/1198/1100
f 1721/971/232 1635/2552/232 2486/3025/232 2085/972/232
f 1566/2620/2251 731/3027/2437 2008/3026/2588 507/2623/2254
f 633/1207/2590 2392/3029/2590 507/3028/2589 1514/1414/2589
f 1721/971/2235 2423/829/2591 780/2486/2143 1722/1566/1402
f 2585/1856/1637 1968/2840/2428 2186/2985/2549 1509/1510/1353
f 1444/860/789 665/861/790 698/2756/2358 1486/2757/2359
f 2211/3031/2592 2008/3026/2588 731/3027/2437 1567/3030/2188
f 2089/2996/2559 1054/3032/2593 1437/2868/2451 1589/928/858
f 698/2756/2358 665/861/790 884/3033/2594 914/2399/2062
f 1509/1510/1353 2186/2985/2549 2512/3035/2550 1937/3034/1352
f 2173/1967/1722 2453/3037/2596 962/3036/2595 1387/1966/1721
f 1054/3032/2593 2089/2996/2559 1590/2111/1837 1465/2112/1838
f 2386/3039/2598 1844/3038/2597 642/601/580 1241/602/581
f 642/601/580 1844/3038/2597 2065/2989/2553 1240/630/607
f 905/2912/2491 904/3040/2599 650/2698/2311 1807/1098/1003
f 1567/3030/2188 1920/3042/2179 1318/3041/2600 2211/3031/2592
f 663/1883/1656 2129/3043/2601 1201/2742/2601 1947/1882/1656
f 1201/2742/2601 2129/3043/2601 2257/2994/2556 1944/2772/2556
f 1490/2949/2524 721/3044/2602 719/2582/2223 1583/2579/2220
f 1699/948/873 780/2486/2143 2423/829/2591 1379/830/874
f 2531/3045/232 2486/3025/232 1635/2552/232 672/2249/232
f 2375/2963/2536 739/3024/2587 761/2515/2164 1364/2525/2172
f 687/1668/1481 1318/3041/2600 1920/3042/2179 977/1669/1482
f 823/2904/2485 773/2990/2554 922/1676/1488 1167/1677/1489
f 518/2109/1835 2021/3047/2604 740/3046/2603 767/2018/1759
f 1408/2444/2103 612/2487/2144 658/2488/2145 1698/1334/1208
f 2531/3045/2606 2098/3048/2605 2099/2302/1983 1718/2309/1989
f 773/2990/2554 823/2904/2485 1583/2579/2220 1483/2580/2221
f 2512/3035/2550 2525/3050/2607 1959/3049/2567 1937/3034/1352
f 508/1405/1269 488/1030/944 513/2692/2306 1596/2167/1881
f 2271/2877/2461 579/2395/2058 1414/2233/1928 1454/2463/2118
f 1726/1532/1371 2099/2302/1983 2098/3048/2605 2112/2776/2608
f 1377/1524/684 1372/2437/685 1949/2436/1968 1931/1523/1969
f 861/2769/2365 689/3053/2611 2070/3052/2610 1953/3051/2609
f 616/929/859 589/2995/2558 2089/2996/2559 1589/928/858
f 1536/3055/2613 2166/3054/2612 2076/2081/1811 1495/2085/1814
f 2236/1892/1662 2153/3056/2614 2241/2366/2036 1242/1891/1661
f 788/739/700 778/3016/2579 1481/2726/2334 1482/738/699
f 2076/2081/1811 2166/3054/2612 1560/3057/2615 1496/1284/1172
f 722/1335/1209 735/2443/2102 1408/2444/2103 1698/1334/1208
f 2068/2360/2031 2533/735/696 2535/736/697 1587/2587/1903
f 2241/2366/2036 2153/3056/2614 2386/3039/2598 1241/602/581
f 1944/2772/1235 825/2992/2616 2438/3058/2616 1904/2771/1235
f 960/2857/2440 1287/2090/1819 670/1775/1578 874/2175/1889
f 2415/906/835 776/887/816 1872/3059/2617 1578/923/853
f 2149/3060/2618 1872/3059/2617 776/887/816 808/888/817
f 518/2095/1824 510/3021/2585 2205/3022/2585 2144/2098/1824
f 627/2858/2441 570/2176/1890 1449/2292/1976 1506/2916/2495
f 2306/1074/983 2439/1876/1652 1207/1607/1434 1732/1073/982
f 1207/1607/1434 2439/1876/1652 1208/1877/1653 1734/1606/1433
f 640/1417/2619 2008/3061/2619 2211/2902/2483 1516/2012/2483
f 1552/2581/2222 838/3062/2620 1472/2499/2151 1483/2580/2221
f 856/2133/1856 859/2480/2132 2470/2856/2622 1519/2855/2621
f 2072/1864/1645 860/3063/2623 2207/877/806 1389/1972/1725
f 847/1996/1742 2603/2894/2474 1497/1437/1292 1547/1434/1289
f 838/3062/2620 1552/2581/2222 1420/1038/950 1466/1995/1741
f 2257/3065/2624 2129/2340/2017 2070/2341/2017 1950/3064/2624
f 788/739/700 799/3067/701 920/3066/1553 929/3015/2578
f 1819/934/2625 1534/1249/2625 768/1250/2625 1829/937/2625
f 2207/877/806 860/3063/2623 2209/2898/2478 1390/876/805
f 1790/1701/1510 1669/2991/2555 2336/2385/2051 1754/1705/1514
f 2184/1587/1420 2045/3068/2626 2047/2433/2093 1783/1255/1145
f 1980/1835/1620 1977/3069/2627 1981/1994/1739 1690/1834/1619
f 2209/2898/2478 860/3063/2623 2228/3070/2628 1469/2160/1874
f 822/2905/2486 820/2551/2195 1494/2899/2480 1490/2949/2524
f 1981/1994/1739 1977/3069/2627 1978/3071/2629 1703/1993/753
f 2346/1757/1563 2607/1639/1457 2219/3018/2278 1588/3072/2030
f 744/3075/2632 742/3074/2631 745/3073/2630 1363/1475/1322
f 745/3077/2633 742/3076/2631 1860/1678/1490 1599/1679/1491
f 1640/2744/2347 1994/2879/2463 1421/2881/2464 1492/2748/2351
f 2336/2385/2051 1669/2991/2555 1375/1978/1731 1743/2384/2050
f 1236/2578/2219 2298/1299/1184 586/2547/2191 2319/2368/2038
f 1860/1678/1490 742/3076/2631 809/3078/2634 1202/1681/1493
f 1345/3080/764 809/3079/2634 742/3074/2631 744/3075/2632
f 2145/1387/2635 1251/3082/2636 2430/3081/2636 1838/1390/2635
f 557/954/880 2592/955/881 1344/973/895 1347/1534/1373
f 2470/2856/2622 859/2480/2132 2058/2481/2133 875/2865/2637
f 2525/3084/2607 2512/2986/2550 1941/2983/2338 1960/3083/2522
f 532/3085/2638 1711/2541/2186 1155/1895/1665 1768/1900/1668
f 2067/3089/2640 2518/3088/798 2520/3087/799 1575/3086/2639
f 513/2692/2306 488/1030/944 2501/1031/945 530/2876/2459
f 2293/2920/2499 2430/3081/2636 1251/3082/2636 1664/2923/2499
f 839/2380/2046 653/2381/2047 655/943/869 1694/940/866
f 803/3091/2642 2084/3090/2641 1882/1704/1513 1754/1705/1514
f 1826/2609/2520 852/2689/2643 2131/2659/2283 1742/2658/2282
f 2131/2659/2283 852/2689/2643 2134/1709/1518 1763/1706/1515
f 1882/1704/1513 2084/3090/2641 2605/1349/1223 1758/755/716
f 1846/2743/2346 1054/3032/2593 1465/2112/1838 1457/2307/1987
f 1406/2693/2307 1399/3092/2644 2082/2188/1897 1597/1046/958
f 2082/2184/1896 1399/3094/2645 2314/3093/2645 1527/2185/1896
f 2457/2728/2336 2458/3096/2646 815/3095/2646 1219/2731/2336
f 1054/3032/2593 1846/2743/2346 1422/2747/2350 1437/2868/2451
f 2602/2432/2092 505/3097/2647 565/2999/2561 1605/2431/2091
f 565/2999/2561 505/3097/2647 745/3077/2633 1599/1679/1491
f 1220/3099/2648 815/3095/2646 2458/3096/2646 2504/3098/2648
f 600/911/839 2279/2755/2357 919/1738/1547 1180/1158/1065
f 745/3073/2630 505/3100/2649 737/1477/1324 1363/1475/1322
f 737/1477/1324 505/3100/2649 2602/1375/1248 1611/1374/1247
f 1089/2683/2299 1317/3102/2650 2268/3101/2650 2358/2684/2299
f 2279/2755/2357 600/911/839 1584/908/836 1470/2754/2356
f 1626/848/777 2578/2724/2331 1629/1800/1598 907/851/780
f 2419/2971/2540 784/3003/2563 2600/827/2651 1704/2970/2539
f 2432/2821/2410 2487/952/878 1438/949/875 1585/1023/938
f 604/909/837 2259/2867/2450 1470/2754/2356 1584/908/836
f 1959/3049/2149 2525/3050/2652 2311/3104/2652 1926/3103/2149
f 2311/3106/2652 2525/3084/2652 1960/3083/2653 1928/3105/2653
f 2232/1707/1516 564/1708/1517 2473/1318/1225 1764/1348/1222
f 2487/952/878 2432/2821/2410 1169/2574/2215 889/1041/953
f 1394/2625/2256 1272/2642/2655 2023/3107/2654 1802/1495/1338
f 2023/3107/2654 1272/2642/2655 2024/2646/2479 1681/3108/843
f 1529/1792/1592 2314/3093/2645 1399/3094/2645 783/1795/1592
f 783/1725/1534 1399/3092/2644 1406/2693/2307 1598/1724/1534
f 2473/1318/2656 564/1708/2657 2337/3109/2657 2344/1321/2656
f 532/2928/1 2337/3109/2657 564/1708/2657 2134/1709/1
f 855/3113/2659 854/3112/2659 1517/3111/2658 965/3110/2658
f 677/2348/2023 1474/2413/2075 1476/2919/2498 1787/2347/2022
f 1962/2277/1963 1961/3114/2660 1881/2154/1869 1206/2152/772
f 1881/2154/1869 1961/3114/2660 2273/2357/2662 2194/2358/2661
f 2273/2357/2662 1961/3114/2660 2490/3116/2664 2294/3115/2663
f 775/2274/1960 2490/3116/2664 1961/3114/2660 1962/2277/1963
f 1360/1288/1 601/3118/1 1643/3117/1 1644/1275/1
f 1661/2781/1 1643/3117/1 601/3118/1 602/2783/1
f 1476/2919/2498 1474/2413/2075 1477/2414/2076 1797/2918/2497
f 990/1091/998 854/3112/2659 855/3113/2659 1549/1090/998
f 719/2582/2223 721/3044/2602 1431/645/619 1582/646/620
f 1996/1481/232 2291/1111/232 1879/1188/232 1875/1189/232
f 769/1563/232 1879/1188/232 2291/1111/232 2572/1112/232
f 2390/2327/2008 1969/2276/1962 1962/2277/1963 1206/2152/772
f 1677/1911/1676 1576/2324/2005 1970/3119/2665 1972/1912/1677
f 1972/3123/2666 1970/3122/2667 2018/3121/2667 1615/3120/2666
f 1218/2762/2360 2018/3121/2667 1970/3122/2667 2434/2763/2360
f 2434/3124/2668 1970/3119/2665 1576/2324/2005 1671/2332/2011
f 2178/1693/1504 1856/1691/1502 1641/1853/1634 1921/1854/1635
f 1975/3128/2669 1974/3127/2670 2026/3126/2670 1616/3125/2669
f 1615/3120/2666 2026/3126/2670 1974/3127/2670 1972/3123/2666
f 1641/1898/1634 1856/1691/1502 1510/1042/954 1917/1897/1667
f 1678/1444/1297 1850/1476/1323 1987/3129/2671 1990/1447/1300
f 1990/3133/2672 1987/3132/2673 2455/3131/2673 1617/3130/2672
f 1616/3125/2669 2455/3131/2673 1987/3132/2673 1975/3128/2669
f 1975/1906/1672 1987/3129/2671 1850/1476/1323 1676/1692/1503
f 1211/2049/1785 1658/2455/2113 1659/3134/2674 1740/2048/1784
f 2422/3138/2675 1992/3137/2676 1995/3136/2676 1222/3135/2675
f 750/752/713 2501/1031/945 487/1032/946 1601/751/712
f 1994/2879/2463 1640/2744/2347 1427/2308/1988 1439/1611/1439
f 1617/3130/2672 1995/3136/2676 1992/3137/2676 1990/3133/2672
f 1659/3134/2674 1658/2455/2113 1660/1787/1588 1749/1258/1148
f 1245/1403/1267 496/1404/1268 1701/3140/2678 1246/3139/2677
f 1560/3057/2369 2166/3054/2612 2275/996/914 1452/1080/988
f 1417/809/772 969/2221/772 1334/2218/772 1324/808/772
f 1667/3141/2679 2392/3029/2590 633/1207/2590 1515/1204/2679
f 2275/996/914 2166/3054/2612 1536/3055/2613 1453/995/913
f 2438/3058/2616 825/2992/2616 1943/2780/2370 1903/2778/2370
f 2096/857/786 2444/2313/1994 1683/2314/1995 1197/856/785
f 1563/2458/2681 2317/2430/2680 2228/3070/2628 1426/1861/1642
f 754/1221/1117 818/2315/1996 2559/1740/1549 1784/1220/1116
f 1219/2637/2267 815/3142/2682 2408/839/2682 1321/836/2267
f 2057/2373/2042 906/3143/2683 2447/1894/1664 1242/1891/1661
f 2228/3070/2628 2317/2430/2680 1562/2161/1875 1469/2160/1874
f 1982/898/827 1857/2869/2452 1380/2285/1658 1949/2282/1968
f 2600/827/2651 2549/828/2374 2548/2784/2375 1704/2970/2539
f 763/2442/2101 2579/3144/2684 1625/1758/1564 1710/1760/1566
f 2495/2401/2064 2465/2558/2201 2142/1148/2201 1906/2404/2064
f 2228/3070/2628 860/3063/2623 2072/1864/1645 1426/1861/1642
f 1560/3057/2615 2349/3145/2364 2255/1287/1175 1496/1284/1172
f 2112/2776/232 2098/3048/232 2365/2250/232 2446/1718/232
f 1376/1479/232 2494/2590/232 717/3146/232 704/2337/232
f 2255/1287/1175 2349/3145/2364 1561/2768/2364 1503/1391/1175
f 1890/1851/2116 2410/1852/2066 1855/2911/2066 1930/2910/2116
f 1901/3148/2688 2347/3147/2687 2311/3106/2686 1928/3105/2685
f 672/2249/232 2365/2250/232 2098/3048/232 2531/3045/232
f 831/3152/2690 2299/3151/1949 2562/3150/1950 1573/3149/2689
f 2336/2385/2051 2309/2386/2052 803/3091/2642 1754/1705/1514
f 2112/2776/2608 2092/2777/2691 1306/1281/1169 1726/1532/1371
f 718/3004/232 717/3146/232 2494/2590/232 2370/941/232
f 803/3091/2642 2309/2386/2052 2131/2659/2283 1763/1706/1515
f 2231/3154/2692 2333/1778/1580 2197/1351/1580 798/3153/2692
f 2311/3104/2686 2347/3156/2687 1897/3155/814 1926/3103/1378
f 1736/1280/1168 1306/1281/1169 2092/2777/2691 2094/3157/2693
f 1342/1057/969 1357/3158/2694 617/2842/2694 2043/1060/969
f 657/2205/2695 617/2842/2694 1357/3158/2694 1358/2208/2695
f 2068/3159/2031 1243/1753/1559 2346/1757/1563 1588/3072/2030
f 2346/1757/1563 1243/1753/1559 2552/1754/1560 1412/1756/1562
f 1625/1758/1564 2579/3144/2684 1230/750/711 1714/747/708
f 1230/750/711 2579/3144/2684 1919/1951/1706 1720/805/749
f 1622/1761/1567 1237/1759/1565 580/1569/1405 1722/1566/1402
f 1905/3163/1388 2167/3162/2697 2159/3161/2696 1889/3160/1872
f 2159/3167/2696 2167/3166/2697 1901/3165/2688 1928/3164/2685
f 1919/1951/1706 2579/3144/2684 763/2442/2101 1719/1950/1705
f 1479/3169/2560 2141/3168/2698 726/1292/2698 1488/1289/2560
f 726/1292/2698 2141/3171/2698 1424/3170/1293 1433/1439/1293
f 2149/3060/2618 2213/3174/2701 2214/3173/2700 1898/3172/2699
f 2214/3173/2700 2213/3174/2701 2215/3176/1057 1902/3175/1054
f 2370/941/232 957/942/232 784/3003/232 718/3004/232
f 1660/1787/1588 1658/2455/2113 1656/864/793 1748/1867/1647
f 1659/3134/2674 1670/3177/2702 2226/2953/2529 1740/2048/1784
f 2504/3178/2703 2458/1212/1111 2305/1213/1112 1673/2269/1955
f 565/2999/2561 2420/1140/1044 1504/1141/1045 1605/2431/2091
f 533/1361/1236 1915/897/826 1372/722/685 1945/719/682
f 2408/839/2682 815/3142/2682 1220/3179/2704 1322/843/2704
f 2590/3181/2705 1912/2513/2705 1464/939/2398 1460/3180/2398
f 2226/2953/2529 1670/3177/2702 1520/616/595 1741/2319/2000
f 851/3183/2706 2222/3182/2707 2224/2741/2707 1904/2771/2706
f 696/3185/2399 834/1653/1470 912/1937/1697 913/3184/2572
f 1912/2513/2705 2590/3187/2705 1425/3186/2280 1434/2520/2280
f 2600/827/232 784/3003/232 957/942/232 1379/830/232
f 2224/2741/2707 2222/3182/2707 2225/1905/1670 1907/1902/1670
f 757/2888/2470 2037/3188/2708 2038/702/670 1793/699/667
f 865/642/616 1867/643/617 1436/1939/1699 1430/1982/1734
f 2344/2957/2532 2337/3190/2710 528/3189/2709 1751/2956/2531
f 528/3189/2709 2337/3190/2710 532/3085/2638 1768/1900/1668
f 1246/3139/2677 2212/3192/2712 739/3191/2711 1245/1403/1267
f 1701/3140/2678 496/1404/1268 500/2711/2320 1194/2708/2317
f 2047/2433/2093 2045/3068/2626 2046/2424/2084 1773/2200/1908
f 2355/1752/1558 1243/1753/1559 2068/3159/2031 1587/2195/1903
f 1873/3194/2714 2382/3193/2713 1126/1117/1023 1074/1118/1024
f 1654/2203/2456 693/2873/2456 1620/2311/1991 1355/2202/1991
f 1335/3196/2716 1256/3195/2715 849/1187/1091 1770/1560/1396
f 849/1187/1091 1256/3195/2715 1336/1559/1395 1762/1186/1090
f 1225/1079/987 829/3197/2717 1871/838/2717 1327/840/987
f 1871/838/2717 829/3197/2717 1224/3198/2718 1326/837/2718
f 1435/2129/1853 1332/2125/1850 1354/2126/1851 1694/940/866
f 2534/2453/2111 853/2132/1855 856/2133/1856 1519/2855/2621
f 2481/2775/232 2304/3199/232 2296/2256/232 812/2257/232
f 523/1579/1412 2345/3201/2719 635/3200/2719 1911/1578/1412
f 2322/3203/2720 2268/3101/2650 1317/3102/2650 1091/3202/2720
f 1889/3160/2528 2159/3161/2721 2170/2967/2721 1929/2966/2528
f 1644/1275/1163 1643/3117/2722 1478/2412/2074 1786/1274/1162
f 1634/3205/2723 2136/2954/2530 2366/2955/2530 1340/3204/2723
f 635/3200/2719 2345/3201/2719 941/1225/1118 1896/1222/1118
f 1478/2412/2074 1643/3117/2722 1661/2781/2543 1805/2411/2073
f 1985/2687/2302 1983/2688/2302 497/2740/2343 1948/2739/2343
f 646/2197/1904 1630/2423/2083 1633/2800/2395 1781/1272/1158
f 1852/1085/993 1851/3206/2725 1853/2691/2724 1160/1084/992
f 2560/1087/995 699/2960/1753 2563/2961/2534 1574/1086/994
f 1852/3208/993 2518/3088/798 2067/3089/2640 1150/3207/2726
f 1510/1042/954 1815/1029/943 1084/2685/2301 1917/2686/1667
f 690/1181/2238 1411/1889/2238 1932/1886/1115 1892/1180/1115
f 1311/1781/1583 2593/2764/2361 2461/1283/1171 1736/1280/1168
f 2560/2011/995 2558/3209/996 2561/2936/2727 1580/2010/1755
f 2561/2936/2727 2558/3209/996 2562/2261/1950 1579/2258/1947
f 2038/702/670 2037/3188/2708 652/3210/2728 1808/1491/1334
f 692/821/2419 613/3212/2419 894/3211/2309 897/820/2309
f 1444/860/789 2204/3213/2729 2202/598/577 1415/595/574
f 657/2205/2731 1662/2206/2730 1633/2800/2395 1782/2798/2393
f 1633/2800/2395 1662/2206/2730 1663/975/1161 1781/1272/1158
f 838/3062/2620 840/1435/1290 1551/1442/1295 1472/2499/2151
f 2466/895/824 689/3053/2611 1857/2869/2452 1982/898/827
f 578/2110/1836 1857/2869/2452 689/3053/2611 861/2769/2365
f 723/2817/2406 674/2822/2411 1462/1024/939 1440/644/618
f 500/2711/2320 496/1404/1268 508/1405/1269 1596/2167/1881
f 674/2822/2411 723/2817/2406 900/2553/2197 886/2577/2218
f 509/2213/2733 2143/2635/2733 1548/1246/2732 1521/1077/2732
f 1563/2458/2115 703/3214/2734 2527/1626/1447 1512/1860/1641
f 2527/1626/1447 703/3214/2734 1544/3215/2735 1525/1625/1446
f 2419/2971/2540 1263/1063/973 1606/1755/1561 1680/2628/2259
f 2562/3150/1950 2558/1088/996 671/1089/997 1573/3149/2689
f 1245/1403/1267 739/3191/2711 2375/3216/2736 1604/1033/947
f 1831/2627/661 1830/694/662 1832/1782/1584 1933/2626/1591
f 634/1303/1176 632/2264/1952 2109/2265/1952 1862/1306/1176
f 2520/3087/799 2299/3151/1949 831/3152/2690 1575/3086/2639
f 979/2639/2269 954/1493/1336 2066/2505/2155 1795/2638/2268
f 746/3217/2737 2444/3005/2565 557/954/880 1347/1534/1373
f 615/1797/1595 2242/3218/2738 2267/2441/2100 1627/1796/1594
f 1653/2665/232 2296/2256/232 2304/3199/232 572/2438/232
f 2004/1945/2740 599/2419/2740 1939/2390/2739 1899/2077/2739
f 890/1369/812 2034/1370/1243 708/3220/1263 899/3219/833
f 1084/3222/2301 1815/1029/943 538/1009/924 1913/3221/1087
f 2145/2238/1933 607/1622/1443 2354/1623/1444 1228/2210/1914
f 884/3033/2594 665/861/790 664/862/791 921/3009/2571
f 1832/1782/1584 1830/694/662 1876/1232/1125 1877/1233/1126
f 1224/3198/2718 759/3223/2741 1631/1971/2741 1326/837/2718
f 1631/1971/2741 759/3223/2741 1223/2844/2432 1325/2134/2432
f 1339/3225/2743 1338/3224/2742 2399/1561/1397 1780/1564/1400
f 2399/1561/1397 1338/3224/2742 1335/3196/2716 1770/1560/1396
f 708/3227/1263 2034/1370/1243 1455/1385/1256 1448/3226/1440
f 1302/1992/232 1301/3229/232 2095/3228/232 2094/3157/232
f 2143/2635/2733 509/2213/2733 1523/2215/2744 1550/1618/2744
f 885/944/870 1798/1630/1451 1386/2113/1839 883/1234/1127
f 702/1544/1383 2465/1545/1383 2495/3230/2745 1903/2778/2745
f 1383/2861/2444 621/3231/2746 1712/1294/1179 1190/771/726
f 1386/2113/1839 1798/1630/1451 1457/2307/1987 1465/2112/1838
f 2375/3216/2736 833/1257/1147 487/1032/946 1604/1033/947
f 1447/950/876 2239/951/877 2179/3232/2747 1542/2268/1954
f 1544/3215/2735 703/3214/2734 2177/1862/1643 1405/1940/1700
f 2177/1862/1643 703/3214/2734 1563/2458/2681 1426/1861/1642
f 2066/2505/2155 954/1493/1336 2604/1494/1337 1801/2504/2154
f 2464/3236/2748 2429/3235/2749 2421/3234/2749 1918/3233/2748
f 1914/2148/1866 2421/3234/2749 2429/3235/2749 2225/2151/1866
f 1940/2418/2381 599/2419/2740 2004/1945/2740 1900/1942/2381
f 2382/3193/2713 1873/3194/2714 1072/3238/2751 1122/3237/2750
f 2202/598/577 2204/3213/2729 1492/2748/2351 1421/2881/2464
f 541/2193/1901 524/854/783 2270/855/784 1727/1968/1723
f 858/2212/1915 1262/818/760 2247/3239/1878 1592/2211/1799
f 2247/3239/1878 1262/818/760 967/819/761 1593/3000/1877
f 571/3242/1176 2498/3241/2753 1865/3240/2752 1866/2981/2548
f 1859/3244/2754 1865/3240/2752 2498/3241/2753 1244/3243/1951
f 1244/1004/919 2498/3246/2755 1248/3245/2755 1123/1003/919
f 1248/3245/2755 2498/3246/2755 571/3247/2756 1125/2449/2756
f 1410/3251/2284 1249/3250/2758 1285/3249/2757 1517/3248/2285
f 1505/3253/2760 1285/3249/2757 1249/3250/2758 2483/3252/2759
f 2483/3252/2759 1249/3250/2758 2484/3255/2762 1174/3254/2761
f 2484/3255/2762 1249/3250/2758 1410/3251/2284 1175/3256/2286
f 1853/2691/2724 1851/3206/2725 1854/1315/1197 1164/1312/1194
f 1996/1481/2765 789/1482/2764 1005/3257/2763 1760/1710/1519
f 2243/3261/2766 2116/3260/2767 2523/3259/2767 1946/3258/2766
f 650/2698/2311 904/3040/2599 909/2139/1860 1800/2136/1857
f 909/2139/1860 904/3040/2599 905/2912/2491 1797/2918/2497
f 1735/1909/1675 814/3263/2768 1774/3262/2768 953/1910/1675
f 662/3265/2770 910/3264/2769 1016/2172/1886 1804/798/743
f 2483/3252/2759 1858/3267/2772 1814/3266/2771 1505/3253/2760
f 1182/723/686 2124/3269/2774 2596/3268/2773 2387/726/689
f 2172/3271/2421 2596/3268/2773 2124/3269/2774 1181/3270/2130
f 1244/3243/1951 1814/3266/2771 1858/3267/2772 1859/3244/2754
f 1859/3244/2754 1858/3267/2772 1825/3273/2776 1173/3272/2775
f 875/3277/2448 790/3276/2777 2272/3275/2777 1056/3274/2448
f 2272/3275/2777 790/3276/2777 1094/3279/2778 984/3278/2778
f 796/2676/2295 781/3013/2576 1647/1917/2576 1090/2016/2295
f 2401/1601/772 2493/2226/772 1320/2135/772 1325/2134/772
f 1094/3279/2778 2373/3281/2779 793/3280/2779 984/3278/2778
f 793/3280/2779 2373/3281/2779 989/3283/1951 1189/3282/1951
f 1223/1096/1002 759/3285/2780 2146/3284/2780 2148/1097/1002
f 1024/1869/1649 774/1858/1639 2080/3287/2782 1070/3286/2781
f 989/3283/1951 645/3289/2783 636/3288/2783 1189/3282/1951
f 636/3288/2783 645/3289/2783 879/3291/1176 1185/3290/1176
f 2080/3287/2782 774/1858/1639 1022/1571/1407 1066/1572/1408
f 2044/2799/2394 617/2842/2429 657/2205/2731 1782/2798/2393
f 879/3291/1176 2276/3293/2784 2235/3292/2784 1185/3290/1176
f 2235/3292/2784 2276/3293/2784 1186/2977/1235 1187/2978/1235
f 2046/2424/2084 2045/3068/2626 2184/1587/1420 1776/1146/1052
f 950/2845/2785 1639/2450/2109 728/2451/2109 963/2083/2785
f 2074/3296/2788 2155/3295/2787 1553/3294/2786 1025/2199/1906
f 1553/3294/2786 2155/3295/2787 951/3297/2789 1031/2344/2019
f 2576/3301/1458 2277/3300/2790 2484/3299/2762 1175/3298/2286
f 2484/3299/2762 2277/3300/2790 2467/3303/2791 1174/3302/2761
f 2058/3305/2133 2027/3304/2793 790/3276/2792 875/3277/2637
f 790/3276/2792 2027/3304/2793 2007/3306/2795 1094/3279/2794
f 1108/1712/1522 1666/1713/1523 802/3308/2796 975/3307/1685
f 2140/2737/2797 2180/1621/2797 1550/1618/2744 1523/2215/2744
f 547/3312/2798 556/3311/2799 1973/3310/2799 1104/3309/2798
f 1102/2666/2289 1973/3310/2799 556/3311/2799 1092/2669/2289
f 1092/781/735 556/3313/2800 1205/2907/2488 1191/780/734
f 1205/2907/2488 556/3313/2800 547/706/674 1192/703/671
f 661/799/744 660/3314/2801 662/3265/2770 1804/798/743
f 2138/1553/1389 826/1554/1390 2598/2774/2368 2428/1152/1059
f 1517/3111/2658 1285/3316/2802 1607/3315/2802 965/3110/2658
f 1607/3315/2802 1285/3316/2802 1505/1002/917 1124/999/917
f 951/3297/2789 2155/3295/2787 1689/3317/2803 1087/2735/2340
f 1689/3317/2803 2155/3295/2787 2074/3296/2788 1105/2439/2098
f 2467/3303/2791 539/3319/2804 1825/3318/2776 1174/3302/2761
f 1825/3318/2776 539/3319/2804 628/3321/2805 1173/3320/2775
f 2007/3306/2795 2002/3322/2807 2373/3281/2806 1094/3279/2794
f 2373/3281/2806 2002/3322/2807 2003/2835/2423 989/3283/2808
f 2164/1005/920 2598/2774/2368 826/1554/1390 2118/1008/923
f 1304/2722/232 1651/2723/232 2250/865/232 2198/866/232
f 2480/3324/2812 2445/3323/2811 636/3288/2810 1185/3290/2809
f 636/3288/2810 2445/3323/2811 628/3321/2805 1189/3282/2813
f 1140/3327/1687 2229/3326/1690 1963/3325/2814 1131/1924/1686
f 1963/3325/2814 2229/3330/1690 1141/3329/1459 1132/3328/2815
f 2003/2835/2423 2595/2829/2420 645/3289/2816 989/3283/2808
f 645/3289/2816 2595/2829/2420 1965/2457/2114 879/3291/2817
f 1880/3332/2819 2583/3331/2818 1122/3237/2750 1072/3238/2751
f 1493/2629/2260 1471/2624/2255 1328/1934/1694 1687/1682/1494
f 1148/3334/2823 1121/3333/2822 2235/3292/2821 1187/2978/2820
f 2235/3292/2821 1121/3333/2822 2480/3324/2812 1185/3290/2809
f 2583/3331/2818 1880/3332/2819 1073/3336/2825 1117/3335/2824
f 1825/3273/2776 1858/3267/2772 2483/3252/2759 1174/3254/2761
f 1196/1190/1094 1086/3338/2827 1115/3337/2826 1116/2752/2355
f 694/1217/2300 1084/3222/2301 1913/3221/1087 1892/1216/1086
f 2199/2330/2828 2203/3340/2828 795/3339/2828 797/2331/2828
f 1141/3343/1459 495/3342/1460 1668/3341/2829 1132/3328/2815
f 1668/3341/2829 495/3345/1460 1142/3344/1464 1139/1838/1623
f 802/3349/2796 781/3348/2830 2352/3347/1684 975/3346/1685
f 2352/3347/1684 781/3348/2830 796/1932/1692 1140/1929/1687
f 1965/2457/2114 1888/2122/1847 2276/3293/2831 879/3291/2817
f 2276/3293/2831 1888/2122/1847 1964/2123/1848 1186/2977/2832
f 1375/1978/1731 1373/1979/1732 1314/2465/2120 1743/2384/2050
f 1170/2286/1970 1884/2287/1971 1883/1507/1350 1011/1504/1347
f 1091/3202/2720 1356/3351/2833 2256/3350/2833 2322/3203/2720
f 687/2548/2192 2256/3350/2833 1356/3351/2833 944/2041/2192
f 2605/1349/1223 2084/3090/2641 2232/1707/1516 1764/1348/1222
f 2232/1707/1516 2084/3090/2641 803/3091/2642 1763/1706/1515
f 1540/2397/2060 729/698/666 1600/695/663 1541/893/822
f 2194/2358/2661 2192/3352/2834 1874/2153/1868 1881/2154/1869
f 959/3354/2836 871/3353/2835 2218/2896/2476 1393/2900/2481
f 2218/2896/2476 871/3353/2835 972/875/804 1390/876/805
f 2493/2226/772 2401/1601/772 1352/1598/772 1204/1651/772
f 2199/2209/1913 2146/3284/2780 759/3285/2780 1224/2237/1932
f 1266/989/907 1265/1047/959 515/2875/2458 522/845/774
f 522/845/774 515/2875/2458 525/2814/2403 1456/844/773
f 2003/2835/2423 2002/3322/2807 2416/3355/687 1183/2834/691
f 2416/3355/687 2002/3322/2807 2007/3306/2795 1182/3356/686
f 1883/1507/1350 1884/2287/1971 1165/1429/1284 993/1426/1281
f 2321/3006/2568 2059/2476/2128 1827/2477/2129 1836/2535/2180
f 2007/3306/2795 2027/3304/2793 2124/3357/2774 1182/3356/686
f 2124/3357/2774 2027/3304/2793 2058/3305/2133 1181/3358/2130
f 750/752/713 749/753/714 751/2816/2405 1388/2813/2402
f 2180/1621/2797 2140/2737/2797 950/2845/2785 963/2083/2785
f 2188/3360/2838 2061/3359/2837 2260/1550/1386 1042/1551/1387
f 2260/1550/1386 2061/3359/2837 2364/3361/2839 878/1549/1385
f 2364/3361/2839 2061/3359/2837 2400/3363/2841 877/3362/2840
f 2400/3363/2841 2061/3359/2837 2188/3360/2838 999/2795/2389
f 2506/3364/2842 2374/957/883 1078/959/885 1136/2435/2095
f 635/3200/2844 1041/2350/2844 1951/2369/2843 1911/1578/2843
f 2374/957/883 2506/3364/2842 1135/2065/1796 1071/657/631
f 1772/871/800 1571/2067/1798 710/1870/2845 2307/1981/2574
f 1005/3257/2763 789/1482/2764 812/2257/1946 1766/1698/1507
f 2523/3259/2767 2116/3260/2767 2257/3065/2624 1950/3064/2624
f 2605/1349/1223 2478/1319/1224 2608/758/719 1758/755/716
f 733/2792/2385 731/3366/2437 1566/3365/2251 1557/2791/2384
f 1150/3207/2726 786/3367/2846 1851/3206/2725 1852/3208/993
f 1854/1315/1197 1851/3206/2725 786/3367/2846 1154/3368/2847
f 1648/2889/2471 2227/3370/2849 2482/3369/2848 1759/776/730
f 2482/3369/2848 2227/3370/2849 2404/982/900 1767/979/897
f 1008/1317/1199 925/3371/2851 1044/2036/2850 1162/1316/1198
f 1044/2036/2850 925/3371/2851 1395/3372/2853 1163/2035/2852
f 1395/3376/2853 925/3375/2851 2359/3374/2855 1153/3373/2854
f 1152/3378/2856 2359/3374/2855 925/3375/2851 1008/3377/1199
f 1154/3382/2847 2436/3381/2857 2033/3380/1196 1854/3379/1197
f 1008/3377/1199 2033/3380/1196 2436/3381/2857 1152/3378/2856
f 1005/3257/2763 620/3383/2858 2269/756/717 1760/1710/1519
f 2269/756/717 620/3383/2858 512/1699/1508 1758/755/716
f 2190/2346/2021 2378/1521/1364 1088/1518/1361 1113/2364/2034
f 1936/2349/2859 1041/2350/2844 635/3200/2844 1896/1222/2859
f 2378/1521/1364 2190/2346/2021 1137/2343/2860 1042/1551/1387
f 709/1565/1401 710/1870/2845 1571/2067/1798 1780/1564/1400
f 2453/3037/2596 842/3385/2862 870/3384/2861 962/3036/2595
f 497/3389/2863 1983/3388/2864 567/3387/2864 1955/3386/2863
f 842/3385/2862 2453/3037/2596 973/3390/2865 877/3362/2840
f 1957/3392/2866 567/3387/2864 1983/3388/2864 1403/3391/2866
f 566/1845/1626 536/3393/2867 1979/2952/2527 2016/1846/1627
f 1866/2981/2548 1979/2952/2527 536/3393/2867 571/3242/1176
f 571/3247/2756 536/3394/2868 728/2451/2868 1125/2449/2756
f 728/2451/2868 536/3394/2868 566/2084/1813 963/2083/1813
f 512/1699/1508 620/3383/2858 1005/3257/2763 1766/1698/1507
f 2303/1788/1589 2312/3395/2869 2482/3369/2848 1767/979/897
f 2482/3369/2848 2312/3395/2869 2253/1114/1020 1759/776/730
f 2253/1114/1020 2312/3395/2869 2303/1788/1589 1752/1113/1019
f 1649/3397/2871 1717/3396/2870 994/1448/1301 1067/2162/1876
f 2198/866/232 2095/3228/232 1301/3229/232 1304/2722/232
f 1717/3396/2870 1649/3397/2871 1017/3399/2873 988/3398/2872
f 526/1812/2875 855/3113/2875 965/3110/2874 952/635/2874
f 1153/3373/2854 1864/3401/2877 2288/3400/2876 1395/3376/2853
f 2541/2959/1754 2288/3400/2876 1864/3401/2877 1151/2958/2533
f 2286/1324/1520 2265/3402/2878 2160/1110/1016 1760/1710/1519
f 2160/1110/1016 2265/3402/2878 2330/2563/2206 1753/1109/1015
f 2506/3364/2879 2074/3296/2788 1025/2199/1906 1135/2065/1907
f 1842/802/2881 1985/2687/2881 1948/2739/2880 1908/801/2880
f 2074/3296/2788 2506/3364/2879 1136/2435/2097 1105/2439/2098
f 2094/3157/232 2092/2777/232 1308/1719/232 1302/1992/232
f 628/3321/2805 2445/3323/2811 2547/3403/2882 1173/3320/2775
f 2547/3403/2882 2445/3323/2811 2480/3324/2812 1172/3404/2547
f 2404/982/900 2227/3370/2849 528/3189/2709 1768/1900/1668
f 528/3189/2709 2227/3370/2849 1648/2889/2471 1751/2956/2531
f 2251/3405/2883 951/3297/2789 1087/2735/2340 1138/2736/2341
f 1951/2369/2843 1985/2687/2881 1842/802/2881 1911/1578/2843
f 951/3297/2789 2251/3405/2883 1137/2343/2018 1031/2344/2019
f 2447/1894/1664 906/3143/2683 907/851/780 1629/1800/1598
f 1045/3406/2884 2406/2002/1748 1001/1162/1069 998/1163/1070
f 2163/874/803 2079/2196/2573 2106/2262/2580 1792/2969/2538
f 2406/2002/1748 1045/3406/2884 1055/3407/2885 1057/2004/1750
f 855/3113/2875 526/1812/2875 1522/1034/2886 1549/1090/2886
f 1188/2020/1761 587/3408/2887 1009/2278/1964 1003/1202/1104
f 1382/2859/2442 623/1582/1415 529/1583/1416 876/3409/2888
f 587/3408/2887 1188/2020/1761 1064/2022/1762 1069/3410/2889
f 2030/2137/1858 2029/2138/1859 2031/2703/2314 1806/2630/2261
f 666/3411/2890 682/1428/1283 1165/1429/1284 1004/2290/1974
f 2031/2703/2314 2029/2138/1859 1477/2414/2076 1805/2411/2073
f 682/1428/1283 666/3411/2890 1065/3412/2891 1166/1431/1286
f 1494/2899/2480 2111/2915/2494 721/3044/2602 1490/2949/2524
f 2251/3405/2892 2188/3360/2838 1042/1551/1387 1137/2343/2860
f 1939/2390/2739 2601/2391/2893 2054/1223/2893 1899/2077/2739
f 2188/3360/2838 2251/3405/2892 1138/2736/2388 999/2795/2389
f 2054/1223/2893 2601/2391/2893 1936/2349/2859 1896/1222/2859
f 748/3415/2894 779/3414/2894 1006/1816/1981 997/3413/1981
f 2565/1308/1190 2060/1309/1191 2125/3416/2895 1586/2805/1842
f 779/3414/2894 748/3419/2894 1053/3418/2896 1063/3417/2896
f 840/1435/1290 838/3062/2620 1466/1995/1741 1547/1434/1289
f 871/3353/2835 985/1542/1381 878/1549/1385 972/875/2897
f 2243/3002/2562 1757/3420/2898 1775/2779/2898 1943/2780/2562
f 985/1542/1381 871/3353/2835 959/3354/2836 892/1541/1380
f 1775/2779/2898 1757/3420/2898 598/3421/2080 1940/2790/2080
f 587/3408/2887 666/3411/2890 1004/2290/1974 1009/2278/1964
f 721/3044/2602 2111/2915/2494 1436/1939/1699 1431/645/619
f 666/3411/2890 587/3408/2887 1069/3410/2889 1065/3412/2891
f 1673/2269/1955 2305/1213/1112 2108/1159/1066 1213/1342/1216
f 2480/3324/2812 1121/3333/2822 1147/3422/2526 1172/3404/2547
f 1147/3422/2526 1121/3333/2822 1148/3334/2823 1171/3423/2525
f 1196/1190/1094 1116/2752/2355 939/3424/2899 1198/2241/1936
f 1828/2839/2427 1968/2840/2428 2585/1856/1637 1938/3425/2900
f 628/3321/2805 539/3319/2804 793/3280/2901 1189/3282/2813
f 793/3280/2901 539/3319/2804 2467/3303/2791 984/3278/2902
f 1264/3426/2903 713/683/652 861/2769/2365 1953/3051/2609
f 1304/2722/2329 1301/3229/2904 1208/1877/1653 1739/1418/1276
f 878/1549/1385 2364/3361/2839 1413/878/2905 972/875/2897
f 1413/878/2905 2364/3361/2839 877/3362/2840 973/3390/2865
f 598/3430/2906 1757/3429/2907 2325/3428/2907 1942/3427/2906
f 1946/3258/2766 2325/3428/2907 1757/3429/2907 2243/3261/2766
f 1016/2172/1886 910/3264/2769 1370/2507/2157 1801/2504/2154
f 1967/2885/2467 1657/2886/2468 1117/3335/2824 1073/3336/2825
f 572/2438/2096 2304/3199/2908 1109/1859/1640 1748/1867/1647
f 1109/1859/1640 2304/3199/2908 2481/2775/2909 1752/1113/1019
f 1634/2846/2433 1572/3431/2910 1639/2450/2910 950/2845/2433
f 1639/2450/2910 1572/3431/2910 2063/1263/1150 1098/1260/1150
f 1220/3179/2704 936/3432/2911 492/842/2911 1322/843/2704
f 492/842/2911 936/3432/2911 1221/1636/1454 1323/1487/1454
f 2467/3303/2791 2277/3300/2790 2272/3275/2912 984/3278/2902
f 2272/3275/2912 2277/3300/2790 2576/3301/1458 1056/3274/1455
f 2502/1136/1040 1404/1128/1032 1082/607/586 1195/608/587
f 1208/1877/1653 1301/3229/2904 1302/1992/1738 1734/1606/1433
f 1053/3434/2914 748/3433/2913 521/2040/1779 1047/2037/1776
f 521/2040/1779 748/3433/2913 997/1367/1242 991/1364/1239
f 1345/3080/764 744/3075/2632 585/1445/1298 1675/1469/766
f 2108/1159/1066 2305/1213/1112 1672/974/896 1353/956/882
f 2282/1191/1095 2280/3435/2915 1086/3338/2827 1196/1190/1094
f 1086/3338/2827 2280/3435/2915 1925/3436/2916 1115/3337/2826
f 1925/3439/2919 2280/3438/2918 610/3437/2917 876/3409/2888
f 610/3437/2917 2280/3438/2918 2282/859/788 1197/856/785
f 619/3443/2921 537/3442/2920 895/3441/1255 893/3440/2328
f 585/1445/1298 744/3075/2632 1363/1475/1322 1678/1444/1297
f 537/3442/2920 619/3443/2921 1033/1153/1060 1034/1154/1061
f 704/2337/232 1214/667/232 583/668/232 1376/1479/232
f 1049/3445/1777 2323/3444/1778 1717/3396/2870 988/3398/2872
f 1717/3396/2870 2323/3444/1778 992/1451/1272 994/1448/1301
f 2415/906/835 2397/2946/2521 1397/3447/2922 1893/3446/834
f 1712/1294/1179 621/3231/2746 1200/1293/1178
f 1096/967/2923 2069/968/2924 2554/1000/2924 1123/1003/2923
f 2554/1000/2924 2069/968/2924 1097/623/2925 1124/999/2925
f 2094/3157/2693 2095/3228/2926 1976/2454/2112 1736/1280/1168
f 2070/3052/2610 689/3053/2611 2466/895/824 1950/1082/990
f 1649/3397/2871 2147/3449/2927 1061/2425/2085 1017/3399/2873
f 1397/3451/2922 2397/2946/2521 2178/1693/1504 1921/3450/1635
f 2147/3449/2927 1649/3397/2871 1067/2162/1876 995/1717/1527
f 1529/3453/2929 535/3452/2928 563/2533/2178 1564/2542/2187
f 1061/2425/2085 2147/3449/2927 2425/1762/1568 1043/1732/1541
f 2425/1762/1568 2147/3449/2927 995/1717/1527 1010/1649/1467
f 2179/3232/2747 2239/951/877 898/1040/952 956/2883/2465
f 2170/2948/2721 2159/3167/2721 1928/3164/2653 1960/2947/2653
f 1923/2183/1895 2427/3455/2931 1927/3454/2930 1026/2182/1894
f 1927/3454/2930 2427/3455/2931 1450/2345/2020 1027/2363/2033
f 1450/2345/2020 2427/3455/2931 1553/3294/2786 1031/2344/2019
f 1553/3294/2786 2427/3455/2931 1923/2183/1895 1025/2199/1906
f 1072/3459/2932 1873/3458/2933 685/3457/2933 1075/3456/2932
f 1076/3461/2934 685/3457/2933 1873/3458/2933 1074/3460/2934
f 732/3463/2226 730/3462/2935 2347/3147/2687 1901/3148/2688
f 2347/3156/2687 730/3462/2935 808/888/817 1897/3155/814
f 2206/3467/1235 2104/3466/2936 1645/3465/2936 1646/3464/1235
f 1297/3469/2504 1645/3465/2936 2104/3466/2936 2151/3468/2504
f 1277/2229/2938 1259/2230/2937 1385/1455/1306 1738/1452/1303
f 1385/1455/1306 1259/2230/2937 1216/2599/2519 1737/2106/1832
f 1062/1985/2939 2308/1986/2940 779/3414/2940 1063/3417/2939
f 779/3414/2940 2308/1986/2940 1007/1819/1609 1006/1816/1609
f 1934/2500/2152 1878/3471/2941 981/3470/2941 987/2503/2152
f 1403/3391/2866 981/3470/2941 1878/3471/2941 1957/3392/2866
f 2151/3468/2504 1812/3473/2942 1295/3472/2942 1297/3469/2504
f 1296/3475/2943 1295/3472/2942 1812/3473/2942 1813/3474/2943
f 2587/2417/2079 2216/2118/1844 2217/2119/1845 1594/2931/2944
f 1404/1128/1032 2502/1136/1040 1203/1142/1046 1079/1127/1031
f 2316/3477/2946 2318/3476/2945 988/3398/2872 1017/3399/2873
f 1520/616/595 1670/3177/2702 2158/1259/1149 1750/615/594
f 2318/3476/2945 2316/3477/2946 884/3033/2594 921/3009/2571
f 563/2533/2178 535/3452/2928 953/3478/2947 974/1842/1625
f 2330/2563/1 2265/3402/2948 1256/3479/2948 1335/2591/1
f 1336/1322/1202 1256/3479/2948 2265/3402/2948 2286/1324/1202
f 2474/1116/1022 2597/1483/2949 1875/1189/1093 1762/1186/1090
f 1561/2768/2369 2349/3145/2950 2395/1081/989 1530/1228/1121
f 1111/3480/2951 1026/2836/2424 1024/1869/1649 1070/3286/2781
f 1753/1109/1015 1816/2561/2204 2402/1827/2952 2572/1112/1018
f 2051/1826/2953 2402/1827/2952 1816/2561/2204 1778/1144/1048
f 1948/2739/2880 869/1885/2954 2448/1903/2954 1908/801/2880
f 1813/3474/2943 2017/3482/2955 1299/3481/2955 1296/3475/2943
f 1300/3484/2956 1299/3481/2955 2017/3482/2955 2063/3483/2956
f 514/2052/1788 2599/3485/2957 2548/2784/2375 1708/2239/1934
f 2548/2784/2375 2599/3485/2957 1988/1062/972 1704/2970/2539
f 2063/3483/2956 1572/3487/2958 1337/3486/2958 1300/3484/2956
f 1340/3204/2723 1337/3486/2958 1572/3487/2958 1634/3205/2723
f 2571/817/759 1262/818/760 858/2212/1915 1416/2452/2110
f 572/2438/232 2250/865/232 1651/2723/232 1653/2665/232
f 1114/3488/2959 1106/3019/2581 1110/1211/1110 1101/1208/1107
f 2448/1903/2954 869/1885/2954 1947/1882/2344 1907/1902/2344
f 1680/2628/2259 1986/2937/2512 717/3146/2960 718/3004/2564
f 704/2337/2014 717/3146/2960 1986/2937/2512 1690/1834/1619
f 913/3010/2572 2262/3489/2961 2318/3476/2945 921/3009/2571
f 2318/3476/2945 2262/3489/2961 1049/3445/1777 988/3398/2872
f 2158/1259/1149 1670/3177/2702 1659/3134/2674 1749/1258/1148
f 568/2236/1931 2156/3491/2963 935/3490/2962 872/1279/1167
f 2316/3477/2946 2287/2400/2063 914/2399/2062 884/3033/2594
f 2504/3098/2648 2508/3493/2964 936/3492/2964 1220/3099/2648
f 2287/2400/2063 2316/3477/2946 1017/3399/2873 1061/2425/2085
f 1221/3495/2965 936/3492/2964 2508/3493/2964 903/3494/2965
f 1395/3372/2853 2288/3496/2876 2424/2034/2966 1163/2035/2852
f 2424/2034/2966 2288/3496/2876 2541/2009/1754 1161/2006/1751
f 2481/2775/2909 2597/1483/2949 2474/1116/1022 1752/1113/1019
f 1250/846/775 1876/1232/1125 1830/694/662 1821/689/658
f 2544/2667/2290 743/2668/2290 934/797/742 1103/796/742
f 2217/2119/1845 2120/3497/2968 2475/2979/2967 1594/2931/2944
f 1978/3498/2629 660/3314/2801 661/799/744 1703/811/753
f 684/994/912 597/783/2969 697/791/746 1804/798/743
f 2544/3500/2971 1963/3325/2814 1132/3328/2815 1102/3499/2970
f 767/2018/1759 740/3046/2603 2450/2141/2972 2083/2019/1760
f 1131/1924/1686 1963/3325/2814 2544/3500/2971 1103/3501/2973
f 489/782/1744 597/783/2969 684/994/912 1796/991/909
f 917/2987/2551 545/3503/2974 2440/3502/2974 916/2975/2551
f 2440/3502/2974 545/3503/2974 1062/1985/2939 1063/3417/2939
f 2083/2019/2975 2450/2141/1862 906/2142/1862 2057/3504/2975
f 2395/1081/989 2349/3145/2950 1560/3057/2369 1452/1080/988
f 534/1670/1483 574/3505/2976 1046/2105/1831 1058/1430/1285
f 2342/2538/1650 2335/1472/1321 2242/1473/1321 2522/3506/1650
f 574/3505/2976 534/1670/1483 922/1676/1488 931/2316/1997
f 2021/3047/2604 2472/3508/2978 2456/3507/2977 740/3046/2603
f 927/3510/2575 2575/3509/2979 545/3503/2979 917/2987/2575
f 545/3503/2979 2575/3512/2979 1055/3511/1735 1062/1985/1735
f 2479/2304/1986 1666/2305/1986 1667/3141/2679 1515/1204/2679
f 1559/1138/2391 2463/1139/2981 2165/3513/2980 1569/1741/1550
f 1055/3407/2885 2575/3515/2983 502/3514/2982 1057/2004/1750
f 502/3514/2982 2575/3515/2983 927/3014/2577 929/3015/2578
f 903/983/901 2508/3516/2984 2570/2270/1956 1674/835/771
f 570/2176/1890 2528/2177/1891 1501/2291/1975 1449/2292/1976
f 1057/2004/1750 502/3514/2982 2377/3518/2985 1060/3517/1749
f 2377/3520/2985 502/3514/2982 929/3015/2578 920/3519/1553
f 1673/2269/1955 2570/2270/1956 2508/3516/2984 2504/3178/2703
f 903/3494/2965 794/3522/2986 2114/3521/2986 1221/3495/2965
f 1060/2023/1749 2377/3524/2985 2152/3523/2987 1064/2022/1762
f 2152/3523/2987 2377/3524/2985 920/1745/1553 915/1746/1554
f 1222/3135/2675 2114/3521/2986 794/3522/2986 2422/3138/2675
f 577/1729/1538 2115/2293/1977 1500/2394/2057 1451/1124/1028
f 1064/2022/1762 2152/3523/2987 2284/3525/2988 1069/3410/2889
f 2284/3525/2988 2152/3523/2987 915/1746/1554 918/2550/2194
f 507/3028/2589 2008/3061/2619 640/1417/2619 1514/1414/2589
f 2118/1008/923 826/1554/1390 678/2186/1391 1909/2187/962
f 1065/3412/2891 2090/3526/2989 2088/1671/1484 1166/1431/1286
f 2088/1671/1484 2090/3526/2989 930/2903/2484 1167/1677/1489
f 2539/1035/2990 2573/1093/2990 1549/1090/2886 1522/1034/2886
f 579/2395/2058 2119/2396/2059 1502/3527/2991 1414/2233/1928
f 1074/3460/2934 1818/3529/2992 582/3528/2992 1076/3461/2934
f 937/3531/1266 582/3528/2992 1818/3529/2992 933/3530/1266
f 2450/2141/2972 740/3046/2603 2456/3507/2977 2452/3532/2993
f 2452/2140/1861 2456/2252/2994 923/2253/2994 907/2143/1861
f 1053/3534/2896 588/3533/2995 2440/3502/2995 1063/3417/2896
f 2440/3502/2995 588/3536/2995 928/3535/2544 916/2975/2544
f 2165/3513/2980 2463/1139/2981 1558/2422/2570 1508/2173/1887
f 2057/3540/2975 2409/3539/2996 2081/3538/2996 2083/3537/2975
f 1069/3410/2889 2284/3525/2988 2090/3526/2989 1065/3412/2891
f 2090/3526/2989 2284/3525/2988 918/2550/2194 930/2903/2484
f 2100/1837/1622 605/2938/2513 1493/2629/2260 1687/1682/1494
f 2573/1093/2990 2539/1035/2990 1521/1077/2732 1548/1246/2732
f 2160/1110/1016 2291/1111/1017 1996/1481/2765 1760/1710/1519
f 837/2338/2015 2126/2874/2457 1354/2126/1851 1686/2124/1849
f 525/2814/2403 515/2875/2458 530/2876/2459 1388/2813/2402
f 1354/2126/1851 2126/2874/2457 839/2380/2046 1694/940/866
f 588/3542/2998 499/3541/2997 912/1937/1697 928/1938/1698
f 1492/2748/2351 2204/3213/2729 2233/3543/2999 1422/2747/2350
f 499/3541/2997 588/3542/2998 1053/3434/2914 1047/2037/1776
f 1893/3446/834 1397/3447/2922 2540/2469/3000 1924/2466/1384
f 499/3541/2997 2262/3545/2961 913/3544/2572 912/1937/1697
f 2540/2460/3000 1397/3451/2922 1921/3450/1635 1890/2459/1632
f 2262/3547/2961 499/3541/2997 1047/2037/1776 1049/3546/1777
f 2156/3491/2963 568/2236/1931 1414/2233/1928 1502/3527/2991
f 1039/1513/1356 942/2104/1830 2382/3193/2713 1122/3237/2750
f 2382/3193/2713 942/2104/1830 1046/2105/1831 1126/1117/1023
f 932/2884/2466 1824/3548/3001 2179/3232/2747 956/2883/2465
f 1964/2123/1848 945/2862/2445 2244/2863/2446 1186/2977/2832
f 736/1129/3002 2101/962/888 1083/659/633 1133/1135/1425
f 573/1574/1410 2081/3538/2996 2409/3539/2996 2319/1577/1410
f 2101/962/888 736/1129/3002 1134/1130/2137 1144/961/887
f 2361/1229/1122 2360/1071/980 2383/1072/981 1512/1860/1641
f 1020/1505/1348 1554/1506/1349 2583/3331/2818 1117/3335/2824
f 2583/3331/2818 1554/1506/1349 1039/1513/1356 1122/3237/2750
f 2179/3232/2747 1824/3548/3001 1498/2895/2475 1542/2268/1954
f 1848/1580/1413 1868/1581/1414 1364/2525/2172 1362/2323/2004
f 1046/2105/1831 574/3505/2976 2135/1103/1009 1126/1117/1023
f 2135/1103/1009 574/3505/2976 931/2316/1997 964/1102/1008
f 1051/812/232 958/800/232 1441/1613/232 584/3549/232
f 2125/3416/2895 2060/1309/1191 2016/1846/1627 1171/2950/2525
f 798/3153/2692 795/3339/3003 2203/3340/3003 2231/3154/2692
f 2093/1285/1173 626/1286/1174 2165/3513/2980 1508/2173/1887
f 2138/1553/1389 734/1973/1726 2167/3162/2697 1905/3163/1388
f 2167/3166/2697 734/1973/1726 732/2586/2226 1901/3165/2688
f 1073/3553/3004 1880/3552/3005 1014/3551/3005 1077/3550/3004
f 1014/3551/3005 1880/3552/3005 1072/3459/2932 1075/3456/2932
f 2536/1567/1403 2123/1568/1404 2568/2056/1792 1716/2053/1789
f 2568/2056/1792 2123/1568/1404 580/1569/1405 1714/747/708
f 932/2647/2274 1967/3555/3006 1305/3554/3006 935/2650/2274
f 1305/3554/3006 1967/3555/3006 1073/3553/3004 1077/3550/3004
f 2233/3543/2999 2204/3213/2729 1444/860/789 1486/2757/2359
f 1355/2202/772 969/2221/772 1417/809/772 1350/2128/772
f 1570/2848/2435 1657/2886/2468 956/2883/2465 898/1040/952
f 652/3210/2728 2037/3188/2708 2035/1999/1746 1796/991/909
f 1657/2886/2468 1570/2848/2435 1020/1505/1348 1117/3335/2824
f 2035/1999/1746 2037/3188/2708 757/2888/2470 1792/2969/2538
f 973/3390/3007 2453/3037/2596 2173/1967/1722 1389/1972/1725
f 2578/2724/2331 1532/833/769 2496/834/770 1629/1800/1598
f 2023/3107/2654 1441/1613/3009 1052/790/3008 1802/1495/1338
f 2543/3559/3010 519/3558/3011 1828/3557/3011 1938/3556/3010
f 1973/3561/3013 1668/3341/2829 1139/1838/1623 1104/3560/3012
f 584/3549/840 1441/1613/3009 2023/3107/2654 1681/3108/843
f 1132/3328/2815 1668/3341/2829 1973/3561/3013 1102/3499/2970
f 1942/3427/2906 1828/3557/3011 519/3558/3011 598/3430/2906
f 2175/1807/1603 2249/1808/1604 2274/2512/2161 1177/2511/1846
f 1866/2981/2548 1865/3240/2752 2547/3562/2882 1172/2980/2547
f 2547/3562/2882 1865/3240/2752 1859/3244/2754 1173/3272/2775
f 986/1302/1187 782/2568/2211 1927/2837/2425 1027/2870/2453
f 1169/2574/2215 862/2575/2216 2545/2849/2436 889/1041/953
f 2545/2849/2436 862/2575/2216 1170/2286/1970 1011/1504/1347
f 864/1680/1492 1869/3563/3014 618/1166/1073 622/1167/1074
f 627/1171/1078 618/1166/1073 1869/3563/3014 960/3564/3015
f 1578/923/853 1872/3059/2617 2077/3565/3016 1894/922/852
f 2077/3565/3016 1872/3059/2617 2149/3060/2618 1898/3172/2699
f 1988/1062/972 2599/3485/2957 738/1689/1500 1705/1061/971
f 738/1689/1500 2599/3485/2957 514/2052/1788 1723/1688/1499
f 688/2428/2088 558/3567/3018 848/3566/3017 1106/2427/2087
f 848/3566/3017 558/3567/3018 1059/2483/2138 1143/2485/2141
f 1059/2483/2138 558/3567/3018 1149/960/886 1144/961/887
f 1149/960/886 558/3567/3018 688/2428/2088 1078/959/885
f 1533/2714/2323 1307/3569/3020 1603/3568/3019 1100/2713/2322
f 1603/3568/3019 1307/3569/3020 1655/2440/2099 1101/2446/2105
f 1655/2440/2099 1307/3569/3020 1689/3317/2803 1105/2439/2098
f 1689/3317/2803 1307/3569/3020 1533/2714/2323 1087/2735/2340
f 842/3385/2862 1693/3571/3022 1700/3570/3021 870/3384/2861
f 1700/3570/3021 1693/3571/3022 1702/2796/2390 946/2801/2396
f 1702/2796/2390 1693/3571/3022 2400/3363/2841 999/2795/2389
f 2400/3363/2841 1693/3571/3022 842/3385/2862 877/3362/2840
f 1099/1215/1114 1745/1210/1109 1725/3572/3023 1093/678/647
f 1725/3572/3023 1745/1210/1109 1110/1211/1110 996/3573/3024
f 758/597/576 2202/598/577 1421/2881/2464 1419/2882/2213
f 2585/1856/1637 2584/1783/1585 1128/3574/3025 1938/3425/2900
f 1110/1211/1110 1765/2751/2354 1761/3575/3026 996/3573/3024
f 1761/3575/3026 1765/2751/2354 1116/2752/2355 1115/3337/2826
f 1128/3574/3025 2584/1783/1585 1877/1233/1126 1934/1230/1123
f 663/2339/2016 551/3577/3027 1264/3576/3027 1953/2342/2016
f 537/3442/2920 1779/3579/2175 887/3578/1254 895/3441/1255
f 2085/972/2373 2486/3025/3028 1319/2598/2237 1708/2239/1934
f 1779/3581/2175 537/3442/2920 1034/1154/1061 1040/3580/1075
f 590/890/819 980/891/820 1528/2914/2493 1556/2606/2241
f 868/1055/967 1984/1558/1394 1810/679/648 866/686/655
f 1810/679/648 1984/1558/1394 1099/1215/1114 1093/678/647
f 1264/3576/3027 551/3577/3027 497/3389/2863 1955/3386/2863
f 2313/2280/1966 1874/2153/1868 2192/3352/2834 2196/3582/3029
f 1118/3583/3030 939/3424/2899 1116/2752/2355 1143/2749/2352
f 2053/1252/1142 2050/1871/3031 2195/2267/1953 1783/1255/1145
f 715/682/651 713/683/652 1264/3426/2903 1955/2103/1829
f 2195/2267/1953 2050/1871/3031 2051/1826/2953 1778/1144/1048
f 529/1583/1416 2435/3584/3032 1925/3439/2919 876/3409/2888
f 1925/3436/2916 2435/3585/3033 1761/3575/3026 1115/3337/2826
f 1761/3575/3026 2435/3585/3033 553/3586/3034 996/3573/3024
f 553/3587/3035 2435/3584/3032 529/1583/1416 1029/985/903
f 771/986/904 527/3588/3036 553/3587/3035 1029/985/903
f 553/3586/3034 527/3589/3037 1725/3572/3023 996/3573/3024
f 1725/3572/3023 527/3589/3037 772/681/650 1093/678/647
f 772/677/646 527/3588/3036 771/986/904 880/676/645
f 610/3437/2917 1275/3590/3038 1382/2859/2442 876/3409/2888
f 1382/2859/2442 1275/3590/3038 621/3231/2746 1383/2861/2444
f 621/3231/2746 1275/3590/3038 1683/2314/1995 1200/1293/1178
f 1683/2314/1995 1275/3590/3038 610/3437/2917 1197/856/785
f 1685/2942/2515 1684/1295/1180 1701/3591/2678 1194/2941/2317
f 1246/3592/2677 1701/3591/2678 1684/1295/1180 1632/1296/1181
f 746/2312/1993 2329/3593/3039 1632/1296/1181 1200/1293/1178
f 1712/1294/1179 1684/1295/1180 1685/2942/2515 1190/771/726
f 1098/1260/2108 1731/1261/3040 1248/3245/3040 1125/2449/2108
f 1248/3245/3040 1731/1261/3040 1096/967/2923 1123/1003/2923
f 1728/863/792 1976/2454/2112 2095/3228/2926 2198/866/795
f 1148/3334/2823 2120/3497/2968 2125/3594/2895 1171/3423/2525
f 1097/623/2925 1756/624/3041 1607/3315/3041 1124/999/2925
f 1607/3315/3041 1756/624/3041 952/635/2874 965/3110/2874
f 2125/3594/2895 2120/3497/2968 2217/2119/1845 1586/2116/1842
f 2207/877/806 1413/878/807 973/3390/3007 1389/1972/1725
f 1774/3262/2768 814/3263/2768 547/3312/2798 1104/3309/2798
f 1052/790/3008 1048/784/3042 2137/1498/1341 1802/1495/1338
f 1938/3556/3010 1128/2501/2153 1468/2502/2153 2543/3559/3010
f 2137/1498/1341 1048/784/3042 1050/785/1006 1807/1098/1003
f 1393/2248/1939 872/1279/1167 892/1276/1164 959/3595/3043
f 652/3210/2728 651/3596/3044 2604/1494/1337 1808/1491/1334
f 1848/1580/1413 1362/2323/2004 1677/1911/1676 1368/914/844
f 1632/1296/1181 2329/3593/3039 2212/3597/2712 1246/3592/2677
f 2604/1494/1337 651/3596/3044 659/992/910 1801/2504/2154
f 659/992/910 651/3596/3044 652/3210/2728 1796/991/909
f 603/1908/1674 824/1373/1246 1368/914/844 1677/1911/1676
f 2212/3023/2586 2329/3598/3045 2497/1201/1103 1348/1198/1100
f 953/3478/2947 1774/3599/3046 2391/1839/1624 974/1842/1625
f 2391/1839/1624 1774/3599/3046 1104/3560/3012 1139/1838/1623
f 824/1373/1246 603/1908/1674 1676/1692/1503 1611/1374/1247
f 2497/1201/1103 2329/3598/3045 746/3217/2737 1347/1534/1373
f 1718/2309/1989 1319/2598/2237 2486/3025/3028 2531/3045/2606
f 2524/1456/1307 2132/1457/1308 2325/3428/3047 1946/2365/2035
f 2325/3428/3047 2132/1457/1308 2297/2100/1827 1942/3427/2426
f 2165/3513/2980 626/1286/1174 2191/1392/1259 1569/1741/1550
f 1918/3233/2748 1292/2374/2043 836/2375/2043 2464/3236/2748
f 1375/1978/1731 1669/2991/2555 2356/2255/1944 1744/1977/1730
f 2233/3543/2999 2259/2867/2450 1437/2868/2451 1422/2747/2350
f 1279/1866/2332 1276/2144/3048 1280/1453/1304 1732/1073/982
f 1280/1453/1304 1276/2144/3048 1277/2229/2938 1738/1452/1303
f 1564/2542/2187 733/2792/2385 2314/2793/2386 1529/3453/2929
f 2259/2867/2450 2233/3543/2999 1486/2757/2359 1470/2754/2356
f 2495/3230/2745 2117/3600/3049 2438/3058/3049 1903/2778/2745
f 2438/3058/3049 2117/3600/3049 851/3183/2706 1904/2771/2706
f 1477/2414/2076 2029/2138/1859 909/2139/1860 1797/2918/2497
f 2384/1070/979 2264/997/915 2266/1737/1546 1458/1069/978
f 851/2156/1871 2117/2402/2065 1870/2403/2065 1910/2157/1871
f 986/1302/1187 575/1278/1166 1305/3601/3050 1077/2585/2225
f 1305/3601/3050 575/1278/1166 872/1279/1167 935/3490/2962
f 808/888/817 730/3462/2935 2213/3174/2701 2149/3060/2618
f 2215/3176/1057 2213/3174/2701 730/3462/2935 732/3463/2226
f 968/1920/818 1233/1921/1683 593/3603/3051 978/3602/821
f 1103/3501/2973 593/3603/3051 1233/1921/1683 1131/1924/1686
f 1671/2332/2011 2064/1132/1036 2433/1133/1037 2434/3124/2668
f 2522/832/768 2242/3218/2738 615/1797/1595 1628/831/767
f 1260/947/872 1258/3604/3052 1261/2047/1783 881/946/232
f 1261/2047/1783 1258/3604/3052 1273/1763/1569 1176/1650/1468
f 1273/1763/1569 1258/3604/3052 1274/1734/1543 1168/1735/1544
f 1274/1734/1543 1258/3604/3052 1260/947/872 1180/1158/1065
f 960/3608/3015 1869/3607/3014 1278/3606/3054 1287/3605/3053
f 1287/3605/3053 1278/3606/3054 1289/1584/1417 1081/1588/1421
f 1289/1584/1417 1278/3606/3054 1290/610/589 1082/607/586
f 1290/610/589 1278/3606/3054 1869/3607/3014 864/1157/1064
f 1342/3610/3056 1341/3609/3055 966/1915/1680 1777/1268/1154
f 966/1915/1680 1341/3609/3055 1339/3225/2743 1780/1564/1400
f 1297/2017/1758 1295/3611/3057 1298/2678/3057 1090/2016/1758
f 1298/2678/3057 1295/3611/3057 1296/3612/3058 1089/2683/3058
f 940/1350/1226 2071/3613/3059 813/2616/2247 596/1353/1229
f 2475/2979/2967 2120/3497/2968 1148/3334/2823 1187/2978/2820
f 1296/3612/3058 1299/3614/3060 1317/3102/3060 1089/2683/3058
f 1317/3102/3060 1299/3614/3060 1300/3615/3061 1091/3202/3061
f 2385/1269/1155 1357/1814/1607 1342/3610/3056 1777/1268/1154
f 1534/2615/2246 813/2616/2247 2071/3613/3059 947/3616/3062
f 1300/3615/3061 1337/3617/3063 1356/3351/3063 1091/3202/3061
f 1356/3351/3063 1337/3617/3063 1340/2042/1780 944/2041/1780
f 874/2175/1889 670/1775/1578 582/1776/1579 937/2174/1888

